N,P,K,temperature,humidity,ph,rainfall,soil_type,season_duration,label
60.95209531999608,34.905764429857115,86.21371496465025,20.29339387847728,78.03174837638198,6.407387160614332,997.273607466565,Loam,135,sweet potato
25.0,68.0,77.0,20.09340593,15.11279612,7.701446446,857.4904898,Clay Loam,100,chickpea
95.0,88.0,52.0,28.00316034,78.90085998,6.235461772,946.8180316,Loam,293,banana
85.0,52.0,45.0,26.31355498,82.36698992,7.224285503,2655.355937,Clay Loam,173,rice
27.0,120.0,200.0,21.45278675,90.74531921,6.110218826,1167.036582,Sandy Loam,188,apple
86.0,45.5,70.0,22.7,65.3,5.9,1020.0,Silty Loam,120,passionfruit
31.0,11.0,45.0,24.83954414,86.88738076,6.034612928,1076.435771,Sandy Loam,215,pomegranate
75.0,25.0,19.0,23.2,73.0,6.04,546.0,Silty Clay,225,Beans
47.0,16.0,51.0,26.6,64.0,5.86,394.0,Sandy Loam,104,Maize
59.0,62.0,52.0,43.67549305,93.10887229,6.608667684,1038.235658,Red Volcanic,209,papaya
61.0,44.0,17.0,26.10018422,71.57476937,6.931756558,1022.662445,Silty Loam,115,maize
60.0,8.0,112.0,24.1,62.0,6.93,714.0,Sandy Loam,187,Cassava
24.3,60.1,65.9,19.4,64.0,6.5,445.0,Sandy Loam,66,beans
254.7,72.3,311.8,28.4,77.1,5.3,1289.0,Loam,120,pineapple
22.0,36.0,16.0,30.58139475,50.77148138,8.18422855,645.8559639,Loam,80,mothbeans
98.0,58.0,82.0,26.4,72.5,6.2,1120.0,Loam,120,passionfruit
92.7,54.3,78.9,15.8,64.2,6.4,392.0,Silty Loam,120,onions
52.4167800756376,32.0329800010701,71.38202256707912,23.23393585021887,66.64958865470274,6.106992740323965,1523.1994522237778,Clay,605,avocado
93.0,49.0,16.0,17.1,62.0,6.59,633.0,Silty Clay,159,Wheat
58.0,35.0,53.0,22.6,59.0,6.25,226.0,Loam,189,Beans
57.0,64.0,55.0,26.68386496,92.9585411,6.583760499,625.0689682,Sandy Loam,197,papaya
76.0,11.0,81.0,15.9,71.0,7.17,511.0,Loam,182,Wheat
35.17156750735491,55.25019295354594,81.33499186760284,21.875160792846383,73.7068328825859,5.5119080525408215,1195.1131038926012,Sandy Loam,115,sweet potato
63.0,47.0,40.0,26.1,69.0,5.61,837.0,Sandy Loam,189,Maize
93.42110520421022,56.96866480166206,56.30606048916589,17.02328037402229,60.92697796207638,7.31728323488849,840.4166161766094,Clay,85,kale
59.0,12.0,35.0,22.0,57.0,6.85,886.0,Silty Clay,195,Tomato
37.0,137.0,199.0,22.63946441,90.18451645,5.697945522,1083.405879,Sandy Loam,186,apple
60.84632192070061,42.276705276975065,105.17674430864889,13.782135764770482,85.88346354828421,5.268754458601184,1344.8676645015692,Clay,123,potato
110.0,13.0,48.0,19.7,70.0,6.27,690.0,Silty Clay,135,Wheat
36.0,19.0,42.0,25.9,31.0,7.64,493.0,Silty Loam,140,Sorghum
28.0,23.0,28.0,30.01821337,50.0983181,5.676032581,960.8745082,Sandy Loam,182,mango
68.4,38.6,105.2,17.5,61.8,5.9,770.0,Silty Loam,120,ribena
77.80980052695402,57.27741133866892,86.34750732809911,12.019377047803093,80.4423343629818,5.846949706009874,1382.3624374048923,Loam,101,potato
66.0,53.0,41.0,25.0756354,80.52389148,7.778915154,2570.038865,Clay Loam,171,rice
113.0,20.0,48.0,27.46583649,94.87679041,6.440584681,272.7899847,Sandy Loam,89,muskmelon
40.0,5.0,29.0,28.48444906,97.76865458,5.820978791,1603.89421,Coastal Sandy,365,coconut
90.4,57.0,99.3,18.9,74.3,5.5,600.0,Silty Loam,120,ribena
28.0,74.0,81.0,18.01272266,18.30968112,8.753795334,819.8568791,Sandy Loam,99,chickpea
80.2,51.6,102.4,19.3,74.1,6.2,760.0,Loam,120,ribena
92.0,54.0,70.0,15.8,60.5,6.6,370.0,Sandy Loam,120,onions
145.0,88.0,149.0,19.2,72.5,6.9,585.0,Loam,120,cabbage
33.0,21.0,55.0,31.6,45.0,5.66,544.0,Loam,188,Sorghum
39.0,15.0,65.0,32.4,30.0,7.66,232.0,Clay,222,Sorghum
101.0,33.0,33.0,26.97251562,62.0183627,6.908671379,1428.610793,Red Volcanic,227,coffee
103.0,54.0,79.0,22.8,86.0,6.28,677.0,Sandy Loam,218,Maize
56.0,58.0,49.0,37.13165026,94.60761797,6.69215564,1724.788062,Loam,229,papaya
126.0,64.0,68.0,21.4,68.0,5.5,2055.0,Sandy Loam,169,Tea
37.0,4.0,61.0,29.2,79.0,6.53,1115.0,Loam,184,Cassava
61.0,46.0,17.0,26.6,57.0,7.45,747.0,Loam,230,Beans
76.0,14.0,13.0,26.5,46.0,6.19,699.0,Loam,201,Beans
65.2452112804264,35.77993845040904,51.45435284264944,17.068419437612093,83.89139927055675,5.0546624077671485,1461.5515734935293,Loam,1408,macadamia
90.46784651412298,46.52476823800265,44.473886124031765,24.211298548130184,68.98079135029832,7.319432031438808,1100.8108606851536,Loam,72,kale
94.0,70.0,48.0,25.13686519,84.88394407,6.195152442,914.6442491,Clay Loam,292,banana
90.0,50.0,44.0,26.91643698,73.48655995,6.253408852,1714.716375,Silty Clay,162,jute
100.0,14.0,49.0,29.48882958,91.07574233,6.365956658,260.1909355,Loam,89,muskmelon
123.0,20.0,60.0,29.8,89.0,5.61,666.0,Silty Loam,187,Tomato
63.0,14.0,16.0,22.3,57.0,7.52,387.0,Sandy Loam,209,Sorghum
85.0,9.0,53.0,28.20619412,92.86798698,6.447662945,287.8654515,Sandy Loam,89,muskmelon
112.3,65.0,171.4,21.9,65.2,6.4,756.0,Sandy Loam,120,tomato
40.1599395898608,25.1647930813917,32.356997276019975,28.037454543511984,50.307387484548855,7.019314419143573,465.9885082890905,Sandy Loam,103,millet
101.0,10.0,47.0,25.5421695,83.31883376,6.936997681,575.7343233,Loam,88,watermelon
50.0,58.0,23.0,27.81326852,62.50460464,7.596802025,697.5555541,Loam,79,blackgram
26.0,17.0,32.0,20.2,74.0,5.65,641.0,Silty Clay,158,Beans
68.86327200664839,49.62016776289924,65.7018537950091,17.651410625288996,73.6297781727498,6.177785028655775,855.9030468777905,Sandy Loam,82,kale
64.5357043143374,45.09191117297708,70.47192304468673,18.331646688645883,83.56875687003145,6.819784866880774,1185.261931741162,Sandy Loam,519,avocado
39.143764504318156,31.461607645851366,66.16017215356926,28.3818256564818,69.27782653855337,5.9416012581811115,1045.0626439098223,Sandy Loam,925,cashew
86.83894082247788,56.32613056130771,71.5182611753181,18.341776482978897,83.86896745355047,5.452216970892174,1862.9536096677878,Loam,1717,macadamia
78.0,27.0,38.0,22.4,63.0,6.1,559.0,Loam,143,Maize
122.0,48.0,16.0,24.65425757,75.6350708,6.307585854,618.2980133,Black Cotton,165,cotton
57.26528212883852,20.2900409425281,69.06748089578115,24.30192293352695,78.87151760397052,6.968233419178647,956.2234796760237,Sandy Loam,973,cashew
4.0,59.0,19.0,26.25070298,67.62779652,7.621494566,408.106299,Clay Loam,103,lentil
41.16833491613816,25.154521110027304,58.00564718903594,28.824082735558484,70.43267767426518,7.305813915232722,796.2280995635418,Loam,877,cashew
119.51388839269376,54.678038879699066,56.814259936066485,22.093430761006267,71.74067134921661,6.047114471917441,917.3208385513701,Loam,76,kale
30.0,30.0,35.0,25.00872392,95.59224018,6.001936419,1658.092179,Coastal Sandy,365,coconut
90.0,16.0,45.0,24.92093261,80.61750795,6.291540278,505.5710813,Loam,88,watermelon
309.2,66.7,359.8,27.4,77.1,5.3,1255.0,Loam,120,pineapple
23.0,6.0,33.0,29.18032562,92.73041222,6.025789594,2049.603677,Coastal Sandy,365,coconut
103.0,27.0,31.0,27.15998538,51.59100753,6.691541233,1261.752206,Red Volcanic,222,coffee
12.0,19.0,31.0,27.25373364,52.66319725,5.566704378,918.7312479,Loam,180,mango
68.4369716357792,68.03524813930656,128.1855967617462,13.786206245754972,73.50901322013942,5.688294134475539,906.593023672703,Loam,108,potato
28.0,34.0,37.0,28.5,62.0,6.02,504.0,Loam,193,Sorghum
96.8,65.4,88.2,18.5,65.1,6.7,420.0,Loam,120,onions
36.0,25.0,33.0,27.98392787,53.33018851,5.548584852,996.1465679,Loam,183,mango
56.97875750463624,39.69368974609873,35.307047384219175,24.358338919945396,43.67250396680998,6.854203182268135,579.2536554787239,Loam,97,millet
60.0,47.0,38.0,9.7,42.0,8.0,748.0,Clay,145,Wheat
31.0,78.0,76.0,17.57212145,14.99927489,8.519975748,893.1050665,Loam,98,chickpea
24.0,63.0,19.0,19.3479443,55.96805489,4.681576043,1945.921148,Loam,158,pigeonpeas
66.0,72.0,51.0,21.0,84.0,5.58,840.0,Clay,214,Tomato
85.92604435628876,67.89609264334482,60.83128681726435,24.160423238838128,87.3689188896629,5.654722565787476,1888.581150230823,Loam,1575,macadamia
16.0,8.0,9.0,24.60297538,91.28408653,7.601189843,1112.948115,Loam,217,orange
83.0,21.0,28.0,25.5674832,60.49244602,7.466900683,1902.257843,Loam,243,coffee
26.0,15.0,6.0,17.22034507,94.78797376,6.912033409,1080.054343,Red Volcanic,216,orange
9.0,77.0,17.0,21.65845777,63.58337146,6.280725549,380.7659414,Loam,100,lentil
3.0,136.0,205.0,17.5862944,80.84806564,6.334771461,714.065452,Red Volcanic,158,grapes
69.60511245987715,61.975086328035786,48.7558064971502,17.320753078706264,84.606023347059,6.414825307226603,1562.6465130854872,Clay,1788,macadamia
49.70398642315602,26.404175037698245,37.71026294829876,28.438391730740776,62.9254077701478,6.137366080819171,633.6955254335048,Sandy Loam,103,millet
72.18362282400773,62.85832217644258,98.36276658215992,10.653335965590621,82.58138412255173,5.587339443443309,995.510766239025,Loam,99,potato
26.0,15.0,62.0,27.1,90.0,6.8,1184.0,Silty Loam,208,Cassava
20.0,41.0,20.0,29.27308605,89.4875022,7.073048264,509.246554,Loam,69,mungbean
40.69896917136052,45.36373607141134,74.37973293233767,17.34786138630786,66.97495493229772,6.819379385100604,1157.929490208826,Clay,449,avocado
108.0,62.1,92.3,27.1,68.9,6.8,980.0,Silty Loam,120,passionfruit
102.5,56.8,92.4,16.8,72.3,5.6,610.0,Sandy Loam,120,ribena
260.0,70.0,410.0,29.5,79.1,5.4,980.0,Red Volcanic,120,pineapple
31.0,37.0,106.0,26.3,70.0,4.4,1415.0,Silty Loam,106,Cassava
69.0,60.0,54.0,36.32268069,93.06134398,6.98992719,1411.736926,Red Volcanic,220,papaya
61.0,41.0,17.0,25.1420613,65.26185135,6.021902237,766.8456006,Silty Loam,109,maize
103.0,22.0,20.0,17.5,58.0,5.36,369.0,Loam,188,Tomato
5.0,62.0,23.0,27.9348279,66.45457122,4.722222454,1453.728801,Loam,149,pigeonpeas
2.0,28.0,24.0,27.0,43.0,5.93,481.0,Silty Loam,234,Sorghum
45.01413988890767,42.12526660317136,61.95563223666796,22.828755472892208,68.65716095326569,5.793473836736894,1343.6577681040214,Loam,682,avocado
20.0,29.0,27.0,25.09897688,92.36099489,6.047044342,1577.592626,Coastal Sandy,365,coconut
80.21007232642768,37.228266997087474,56.355748972959134,22.809947558709673,81.03384143492148,6.34597809896261,1789.541597549035,Loam,1498,macadamia
39.0,9.0,15.0,25.35467646,91.81183218,7.992041984,1167.555937,Red Volcanic,218,orange
62.0,35.0,90.0,16.1,65.0,5.6,640.0,Sandy Loam,120,ribena
23.0,75.0,17.0,24.87425505,64.00213929,7.198076286,482.8137482,Sandy Loam,102,lentil
111.0,88.0,55.0,29.44795403,78.34971537,5.505393833,964.5042585,Loam,294,banana
38.93542931058161,23.71147769328692,20.67746336421626,24.667404358990233,54.58813003205556,6.987593193339169,500.10613201807655,Sandy Loam,115,millet
94.0,39.0,18.0,23.89114571,57.48775781,5.893093135,1028.301942,Silty Loam,115,maize
95.0,58.0,72.5,16.4,63.1,6.8,410.0,Sandy Loam,120,onions
15.0,14.0,8.0,10.01081312,90.22399223,6.22094286,1193.941064,Loam,219,orange
40.0,16.0,35.0,31.89356292,49.02450149,6.4841522,895.9371481,Red Volcanic,179,mango
49.0,61.0,45.0,32.76795887,94.57377401,6.764213299,2404.795923,Red Volcanic,248,papaya
77.0,38.0,36.0,21.8652524,80.1923008,5.953933276,2245.550169,Silty Clay,164,rice
110.2,58.7,168.4,22.1,63.5,6.3,715.0,Sandy Loam,120,tomato
51.0,26.0,26.0,26.7,48.0,5.49,534.0,Sandy Loam,143,Sorghum
70.67945812513292,68.82344290695559,79.68277916519298,20.95404621830906,75.88275399873214,5.161907582028645,1989.1504237220458,Clay,1783,macadamia
38.0,36.0,30.0,22.4,97.0,5.42,401.0,Loam,169,Beans
18.0,9.0,40.0,19.44623085,89.02127045,5.627186257,1061.606833,Red Volcanic,215,pomegranate
106.7,65.2,107.9,15.5,62.8,6.4,405.6,Loam,120,cabbage
107.2,64.3,103.9,15.5,61.8,6.4,420.0,Clay Loam,120,cabbage
107.0,42.0,24.0,22.04612876,84.62978302,6.144631795,860.0758678,Black Cotton,171,cotton
27.0,23.0,99.0,28.4,70.0,5.53,1054.0,Silty Loam,153,Cassava
32.0,18.0,13.0,13.8377282,91.74780462,6.044167236,1079.873218,Sandy Loam,215,orange
42.0,79.0,85.0,17.22385224,15.82069268,6.129533877,765.7580954,Sandy Loam,98,chickpea
49.0,68.0,22.0,28.56840626,61.53278622,7.127064207,634.9726331,Sandy Loam,79,blackgram
47.0,79.0,78.0,17.48395377,14.76014523,6.609696734,651.1365631,Clay Loam,98,chickpea
34.0,65.0,47.0,23.48546973,93.71043692,6.833768535,1917.760562,Loam,234,papaya
6.0,7.0,7.0,27.68167318,94.47316879,7.199106204,1139.995146,Sandy Loam,217,orange
57.0,51.0,64.0,23.8,87.0,5.63,877.0,Sandy Loam,148,Maize
112.7,57.2,165.8,21.9,63.5,6.1,640.0,Clay Loam,120,tomato
99.0,39.0,18.0,19.20129357,68.30578978,6.11275104,878.5092352,Sandy Loam,111,maize
35.15853550430642,49.169902293262965,78.36766434893012,26.523647249804597,61.618177739034515,6.235532901470958,818.7440877902237,Loam,98,sweet potato
117.0,79.0,49.0,25.40909896,82.36208097,6.176644228,1129.794804,Clay Loam,298,banana
22.9,52.4,50.6,18.7,63.5,6.9,420.0,Loam,66,beans
13.0,132.0,203.0,23.60115364,82.48336987,6.423216506,732.3901752,Sandy Loam,161,grapes
35.0,63.0,76.0,17.81564548,17.60756635,7.714153038,908.2097601,Sandy Loam,98,chickpea
30.0,19.0,55.0,26.6,78.0,5.23,1329.0,Sandy Loam,170,Cassava
35.0,66.0,81.0,19.37101121,15.77458129,6.138243973,852.4819851,Sandy Loam,99,chickpea
198.9,58.2,214.7,23.8,68.9,4.9,980.0,Sandy Loam,120,pineapple
107.0,11.0,57.0,26.3,48.0,5.25,512.0,Clay,181,Maize
74.0,47.0,73.0,26.8,63.0,6.93,308.0,Clay,186,Maize
55.78139294784276,30.993831481723927,50.901856764071276,20.5782618460803,78.92244877541711,6.3791449643204885,1425.4238705504254,Clay,91,sweet potato
0.0,21.0,32.0,35.89855625,54.25964196,6.430139436,921.9721736,Loam,180,mango
81.0,25.0,49.0,29.86895762,93.25103208,6.076459669,262.6243014,Sandy Loam,89,muskmelon
10.0,56.0,18.0,27.99627907,68.6428593,7.32710972,461.0585191,Clay Loam,103,lentil
129.0,43.0,16.0,25.5503704,77.85055621,6.73210948,785.8488484,Loam,169,cotton
88.0,45.0,70.0,22.5,75.2,5.9,910.0,Sandy Loam,120,passionfruit
94.0,91.0,51.0,29.16093424,76.67484233,5.618094446,1095.75944,Loam,297,banana
80.68974396494755,67.8790971550902,55.942330706501664,22.947007398209692,80.00650438119143,7.447532437364739,709.6063995138438,Loam,81,kale
92.0,21.0,48.0,25.81692236,82.043255,6.377427122,548.2963379,Loam,88,watermelon
56.0,29.0,35.0,21.9,76.0,5.35,630.0,Loam,182,Beans
105.0,30.0,50.0,25.29954705,81.77527562,6.37620108,570.4147057,Sandy Loam,88,watermelon
22.061211143524453,23.198393848422032,24.813879302800924,28.18148958843695,64.16295131927387,7.111728398281752,388.44045369251734,Sandy Loam,104,millet
48.0,41.0,103.0,25.3,74.0,5.68,644.0,Sandy Loam,220,Cassava
57.0,28.0,37.0,16.8,46.0,7.35,679.0,Sandy Loam,202,Wheat
70.0,14.0,30.0,12.9,54.0,7.32,800.0,Loam,227,Wheat
75.0,59.0,45.0,22.0,68.0,6.99,978.0,Loam,147,Tomato
35.0,32.0,38.0,20.5,92.0,6.31,648.0,Loam,220,Beans
39.0,36.0,40.0,33.6,50.0,7.86,68.0,Sandy Loam,201,Sorghum
40.0,52.0,52.0,14.7,55.0,6.62,602.0,Loam,185,Wheat
101.0,17.0,47.0,29.49401389,94.72981338,6.185053234,263.0820876,Loam,89,muskmelon
60.0,51.0,36.0,22.69657794,82.81088865,6.028321558,2569.964761,Clay Loam,171,rice
78.9,29.8,101.5,15.8,64.9,5.9,710.0,Loam,120,ribena
98.52083989523719,37.587613818343854,66.37084885744721,24.10305355698443,69.964880262847,6.895829419376819,794.113768055084,Clay,79,kale
58.595971730819315,42.32530737224555,55.15613120830065,24.2140703773608,79.16581138520972,6.127838243134665,1333.207651934988,Clay,1301,macadamia
57.97001447516838,42.111422907926446,33.08681237101117,34.50746398610018,42.81517265658893,6.018605525123827,535.0917631521806,Loam,85,millet
79.0,22.0,35.0,12.2,58.0,6.08,768.0,Silty Clay,191,Wheat
15.0,11.0,38.0,23.12808226,92.68328358,6.630646083,1093.930157,Loam,216,pomegranate
19.0,53.0,22.0,27.8640132,80.4513142,6.852884643,428.3053902,Silty Loam,69,mungbean
73.85419941170193,64.93116232281896,78.9029159706295,19.19946848515044,83.8095658580056,5.482984235814741,1382.0767979129614,Loam,124,potato
130.2,88.5,135.0,15.9,78.0,6.2,510.0,Loam,120,cabbage
105.0,93.0,46.0,25.01018457,78.76260938,5.760457558,1083.690513,Red Volcanic,297,banana
50.0,60.0,47.0,32.57720726,92.74889453,6.92791761,937.942847,Sandy Loam,206,papaya
127.0,37.0,18.0,24.87663664,76.30050373,7.041065585,919.223468,Clay Loam,172,cotton
72.1,39.5,92.0,16.8,63.4,6.2,810.0,Silty Loam,120,ribena
107.0,33.0,43.0,27.5,75.0,5.86,320.0,Loam,208,Tomato
79.44185275727297,57.09451239161021,77.96890001150771,20.825696450343578,77.00758253276334,6.505803215053675,1121.847945486086,Loam,477,avocado
32.0,12.0,30.0,25.39241091,98.08951196,5.579845008,2180.80385,Sandy Loam,365,coconut
9.0,48.0,20.0,29.66461594,84.28187572,6.377568542,560.9542002,Sandy Loam,69,mungbean
75.34200370300897,46.34846462819981,84.34156769661689,20.574804964201416,89.55441186220845,5.558687270167345,1828.6035361758165,Loam,1187,macadamia
70.0,43.0,40.0,24.35564134,88.80391021,6.176860192,1691.168028,Clay Loam,162,jute
84.0,35.0,37.0,27.3,72.0,7.09,704.0,Silty Clay,165,Maize
15.0,54.0,15.0,29.97604322,57.03184356,8.35495812,448.6052932,Loam,79,mothbeans
85.0,25.0,47.0,26.11440416,87.64081095,6.29542477,584.8160844,Loam,88,watermelon
90.0,23.0,54.0,28.55852465,90.45773041,6.159020864,272.6588346,Sandy Loam,89,muskmelon
9.0,51.0,19.0,27.04453473,49.32609633,5.49091063,482.5207759,Loam,79,mothbeans
180.0,52.0,240.0,23.7,66.5,5.0,1050.0,Sandy Loam,120,pineapple
9.0,49.0,16.0,30.88482722,41.36561835,7.661537348,550.53805,Loam,80,mothbeans
12.0,66.0,20.0,27.41434987,63.41785982,7.336117221,444.3177543,Loam,103,lentil
89.0,53.0,44.0,24.88692811,71.91711523,7.319735475,1502.498675,Clay Loam,157,jute
82.12896385980108,43.957239611898366,42.61729136330104,15.288650196430833,83.10945885852216,6.480304362834684,619.1780696226089,Sandy Loam,70,kale
111.0,26.0,29.0,22.6,78.0,5.81,2203.0,Silty Clay,129,Tea
52.0,19.0,38.0,24.9,76.0,7.01,1043.0,Clay,210,Cassava
32.0,45.0,29.0,22.3,65.0,7.12,531.0,Sandy Loam,220,Beans
103.0,17.0,51.0,25.11189154,80.02621335,6.209888345,442.0656987,Loam,88,watermelon
31.2,58.0,72.0,22.1,71.0,6.5,520.0,Clay Loam,67,beans
106.0,49.0,24.0,23.03887865,76.47039772,6.983395573,906.4770699,Black Cotton,172,cotton
47.028046740985175,29.961758087375593,72.19743114624298,21.63880023787591,67.67227602198669,5.783178932750478,916.0782541758555,Sandy Loam,122,sweet potato
14.0,36.0,97.0,29.7,63.0,5.04,1304.0,Sandy Loam,148,Cassava
107.43039764202493,49.741867091074894,112.69629405665319,19.771304125588852,78.08874867541306,5.933394308349245,926.4944589052269,Loam,125,potato
37.76634946078393,27.357979017864444,67.14287896500505,25.442287761113214,80.82446346453423,7.384495794447664,823.1113441504658,Sand,853,cashew
113.0,30.0,50.0,26.03967219,83.9862443,6.277484043,438.7712348,Loam,88,watermelon
88.0,55.0,78.0,25.0,65.7,6.0,890.0,Clay Loam,120,passionfruit
21.0,63.0,22.0,25.09737391,67.72837887,6.859409487,746.1649888,Clay Loam,78,blackgram
69.19469127310468,53.06327567857723,89.26586763281544,12.973822807915742,89.28308285807051,5.793829259743455,1015.1945836058667,Loam,111,potato
58.0,63.0,81.0,19.81344531,14.69765308,6.515499549,789.6514709,Clay Loam,99,chickpea
18.0,125.0,204.0,22.35548159,94.47811755,6.046673619,1167.366261,Sandy Loam,188,apple
128.5,68.2,210.7,23.4,72.1,6.5,820.0,Loam,120,tomato
89.0,45.0,36.0,21.32504158,80.47476396,6.442475375,1854.974732,Clay Loam,157,rice
65.90021335700474,42.79612823412978,76.30291601239237,23.121772725072187,75.89509131464999,6.494813845589713,889.5034279920374,Sandy Loam,123,sweet potato
35.06349504442176,52.23921618308603,61.57885771208044,22.224902589727783,69.78235064796036,5.6206360943702425,1171.0251902955224,Clay,131,sweet potato
210.4,58.3,240.9,24.6,69.4,4.9,1420.0,Red Volcanic,120,pineapple
115.6,70.1,108.6,16.2,63.2,6.3,430.0,Silty Loam,120,cabbage
24.0,80.0,19.0,29.67892453,69.0854554,6.808041722,656.6436565,Clay Loam,79,blackgram
104.0,43.0,62.0,27.4,57.0,6.69,778.0,Loam,207,Tomato
25.0,143.0,200.0,23.80436344,92.80441624,6.024248787,1006.192543,Silty Loam,183,apple
83.0,50.0,84.0,18.9,92.0,4.77,2803.0,Loam,163,Tea
29.0,45.0,25.0,20.7,68.0,6.42,832.0,Loam,159,Wheat
71.0,52.0,18.0,25.10787449,55.97732754,5.790770203,781.6077693,Loam,109,maize
100.0,76.0,45.0,25.56703012,75.94067692,5.590236025,1027.867717,Loam,295,banana
103.07490074540945,77.55424612124317,126.33350148574647,11.197830697415988,80.83505970414868,5.798443356361277,1058.8789298741983,Clay,102,potato
0.0,70.0,21.0,36.30049702,56.03021253,4.672437054,1016.073988,Red Volcanic,140,pigeonpeas
57.154939343411414,29.988881872040267,61.334966142834475,25.429818535528383,70.45031071511255,7.064417114172405,642.307192695051,Loam,879,cashew
15.0,22.0,113.0,22.4,91.0,7.16,1317.0,Sandy Loam,257,Cassava
2.0,78.0,23.0,21.31852148,66.43934593,7.320514721,454.2616802,Sandy Loam,100,lentil
4.0,43.0,18.0,29.02955344,61.09387478,8.840656256,729.8016599,Loam,79,mothbeans
74.0,55.0,55.0,14.7,48.0,6.7,663.0,Loam,172,Wheat
36.0,68.0,20.0,17.06104474,23.77201471,5.86442953,818.3420522,Loam,78,kidneybeans
39.0,65.0,23.0,25.43459777,69.12613376,7.685959305,410.2682925,Clay Loam,102,lentil
59.0,69.0,80.0,19.07937684,17.86754927,8.165359297,694.0619137,Clay Loam,99,chickpea
27.8,59.6,58.9,21.0,65.8,6.6,480.0,Sandy Loam,67,beans
93.0,20.0,50.0,29.93061247,93.22980899,6.448792689,243.4814338,Sandy Loam,89,muskmelon
31.05485708889356,26.42848834733151,48.44611559562005,25.19311939658897,65.12682514516275,6.786494349420986,612.7903320413141,Sandy Loam,766,cashew
47.597132555437454,44.94981888362129,48.6425002806417,27.25361683450133,47.7386322720782,7.216404044183372,543.8838688441043,Sandy Loam,89,millet
40.0,132.0,202.0,24.57558351,80.70695797,5.971813006,697.06113,Red Volcanic,162,grapes
90.0,12.0,72.0,13.6,49.0,7.07,292.0,Sandy Loam,192,Wheat
90.49845419697124,52.61113880992633,77.33946367268706,10.422522080033751,78.12355284718025,5.08225942048092,1029.6762727156827,Sandy Loam,110,potato
69.0,36.0,6.0,11.1,59.0,6.86,396.0,Loam,189,Wheat
73.0,28.0,60.0,22.7,80.0,5.89,696.0,Sandy Loam,227,Maize
71.06886956158647,56.585645509072016,71.46175512573902,22.45105344536691,63.61234573543938,6.658281045923181,690.5567232323835,Loam,87,kale
76.0,44.0,17.0,20.41683147,62.5542482,5.855442401,652.7798457,Loam,106,maize
5.0,59.0,15.0,18.87492997,20.18238348,5.97229163,1341.811718,Silty Loam,79,kidneybeans
36.0,57.0,16.0,28.61409059,57.14218792,8.292875734,570.2891698,Sandy Loam,79,mothbeans
65.97596964662395,50.674642133881754,95.2186627400922,24.363392676044533,78.90614566195033,5.700392277827649,1381.9299035272718,Loam,111,sweet potato
98.0,22.0,47.0,29.07265321,91.91533173,6.341400922,288.3568362,Sandy Loam,89,muskmelon
63.0,43.0,17.0,19.28889933,65.47050802,6.807487794,713.195307,Loam,107,maize
45.0,2.0,8.0,25.9,70.0,4.87,1036.0,Silty Loam,151,Cassava
55.0,35.0,87.0,29.7,63.0,5.97,869.0,Sandy Loam,231,Cassava
62.0,36.0,15.0,29.7,67.0,6.52,730.0,Silty Loam,168,Maize
82.7,41.2,110.5,19.8,68.3,6.2,830.0,Silty Loam,120,ribena
34.286132328515436,49.850354690254306,44.965530616169026,27.913021646113982,84.72058674003128,6.9201122704811,795.875414414843,Sandy Loam,860,cashew
37.0,23.0,12.0,31.52675982,90.50621806,6.395258356,1131.169398,Red Volcanic,217,orange
67.0,33.0,13.0,10.2,48.0,6.44,723.0,Loam,114,Wheat
127.0,37.0,72.0,16.7,85.0,5.09,1413.0,Loam,128,Tea
54.0,38.0,79.0,11.5,75.0,6.69,345.0,Loam,211,Wheat
88.0,55.0,45.0,24.63544858,80.41363018,7.730367824,2537.202781,Silty Clay,170,rice
23.0,17.0,43.0,29.9,66.0,7.09,1065.0,Loam,130,Cassava
115.2,49.8,101.0,28.1,81.0,6.2,860.0,Clay Loam,120,passionfruit
255.4,72.1,310.6,28.3,78.2,5.4,1320.0,Loam,120,pineapple
73.0,29.0,20.0,22.0,44.0,6.97,521.0,Loam,160,Beans
64.4335131747454,33.896430788243755,63.92571988944105,20.48967479636832,61.99658439199361,6.193505628641781,1268.3040803490226,Sandy Loam,133,sweet potato
6.0,30.0,40.0,22.77035608,91.45498527,6.36137446,1069.659201,Loam,215,pomegranate
35.0,23.0,29.0,22.7,73.0,5.91,341.0,Loam,122,Sorghum
44.216447346156734,33.45856634091234,41.45819079367342,24.514652434972668,68.2638762361185,6.615705985601303,355.34412619695667,Sandy Loam,75,millet
131.0,52.0,16.0,23.65724079,84.47601498,6.486068274,885.4479121,Black Cotton,172,cotton
85.0,18.0,82.0,12.8,64.0,7.23,480.0,Sandy Loam,154,Wheat
73.0,38.0,49.0,13.1,50.0,6.76,770.0,Silty Loam,192,Wheat
82.0,24.0,33.0,26.53543168,67.09608099,6.809593554,1206.494434,Clay Loam,220,coffee
133.0,35.0,66.0,26.7,91.0,6.33,1537.0,Silty Loam,163,Tea
60.50714236528637,37.76016297996365,70.39571736514324,24.916389464556502,76.95424158681362,6.279320319172841,1325.1287811448474,Clay,727,avocado
68.9,44.2,97.6,15.8,66.5,6.0,710.0,Silty Loam,120,ribena
16.0,80.0,20.0,31.24021696,56.67369054,7.339320929,1220.146733,Red Volcanic,144,pigeonpeas
13.0,126.0,204.0,23.1094265,92.79630809,6.383180271,1081.83792,Loam,186,apple
58.48785040498592,17.30843545415925,29.33702684511946,34.929341743342704,49.08463106711442,6.81576141415454,616.0730062657804,Sand,105,millet
85.0,22.0,53.0,25.96534238,89.77076659,6.849471704,594.6338556,Sandy Loam,88,watermelon
33.0,23.0,45.0,20.00218987,85.83618191,7.116538883,1123.37046,Loam,217,pomegranate
90.0,49.0,54.0,17.0,65.0,7.01,352.0,Silty Clay,186,Wheat
28.0,130.0,196.0,22.13450646,94.67695747,6.062356467,1129.203223,Silty Loam,187,apple
21.0,63.0,17.0,25.08966129,68.17543102,6.559681838,414.5486619,Clay Loam,102,lentil
60.04974493435801,66.17593237914949,67.76114931776723,18.17602300110286,71.43120993987966,7.146521031085765,725.9681397621235,Loam,83,kale
55.0,78.0,21.0,33.39438752,62.93692886,6.602888249,635.7445989,Clay Loam,81,blackgram
85.68918351222445,44.68998020045211,90.73707719271334,18.428622882363108,84.74034785915279,5.668017157417034,1336.7303345201979,Loam,90,potato
342.6,88.1,390.5,27.8,79.1,5.0,1250.0,Red Volcanic,120,pineapple
66.0,44.0,20.0,19.0781471,69.02298571,6.740000688,807.2515943,Loam,110,maize
142.0,81.2,149.5,18.7,65.9,6.9,510.0,Clay Loam,120,cabbage
16.0,25.0,9.0,22.0,49.0,6.64,401.0,Sandy Loam,141,Sorghum
19.0,57.0,23.0,23.6734328,47.2879691,7.342409555,1411.250722,Loam,148,pigeonpeas
1.0,135.0,203.0,22.77856513,92.70124029,5.624203283,1137.759219,Silty Loam,187,apple
36.0,59.0,46.0,34.28879307,93.61082872,6.721130543,1272.509777,Red Volcanic,216,papaya
40.0,17.0,15.0,21.35093384,90.9492967,7.871063004,1070.862095,Sandy Loam,215,orange
81.0,18.0,50.0,26.80750629,88.22874955,6.429788073,587.9889057,Sandy Loam,88,watermelon
56.17399512691988,36.901258477877036,96.27381984666584,26.376490523679692,68.28049403590605,6.273549880084071,1041.8797693178155,Loam,111,sweet potato
75.51400220200398,68.93393499907289,104.92236220260222,11.521688094454873,81.8756932366465,5.913986752620777,925.2554039725395,Loam,133,potato
69.60260273948086,51.308095004768305,69.28109969394326,20.10979773638519,83.49213623360892,6.142775097522593,681.8662088442704,Loam,62,kale
118.0,21.0,34.0,24.38534644,64.72543073,7.234258375,1196.324109,Clay Loam,219,coffee
290.0,78.0,340.0,28.5,78.9,5.4,1050.0,Red Volcanic,120,pineapple
121.0,25.0,36.0,22.8,61.0,7.79,555.0,Loam,211,Wheat
99.0,40.0,32.0,24.18471151,69.94807345,7.045543056,1632.708732,Red Volcanic,234,coffee
24.0,21.0,42.0,20.82210727,87.22815682,6.999014379,1094.429934,Red Volcanic,216,pomegranate
71.0,21.0,58.0,22.4,81.0,6.08,698.0,Silty Loam,272,Beans
112.0,13.0,33.0,21.6,57.0,7.24,511.0,Sandy Loam,231,Wheat
51.380394322921035,52.12821273569105,61.10196799612813,29.612714811469388,66.02354410245053,5.795185880175823,1444.6409635001496,Clay,94,sweet potato
250.5,68.2,320.7,27.4,77.1,5.3,1200.0,Loam,120,pineapple
73.0,58.0,21.0,19.97215954,57.68272924,6.596060648,606.5171481,Loam,105,maize
117.0,32.0,34.0,26.2724184,52.12739421,6.758792552,1271.752928,Clay Loam,222,coffee
26.0,60.0,55.0,18.9,61.3,6.4,455.0,Clay Loam,66,beans
80.0,18.0,52.0,27.87317436,91.14849627,6.484799661,240.5207925,Sandy Loam,89,muskmelon
31.0,72.0,17.0,28.69180475,49.47225353,5.833031708,963.6222901,Red Volcanic,139,pigeonpeas
63.0,50.0,52.0,28.64555584,93.22642604,6.751747609,1158.163936,Sandy Loam,213,papaya
100.0,74.0,52.0,25.43480512,81.53977797,5.837258235,964.7800391,Loam,294,banana
34.036998187842904,53.87811328659418,95.98409850203666,29.07870819695306,68.15351929438464,6.329316831564052,1271.8119602508705,Sandy Loam,136,sweet potato
36.04843178878325,42.308511304070066,48.9603823601376,27.206482570195064,41.14337428698712,5.663026084704121,568.1921282616798,Loam,105,millet
43.0,64.0,47.0,38.58954491,91.58076549,6.825664782,1022.708231,Sandy Loam,209,papaya
33.0,15.0,7.0,15.83388699,91.68293851,7.651225301,1097.571416,Loam,216,orange
42.0,18.0,83.0,25.9,64.0,6.12,528.0,Loam,218,Maize
312.7,61.5,289.8,26.7,73.8,5.8,1185.0,Sandy Loam,120,pineapple
121.0,57.0,62.0,15.6,46.0,7.24,612.0,Loam,105,Wheat
131.0,35.0,18.0,24.49112609,82.24415809,7.057693366,640.2949379,Black Cotton,166,cotton
104.0,48.0,71.0,19.0,42.0,7.6,707.0,Clay,167,Wheat
30.191347158768647,56.77148279331028,61.90729039646979,29.754735093946614,64.83216166150643,6.022948901178069,1245.6371257782314,Sandy Loam,134,sweet potato
118.83077579017854,50.46879253583582,68.14128776704135,21.2657601933031,79.68921896076924,6.937257299667497,754.6562595226692,Loam,70,kale
77.47666238231321,44.82142783990117,104.93798596675829,14.18217950016796,89.72748577622849,5.882878776222001,1412.6581965389032,Sandy Loam,100,potato
18.0,17.0,31.0,31.74592134,45.16127859,5.667507706,937.5441586,Sandy Loam,181,mango
50.82712165663712,59.094055764928925,81.38207207473945,20.866980088227407,70.08610095910021,6.400086627618996,1267.8500339294424,Sandy Loam,132,sweet potato
4.0,0.0,40.0,20.5,85.0,6.81,1290.0,Clay,151,Cassava
24.933521544949038,25.361029429723573,41.43788417539467,31.626904042023,51.51477358932382,6.7212232581177345,518.4560512551324,Loam,76,millet
74.2002551022599,45.63587641097738,65.0625828040961,19.801645225033596,65.32686791218381,6.257655653111665,890.0760507246632,Sandy Loam,66,kale
155.0,68.5,240.2,26.3,77.4,6.9,980.0,Loam,120,tomato
28.9,60.0,64.0,20.8,67.9,6.8,455.0,Clay Loam,66,beans
5.0,21.0,24.0,22.6,55.0,7.56,313.0,Silty Loam,118,Sorghum
33.0,51.0,25.0,24.8,80.0,5.44,515.0,Silty Clay,92,Beans
56.0,39.0,62.0,25.2,58.0,5.37,398.0,Loam,138,Beans
31.5,58.0,66.0,23.0,74.3,6.9,540.0,Silty Loam,67,beans
73.0,27.0,60.0,29.3,68.0,6.22,686.0,Silty Loam,242,Maize
63.0,58.0,22.0,18.25405352,55.28220433,6.204747653,637.2358154,Sandy Loam,105,maize
81.0,52.0,50.0,26.7,67.0,6.27,313.0,Loam,281,Maize
26.0,80.0,83.0,17.08498521,16.14565756,7.528599957,713.1007253,Sandy Loam,98,chickpea
105.0,65.0,90.0,23.1,68.2,6.6,1285.0,Silty Loam,120,passionfruit
92.9964156140328,77.23912966741625,94.06357890513186,17.919951938712348,81.96002545993535,5.573102682519315,947.4418440362168,Loam,123,potato
77.0,55.0,43.0,25.49941707,75.99987588,6.663559451,1937.141828,Silty Clay,168,jute
86.4,42.7,99.2,18.5,68.0,5.9,750.0,Loam,120,ribena
94.0,50.0,19.0,23.30355338,73.62548442,5.873242491,975.9081274,Sandy Loam,114,maize
24.0,70.0,16.0,25.17885316,68.93307305,6.54803469,350.3484812,Clay Loam,102,lentil
40.0,72.0,77.0,17.02498456,16.98861173,7.485996067,885.5123143,Sandy Loam,98,chickpea
59.0,49.0,35.0,19.7,75.0,6.92,713.0,Loam,131,Wheat
98.0,47.0,37.0,23.48381344,81.33265073,7.375482851,2240.581164,Clay Loam,164,rice
108.0,89.0,53.0,29.12036889,80.18080728,5.908770059,1123.982055,Loam,298,banana
96.2,52.5,78.9,25.7,72.4,6.2,1230.0,Loam,120,passionfruit
52.0,14.0,71.0,11.5,44.0,7.71,753.0,Silty Loam,158,Wheat
75.0,36.0,44.0,23.28081,74.27607475,6.613341343,1537.447398,Silty Clay,158,jute
120.0,64.0,170.0,23.8,68.6,6.4,720.0,Loam,120,tomato
28.7,58.4,61.2,21.4,68.9,6.8,512.0,Loam,67,beans
41.39626473748388,41.652740018610416,72.42354766994025,23.85371139355516,69.4253738435471,5.632119166374925,1289.7530514775885,Clay,662,avocado
91.0,38.0,36.0,26.5232969,77.17331847,7.287318723,1578.548562,Silty Clay,159,jute
36.0,18.0,50.0,26.7,59.0,6.2,466.0,Clay,214,Beans
59.59392512713859,39.86363548694409,53.103249400855816,30.998581636893828,77.3769670694591,7.292913638415698,729.6558918047198,Loam,770,cashew
31.0,29.0,26.0,28.22373428,47.40519056,5.024124684,977.6832322,Loam,182,mango
84.0,46.0,74.0,20.3,70.0,6.52,275.0,Loam,228,Tomato
118.7,73.2,120.4,17.0,71.3,6.7,455.0,Silty Loam,120,cabbage
93.0,94.0,53.0,25.86632408,84.42379269,6.079178788,1145.357503,Loam,298,banana
83.0,11.0,53.0,29.54097171,92.91778307,6.163921248,219.653077,Loam,89,muskmelon
101.0,22.0,40.0,14.7,76.0,7.71,569.0,Sandy Loam,105,Wheat
5.0,65.0,19.0,18.28072173,68.10365387,6.978361689,488.0253285,Loam,99,lentil
75.0,59.0,84.0,10.0,41.0,6.77,691.0,Loam,245,Wheat
56.91484423329419,51.42930543242621,57.69715633797916,21.293335315845965,74.44623996068184,6.2789241585745685,1450.9297352580827,Loam,1656,macadamia
5.0,35.0,20.0,28.92952635,53.57014709,9.679240873,663.5634104,Sandy Loam,79,mothbeans
39.0,13.0,25.0,21.4,65.0,6.35,373.0,Loam,233,Sorghum
51.0,72.0,75.0,18.88852533,14.99451145,7.104224797,801.113384,Loam,99,chickpea
5.0,13.0,37.0,22.34375696,89.7870345,5.648243649,1033.183074,Red Volcanic,214,pomegranate
87.0,54.0,20.0,25.61707368,63.4711755,6.576418207,1088.303762,Sandy Loam,117,maize
119.0,30.0,28.0,26.35770906,64.57578034,6.505203696,1636.269496,Clay Loam,234,coffee
33.0,143.0,204.0,21.1316077,91.95769858,5.814434775,1225.391946,Sandy Loam,190,apple
35.0,134.0,204.0,9.949929082,82.55138983,5.841138354,660.0817551,Sandy Loam,154,grapes
93.0,56.0,42.0,23.85724032,82.22572988,7.382762603,1950.948311,Silty Clay,159,rice
89.0,27.0,64.0,13.4,54.0,7.79,503.0,Silty Loam,160,Wheat
65.0,54.0,39.0,23.75091572,71.14782585,7.124571593,1600.889553,Alluvial,160,jute
8.0,60.0,18.0,31.21629982,46.01868196,3.808429173,531.205277,Sandy Loam,80,mothbeans
108.62994521767236,40.11789817798345,60.35720345274008,24.296101197601402,77.53514607817247,7.22166511181249,1052.6101465194338,Loam,75,kale
102.0,66.0,98.0,28.3,82.0,6.4,1650.0,Loam,120,passionfruit
28.0,145.0,202.0,19.2077707,82.9042841,6.484323189,668.3113717,Sandy Loam,159,grapes
61.45037142230258,32.640406257378075,58.13235654096485,16.635436802108316,69.92117810434102,6.094036935069492,1520.6958546995738,Loam,486,avocado
323.5,91.8,289.7,26.9,74.2,5.8,1105.0,Sandy Loam,120,pineapple
70.67380105357485,31.123601485330227,61.4412454630704,21.62111228993217,66.09170936162221,6.862470784304368,702.438428547237,Clay,79,kale
38.8770455100651,28.700006446621295,32.56471674176481,33.26824686902961,47.81405699220534,6.215381317344099,399.8263188975928,Sandy Loam,98,millet
38.10248456772914,39.652228750366206,80.93407646444342,23.47558799878153,66.19950320704969,6.021113209321086,1346.0837359526276,Sandy Loam,98,sweet potato
88.0,52.0,39.0,23.92887902,88.07112278,6.880204617,1546.608736,Silty Clay,158,jute
22.0,8.0,33.0,28.43572863,95.8840407,5.665785202,2039.283708,Red Volcanic,365,coconut
54.44130499199978,33.5931774480887,45.52931583992046,24.434668086413133,60.422126355770864,6.456018148806407,808.9911060685904,Loam,853,cashew
52.0,56.0,85.0,20.1187446,14.44228303,6.81712422,886.8168643,Loam,100,chickpea
38.0,26.0,51.0,19.6,43.0,7.43,431.0,Silty Clay,168,Wheat
82.0,35.0,44.0,26.96656378,78.21047693,6.239011,1698.391177,Clay Loam,162,jute
18.0,20.0,26.0,31.66524687,51.98594645,5.435840509,899.8024312,Red Volcanic,179,mango
88.6,45.2,62.8,22.4,66.2,5.7,880.0,Sandy Loam,120,passionfruit
36.0,76.0,75.0,18.38120357,16.63805158,8.736337905,705.2056697,Clay Loam,99,chickpea
110.0,66.0,94.0,29.5,56.0,6.34,344.0,Loam,187,Tomato
103.0,40.0,51.0,10.8,55.0,6.86,615.0,Loam,223,Wheat
132.6,78.4,130.0,17.8,72.3,6.7,498.0,Loam,120,cabbage
36.0,61.0,21.0,34.53823889,39.04468913,5.617008201,1685.948318,Red Volcanic,153,pigeonpeas
59.66032446529282,40.35748162108618,72.01316602551374,25.917477400038816,66.36063092758289,5.604561713390514,1354.4349192479888,Sandy Loam,511,avocado
34.0,65.0,19.0,23.43974653,63.22011726,5.94239222,454.0277297,Sandy Loam,101,lentil
68.0,62.0,50.0,33.20258348,92.76437927,6.977700268,1975.282582,Red Volcanic,236,papaya
120.0,7.0,47.0,24.24782473,83.03687902,6.653867608,547.657624,Sandy Loam,88,watermelon
59.809861648928376,68.08378453662536,47.19728965019944,22.231458624748015,73.93197939971574,5.2804808155749345,1672.70278675574,Clay,1218,macadamia
96.0,48.0,68.0,19.6,71.0,6.14,2745.0,Sandy Loam,222,Tea
21.0,139.0,201.0,19.3642553,83.36094029,5.980598579,671.5094741,Loam,159,grapes
101.0,87.0,54.0,29.07311132,76.50045221,6.376756633,1001.692639,Loam,295,banana
26.0,15.0,96.0,28.3,58.0,6.16,1220.0,Sandy Loam,138,Cassava
67.0,55.0,43.0,21.8,60.0,7.5,1156.0,Sandy Loam,212,Tomato
30.0,122.0,197.0,21.37784654,92.72043743,5.573241391,1061.417017,Loam,185,apple
96.0,86.0,51.0,29.90888522,76.98740841,6.257369799,919.9964712,Clay Loam,292,banana
97.0,50.0,41.0,24.52922681,80.54498576,7.070959995,2602.634026,Clay,172,rice
50.52815652581084,63.285818285260795,82.92975257214616,17.144976438024237,75.02003123706919,6.348026025444159,1790.927934843273,Clay,1606,macadamia
40.0,55.0,18.0,30.38257873,40.5926071,7.115994051,479.5406479,Sandy Loam,80,mothbeans
13.0,64.0,20.0,19.1345771,62.57526895,6.590571088,364.6946971,Clay Loam,99,lentil
4.0,19.0,42.0,23.83185873,87.84034604,6.306605528,1112.232716,Loam,217,pomegranate
29.0,44.0,20.0,30.04132304,63.56222995,8.620107545,318.3192392,Loam,80,mothbeans
89.0,23.0,70.0,19.5,60.0,6.13,783.0,Clay,222,Maize
31.055953777090885,43.15248986116942,45.91428283535103,33.87170847556103,44.60171579036846,6.981642654950953,684.3071804207841,Loam,75,millet
100.0,32.0,26.0,25.234661,57.53161469,6.043485685,1242.261737,Loam,221,coffee
57.0,56.0,78.0,17.34150229,18.75626255,8.861479668,679.545435,Loam,98,chickpea
296.7,78.4,320.5,28.1,74.2,5.6,1250.0,Red Volcanic,120,pineapple
40.0,21.0,8.0,34.90665289,92.87820148,7.418761774,1021.906333,Red Volcanic,214,orange
79.92881104438291,37.20077469237867,59.08754788626162,18.05881068333767,72.96055237981594,6.875245838120555,901.7739294497458,Clay,71,kale
84.18886267594023,49.132696272853806,79.8279711089649,16.39969404950122,86.5847712206961,5.341269441695896,1665.4174949920844,Sandy Loam,1472,macadamia
13.0,73.0,20.0,30.50420876,35.48885969,5.391560418,1625.927723,Red Volcanic,152,pigeonpeas
39.0,57.0,19.0,29.32379604,45.93248374,6.421748487,1654.113371,Red Volcanic,153,pigeonpeas
88.0,52.0,75.0,24.8,75.0,5.9,940.0,Sandy Loam,120,passionfruit
73.70718139437618,39.33703250951528,46.24816804830069,16.542584099061713,80.5072001848827,6.383926869363431,965.2143502919944,Loam,88,kale
22.0,45.5,60.0,18.5,63.0,6.9,410.0,Sandy Loam,66,beans
118.9,68.2,110.5,16.9,61.7,6.6,480.0,Loam,120,cabbage
61.90125936941857,30.966807872256492,92.74751518000451,20.808744804488057,69.02310657192915,6.450355958119034,1156.0511981627953,Sandy Loam,122,sweet potato
83.0,37.0,36.0,10.5,87.0,7.48,658.0,Loam,257,Wheat
23.0,23.0,27.0,34.72413192,51.4271781,5.161148592,973.1258083,Sandy Loam,182,mango
44.0,18.0,22.0,31.3,62.0,5.65,631.0,Silty Clay,205,Sorghum
215.8,66.5,270.4,25.2,67.8,5.3,1150.0,Red Volcanic,120,pineapple
110.0,39.0,18.0,24.54795322,75.39752705,7.766259769,638.8079866,Black Cotton,165,cotton
71.0,52.0,43.0,26.47549543,73.96164569,6.732826127,1802.513601,Alluvial,165,jute
33.0,10.0,9.0,23.0,94.0,5.25,784.0,Loam,147,Cassava
12.0,20.0,39.0,19.86173586,86.19740917,6.026999326,1110.217929,Sandy Loam,217,pomegranate
78.0,43.0,42.0,21.32376327,83.00320459,7.283736617,1923.197536,Silty Clay,158,rice
4.0,6.0,7.0,23.01014302,91.11764246,6.708889665,1126.738296,Loam,217,orange
13.0,23.0,6.0,23.96147583,90.26408017,7.365338111,1026.958703,Sandy Loam,214,orange
93.37953007150429,78.97573750515056,126.71082601100557,14.548750203266009,74.16164986972441,5.752309651527571,901.1689883476296,Loam,101,potato
21.0,39.0,20.0,27.06179658,52.3003173,7.388007483,607.4583498,Loam,79,mothbeans
37.46506096400107,31.16884147091185,65.20444322991989,31.77596400926309,66.99990418033194,6.185458023969407,696.4370619762136,Sand,898,cashew
81.0,44.0,25.0,15.5,57.0,6.77,626.0,Sandy Loam,234,Wheat
43.46475380319579,28.76080415267626,29.778775517039875,30.295384767380817,48.6735735010228,7.446293868049998,365.760880852114,Sandy Loam,83,millet
75.0,37.0,40.0,21.0,64.0,7.94,353.0,Clay,138,Wheat
5.0,29.0,44.0,21.02432943,93.0569505,5.578095745,1047.847006,Sandy Loam,214,pomegranate
63.45939672770291,54.663102145966064,55.20903770529072,21.778821811384216,83.0188800472206,5.3330977851497,1335.5438170172556,Loam,1563,macadamia
118.0,50.0,19.0,22.95604064,82.33733678,6.360812227,664.8339303,Black Cotton,166,cotton
101.0,5.0,19.0,21.9,58.0,6.26,765.0,Silty Clay,159,Wheat
7.0,63.0,24.0,22.95458237,24.03553105,5.858617867,1077.315386,Sandy Loam,81,kidneybeans
30.0,65.0,25.0,32.88733849,64.59457409,7.70650895,715.0569456,Clay Loam,80,blackgram
98.0,67.0,84.0,18.4,49.0,7.21,530.0,Sandy Loam,206,Tomato
84.73054472198712,47.65436369070751,65.8272697721467,23.40363632414082,84.25485974997198,6.4739997479793425,667.5659968524665,Loam,74,kale
125.0,60.5,175.0,22.8,65.4,6.2,700.0,Sandy Loam,120,tomato
23.0,45.0,21.0,31.46511256,51.79939437,8.985348193,744.4330654,Loam,80,mothbeans
110.5,65.7,108.9,16.2,66.3,6.6,440.0,Loam,120,cabbage
29.0,138.0,197.0,22.19055385,92.43764169,5.830892252,1216.622761,Silty Loam,190,apple
40.0,29.0,39.0,31.8,54.0,5.68,427.0,Sandy Loam,166,Sorghum
18.9,44.6,46.2,18.5,66.1,6.4,410.0,Loam,66,beans
102.5,60.0,75.0,17.6,61.4,6.7,390.0,Loam,120,onions
8.0,7.0,10.0,28.2620488,91.98317355,6.929216014,1052.132259,Sandy Loam,215,orange
75.0,55.0,54.0,22.3,88.0,5.38,688.0,Loam,166,Beans
117.79088081035076,39.04673686283279,42.25869580665212,20.827874874531034,67.49209381128297,6.469713609684322,1027.2113313489824,Loam,68,kale
16.0,73.0,19.0,18.41645629,34.80541039,4.684079249,1632.747473,Red Volcanic,152,pigeonpeas
94.0,44.0,68.0,22.4,57.0,6.87,707.0,Loam,207,Maize
75.0,29.0,70.0,23.3,84.0,6.41,1181.0,Sandy Loam,193,Tomato
51.0,19.0,47.0,27.1,89.0,7.07,1347.0,Clay,192,Cassava
40.0,45.0,20.0,29.37687468,57.69622912,6.878498176,383.4303462,Sandy Loam,79,mothbeans
85.40654903164875,58.5758152020115,81.6269177702658,17.504967715586393,76.39251249833275,6.022887091305381,1413.66034880444,Loam,1108,macadamia
47.0,18.0,32.0,26.5,69.0,6.41,817.0,Loam,194,Maize
52.0,70.0,16.0,33.66855394,66.60416867,7.534811833,673.2520551,Loam,81,blackgram
26.0,64.0,22.0,25.95058595,40.58227261,5.16516459,1091.821183,Sandy Loam,141,pigeonpeas
98.7,77.3,93.2,21.1,69.2,6.3,490.0,Loam,120,onions
99.1,60.0,82.3,17.3,64.7,6.7,402.5,Loam,120,onions
27.0,56.0,22.0,19.91853092,20.70099804,5.833010958,1086.434544,Loam,79,kidneybeans
90.0,26.0,75.0,21.9,46.0,6.84,616.0,Loam,216,Wheat
41.413576532840914,28.418873163548703,80.09649145325375,24.765768342682094,76.0139016710243,6.2783670446503415,1159.977293213779,Clay,103,sweet potato
48.0,21.0,85.0,20.9,81.0,7.44,1052.0,Silty Clay,159,Cassava
42.94950404000959,20.39167917351696,42.520551731527306,34.93436820110921,69.28285752437029,7.309834428871327,496.6851980476918,Loam,102,millet
25.5,61.0,55.0,20.4,70.1,6.7,439.0,Clay Loam,66,beans
35.0,48.0,15.0,27.10818093,87.4512669,6.981758362,550.3723979,Silty Loam,69,mungbean
41.0,78.0,21.0,25.19857725,60.37332688,6.581313137,708.8787207,Loam,78,blackgram
7.0,56.0,23.0,26.33908791,40.00933429,5.545219232,555.0429227,Sandy Loam,78,mothbeans
34.0,9.0,25.0,25.9,60.0,7.95,501.0,Sandy Loam,114,Sorghum
105.7,58.9,92.4,16.1,63.8,6.7,480.0,Sandy Loam,120,onions
49.0,54.0,50.0,25.62446619,93.18240298,6.762522087,972.6336657,Red Volcanic,207,papaya
55.09241479032034,44.597402299355764,55.38873802703758,24.897941937502555,68.718440038152,6.631891292515123,874.7703476207157,Loam,1067,cashew
13.0,67.0,18.0,30.5753044,34.75591197,5.384762927,1775.764304,Loam,155,pigeonpeas
48.0,36.0,20.0,29.3,48.0,6.64,278.0,Loam,215,Sorghum
114.0,8.0,52.0,29.34081108,94.5513539,6.419083092,282.2908103,Loam,89,muskmelon
29.0,34.0,26.0,33.88004781,54.39416048,6.273953676,892.9147581,Sandy Loam,179,mango
31.42268944455225,54.153012548269956,85.87515894507604,26.230250975320118,65.33364812903328,6.308075154987127,1145.6758085593146,Sandy Loam,141,sweet potato
47.947960250938316,31.116752229705362,23.035867847556197,32.63308545883325,43.76231849728371,6.494196581081424,306.13506025137724,Sandy Loam,102,millet
38.0,11.0,70.0,25.4,73.0,7.01,1189.0,Loam,209,Cassava
77.0,52.0,17.0,24.86374934,65.7420046,5.714799723,758.2270467,Loam,108,maize
41.478095437888925,21.296594144896783,40.064506581102286,26.867348900626034,84.41815742407955,6.5568868525167945,944.5045059240676,Loam,891,cashew
99.6,59.4,84.7,25.4,74.8,6.5,1700.0,Red Volcanic,120,passionfruit
107.0,45.0,25.0,23.0865933,83.55546146,7.227745516,718.4080724,Black Cotton,167,cotton
56.0,75.0,15.0,30.20157245,60.06534859,7.152272256,663.7171179,Loam,80,blackgram
9.0,66.0,21.0,30.11812084,34.13307843,5.719889876,1570.858232,Sandy Loam,151,pigeonpeas
70.0,43.0,72.0,20.9,71.0,5.94,659.0,Silty Loam,251,Maize
95.5,52.7,70.3,16.3,62.5,6.3,375.0,Sandy Loam,120,onions
68.31166260533149,38.27915580957433,76.60425490381499,21.15831684257327,78.88652143362975,5.239519018552827,1621.8740111673155,Clay,1315,macadamia
61.98850568551458,65.37062176109657,49.440035014707604,17.993720472549846,83.45587131041981,6.105398467744887,817.0943807377095,Loam,84,kale
68.80675113014402,44.39655098459792,58.173948235386604,17.06920954702497,89.59985803549668,5.122889583975635,1881.0210778207181,Sandy Loam,1639,macadamia
79.37502744849377,44.12841290606228,79.74749317087797,15.005185929182513,79.74836511065196,6.606735643269628,686.391314640259,Loam,66,kale
149.5,77.2,208.9,26.3,68.9,6.5,860.0,Loam,120,tomato
83.0,58.0,45.0,25.75528612,83.51827127,5.875345751,2456.626799,Clay Loam,169,rice
24.0,56.0,85.0,18.19903647,17.41333199,6.545888558,806.405403,Sandy Loam,99,chickpea
77.8,45.7,88.7,19.8,70.8,6.2,720.0,Loam,120,ribena
97.0,36.0,45.0,22.2286982,81.85872947,6.939083505,2780.791793,Silty Clay,175,rice
2.0,40.0,27.0,29.73770045,47.54885174,5.954626604,900.9586854,Loam,180,mango
127.0,81.0,91.0,17.2,82.0,6.27,1368.0,Loam,188,Tea
37.0,56.0,25.0,22.05592283,19.60379304,5.774755144,1267.265372,Sandy Loam,81,kidneybeans
98.0,32.0,79.0,21.1,84.0,6.09,2754.0,Clay,264,Tea
14.0,22.0,9.0,17.24944623,91.13772765,6.543191814,1125.090516,Sandy Loam,217,orange
118.0,44.0,23.0,22.08458267,82.82904143,6.691690476,670.6459777,Loam,166,cotton
95.2,58.7,110.4,20.1,72.0,5.7,680.0,Loam,120,ribena
119.0,16.0,51.0,23.3,76.0,7.24,635.0,Sandy Loam,166,Maize
141.0,38.0,80.0,25.8,46.0,6.68,460.0,Loam,148,Tomato
95.0,54.0,68.2,23.7,66.5,6.0,1380.0,Loam,120,passionfruit
33.0,57.0,17.0,27.89636126,88.71782287,6.78415271,577.9863368,Loam,69,mungbean
92.5,45.0,68.0,21.5,71.1,5.8,910.0,Sandy Loam,120,passionfruit
117.0,24.0,53.0,29.17220859,92.21405224,6.293486295,213.0290472,Sandy Loam,89,muskmelon
120.0,78.9,99.5,28.2,80.3,6.8,1745.0,Loam,120,passionfruit
114.0,30.0,51.0,29.24908541,90.06998135,6.069171847,259.3496537,Sandy Loam,89,muskmelon
60.0,46.0,53.0,24.48620746,92.98254537,6.761953186,1834.9095,Sandy Loam,232,papaya
113.0,33.0,34.0,26.00373964,62.1445102,6.559817161,1534.77776,Red Volcanic,231,coffee
79.14183965885918,39.06149246520711,83.00196999160096,18.563967075870018,83.70083688942678,5.911889744170827,1861.5923606395372,Clay,1659,macadamia
46.17278398219516,46.50700498793272,63.67611210090958,27.213905256406417,84.65796966790333,5.896123512536433,637.2712200832285,Loam,1075,cashew
97.0,44.0,69.0,8.6,71.0,6.83,634.0,Sandy Loam,102,Wheat
72.9,39.4,95.6,15.9,71.3,5.6,880.0,Sandy Loam,120,ribena
88.0,54.0,44.0,25.7354293,83.88266234,6.149410611,2331.321372,Clay,166,rice
32.15986070670006,18.540707497801158,32.01071878766433,22.69144647195384,45.2700082564478,5.885318594861954,392.91931904382767,Sandy Loam,100,millet
27.0,30.0,58.0,23.0,45.0,7.01,530.0,Silty Clay,176,Beans
18.0,11.0,27.0,32.7,65.0,7.5,255.0,Silty Loam,210,Sorghum
42.0664601602649,55.84957567967239,49.96260413476698,18.614948469276765,84.84683796411665,5.503979118160587,1533.5848906660235,Sandy Loam,414,avocado
82.58207263755342,54.39106008548454,79.7945732007849,15.311641756250996,87.8067003084286,6.4243263072976164,1047.1692156052638,Clay,126,potato
111.0,41.0,18.0,23.64328417,78.1258666,6.10539819,809.6157332,Loam,170,cotton
90.0,48.0,45.0,24.06475727,71.31342851,6.509174789,1536.390212,Clay Loam,158,jute
32.0,41.0,16.0,28.63618921,61.39451307,7.702287236,685.4877876,Sandy Loam,79,mothbeans
56.0,5.0,23.0,34.2,63.0,6.73,410.0,Sandy Loam,184,Sorghum
128.9,62.0,180.2,21.8,63.5,6.4,910.0,Red Volcanic,120,tomato
88.9,50.2,75.0,15.6,64.9,6.7,330.0,Loam,120,onions
3.0,141.0,197.0,21.98141856,91.12719303,6.142803397,1154.789148,Silty Loam,188,apple
81.46550072160358,54.82180908122496,72.37597600018782,15.807008239700522,75.50634118108721,5.821595741228746,1160.2773062233996,Clay,92,potato
80.87001519149162,69.96236163125496,75.521779852468,22.99493879447156,88.5150992163928,6.089016167407019,1948.1554769198992,Clay,1479,macadamia
32.0,31.0,49.0,15.2,48.0,6.94,764.0,Loam,203,Wheat
87.89756386462857,54.30863285007321,118.42887433935809,17.628038764367545,88.42582584032846,6.396530415030895,1080.4282980758549,Clay,123,potato
6.0,59.0,21.0,26.58972517,66.14007674,6.139215944,509.0994463,Loam,103,lentil
63.0,29.0,37.0,25.2,57.0,5.22,339.0,Silty Clay,195,Beans
55.23161713213922,24.122688699477294,32.834897988247,23.91874945133583,55.87422637602,7.277647845599116,385.4876591844064,Sandy Loam,105,millet
1.0,59.0,23.0,27.46852989,87.17649,7.184398832,437.8420984,Silty Loam,69,mungbean
75.0,38.0,39.0,23.44676801,84.79352417,6.215109715,2839.338466,Clay,176,rice
45.0,54.0,46.0,21.4,48.0,6.41,780.0,Silty Clay,145,Maize
95.6,60.0,87.9,19.3,61.5,6.6,430.0,Silty Loam,120,onions
36.0,44.0,21.0,25.12528913,51.33189406,4.516154055,384.8678973,Sandy Loam,78,mothbeans
39.0,36.0,22.0,29.34317422,60.50320928,9.072011412,340.3335472,Loam,79,mothbeans
82.0,46.0,67.0,14.8,71.0,6.3,380.0,Sandy Loam,120,onions
28.0,122.0,197.0,19.89363946,82.73366439,5.856575335,696.6256816,Red Volcanic,159,grapes
64.0,45.0,43.0,25.62980105,83.52842314,5.534878156,2099.001977,Clay,161,rice
35.0,66.0,47.0,31.7018373,91.66232213,6.953439161,488.3810592,Sandy Loam,193,papaya
4.0,13.0,6.0,15.63211033,94.25966183,7.561143224,1014.705704,Red Volcanic,213,orange
103.47894065917379,41.49688937419816,89.59252563234976,13.329391609632221,88.9281240149874,5.183421467492153,1127.8070144537937,Loam,93,potato
54.953994135077124,31.22731032675438,31.61751324993844,24.19106751195506,54.868224237643766,6.219409120483539,441.3480017832186,Sandy Loam,107,millet
96.0,12.0,48.0,20.7,71.0,5.93,586.0,Sandy Loam,177,Maize
36.0,41.0,22.0,22.9,59.0,5.74,499.0,Loam,161,Beans
56.0,13.0,82.0,19.2,72.0,6.35,865.0,Loam,158,Maize
34.0,15.0,7.0,24.4,65.0,6.47,421.0,Loam,115,Beans
30.0,61.0,18.0,27.14911056,67.02664337,6.157782589,525.0812701,Loam,103,lentil
91.0,38.0,67.0,13.3,63.0,7.27,790.0,Loam,184,Wheat
55.036044115789984,53.0713347344059,55.35425860684426,24.306857885693205,68.94900546699596,5.922998690556826,1015.5245229194546,Loam,645,avocado
116.0,38.0,34.0,23.29250318,50.04557009,6.020947179,1834.68585,Red Volcanic,241,coffee
88.0,46.0,42.0,22.68319059,83.46358271,6.604993475,1942.651719,Clay Loam,158,rice
18.0,34.0,61.0,28.7,77.0,5.95,806.0,Loam,172,Cassava
64.52056096333797,55.838409853788086,76.49264980397892,16.294348638846408,77.37560023634313,6.340146660658199,1283.1997096368218,Clay,652,avocado
112.5,62.3,170.2,22.8,64.9,6.5,700.0,Clay Loam,120,tomato
135.2,68.5,210.0,24.3,72.1,6.8,820.0,Loam,120,tomato
149.2,89.7,150.0,19.1,78.0,6.9,600.0,Loam,120,cabbage
76.07699978924785,76.89359058721718,82.34531602156021,15.624704118264656,80.99901877981947,5.2827918032395855,1021.2085081837124,Loam,117,potato
28.0,35.0,22.0,29.53037621,86.73346018,7.156563094,598.7232071,Loam,69,mungbean
76.0,30.0,21.0,25.8,62.0,6.04,280.0,Loam,323,Beans
66.92060462399466,41.02340205311738,48.50852493746221,24.671111990053724,78.28747818244943,6.125417270316009,684.105307306326,Clay,87,kale
62.86620751944626,44.17670053469808,82.16477451113869,29.519437925676947,72.60742372186718,5.743146376593756,1215.2494395345,Sandy Loam,107,sweet potato
54.07484784499093,55.68364440610491,51.10531404914296,15.24399037489354,82.91059436278971,5.820621107282265,1819.8242469583238,Clay,1151,macadamia
25.9,41.3,66.2,18.9,66.8,6.4,390.0,Sandy Loam,66,beans
105.51677214478619,33.96081917087092,53.177994740080756,22.839651145571825,72.0688040983446,7.015397134123499,670.5312938972847,Loam,69,kale
26.0,18.0,42.0,19.72620525,89.64934166,6.910374919,1082.287276,Sandy Loam,216,pomegranate
50.0,64.0,25.0,28.84079155,63.37230676,6.734447425,702.5496749,Clay Loam,79,blackgram
36.085183135259356,35.00454720418493,47.529499677669676,25.615066030708356,70.97814297711845,7.129532691370111,955.6912384824336,Loam,892,cashew
10.0,136.0,204.0,21.19852186,92.15595143,6.276198595,1058.554351,Sandy Loam,185,apple
88.0,29.0,51.0,24.71885473,88.94568335,6.095689937,484.5978627,Loam,88,watermelon
93.0,53.0,38.0,26.92995077,81.91411159,7.069172227,2906.793783,Clay Loam,178,rice
63.09141491490892,53.761309563036576,58.14293700184395,22.430117612882952,67.55395543085305,6.743762683393143,795.6589932029256,Clay,84,kale
74.0,39.0,38.0,23.24113501,84.59201843,7.782051313,2330.453455,Clay Loam,166,rice
16.0,7.0,8.0,22.79196751,90.60901895,6.420457311,1165.084074,Red Volcanic,218,orange
41.0,31.0,48.0,27.7,55.0,6.2,962.0,Silty Clay,146,Cassava
28.0,58.0,81.0,17.47500984,16.54314829,6.18042747,933.5034262,Loam,98,chickpea
350.9,92.7,380.2,29.5,76.9,6.1,1380.0,Loam,120,pineapple
98.0,44.0,21.0,25.77175115,74.089114,6.524478032,1074.931917,Silty Loam,116,maize
118.0,33.0,30.0,24.13179691,67.22512329,6.362607851,1733.228386,Loam,237,coffee
85.0,37.0,39.0,24.52783742,82.73685569,6.364134968,2246.757231,Silty Clay,164,rice
38.0,72.0,21.0,28.23416057,49.4421345,5.902103172,1865.008581,Red Volcanic,157,pigeonpeas
42.0,74.0,83.0,19.2582557,14.2804191,7.545258424,657.8042032,Sandy Loam,99,chickpea
68.0,40.0,19.0,26.14384005,66.20569924,6.655426355,1072.361366,Silty Loam,116,maize
5.0,45.0,21.0,28.36291385,88.00989267,6.487124217,430.5130077,Silty Loam,69,mungbean
118.4,66.7,185.5,21.5,63.8,6.7,690.0,Sandy Loam,120,tomato
77.78035236462837,54.4716315840248,62.55158388596639,17.674161588901168,87.78846156351747,5.734895252319501,1645.6602255194496,Loam,1172,macadamia
50.79889852645023,44.32994155709021,54.86766557619782,24.046264480120517,70.42236875740568,6.114616364634525,622.4143589909977,Loam,972,cashew
34.0,6.0,30.0,27.0828252,97.00155491,5.948342571,1717.575545,Sandy Loam,365,coconut
31.0,68.0,45.0,42.92325255,90.07600528,6.938313356,1962.408242,Sandy Loam,236,papaya
93.0,41.0,44.0,21.0,38.0,7.54,565.0,Sandy Loam,181,Wheat
72.0,34.0,56.0,19.4,58.0,6.7,303.0,Silty Clay,181,Wheat
25.0,59.0,19.0,29.06631494,83.6869203,6.626629798,439.5183726,Silty Loam,69,mungbean
77.0,48.0,36.0,25.86705009,84.09985284,7.36008498,1548.390847,Silty Clay,158,jute
59.0,29.0,26.0,20.1,59.0,7.82,428.0,Silty Clay,186,Wheat
12.0,129.0,205.0,22.36238282,91.15761594,6.119432215,1186.832725,Silty Loam,189,apple
97.0,8.0,52.0,24.9103226,86.97190046,6.237861736,494.8575692,Loam,88,watermelon
89.0,41.0,38.0,23.12844351,74.68322732,6.344751947,1998.362913,Clay Loam,169,jute
102.1,66.9,88.3,21.0,60.7,6.5,515.0,Sandy Loam,120,onions
3.0,67.0,24.0,17.00067625,19.90790546,5.520880014,1032.926407,Loam,78,kidneybeans
8.0,26.0,36.0,18.78359608,87.4024767,6.804781106,1025.184759,Sandy Loam,214,pomegranate
120.0,20.0,34.0,23.56960509,50.56339727,6.906124587,1303.797119,Red Volcanic,223,coffee
48.657777570532446,44.87677236852904,34.34129759703234,24.899295111028934,63.03793262585657,7.214907488705257,437.2325840047189,Sandy Loam,97,millet
126.0,50.0,19.0,24.69457084,81.7358876,6.628722836,785.8494391,Clay Loam,169,cotton
95.0,16.0,55.0,25.26931156,87.55055105,6.612847999,401.2650421,Loam,88,watermelon
110.2,70.0,95.5,28.1,74.3,6.4,1600.0,Loam,120,passionfruit
86.61140058613096,50.24358721006169,45.4958283500804,15.116540263243888,71.43883908132969,7.30419314064988,837.4599661582761,Clay,80,kale
29.0,8.0,28.0,26.87037587,91.72546257,6.100429497,2144.128874,Coastal Sandy,365,coconut
22.0,11.0,29.0,28.03380598,95.01630593,5.955742971,2180.055713,Sandy Loam,365,coconut
39.0,37.0,25.0,33.33024826,45.61143594,6.953246506,982.8583013,Loam,182,mango
81.0,18.0,50.0,26.44019475,80.91934337,6.507110986,478.1847573,Sandy Loam,88,watermelon
119.0,9.0,50.0,26.74550678,83.9195902,6.251286661,407.94305,Loam,88,watermelon
99.5,64.0,86.0,24.2,71.9,6.7,1100.0,Red Volcanic,120,passionfruit
0.0,29.0,32.0,28.05912437,98.3670985,5.868255858,1716.516396,Red Volcanic,365,coconut
84.0,55.0,92.0,23.0,85.0,5.65,922.0,Loam,177,Tomato
88.0,35.0,35.0,27.55906475,58.45742907,6.784460602,1179.389993,Loam,219,coffee
58.204579759786355,36.41431429021959,60.610354845623526,24.086762719399808,62.80867185927347,7.228920119079254,1097.6871909599947,Sandy Loam,1052,cashew
75.16666201836166,65.54041399181818,62.395923429917275,17.588468311082252,79.95698347100172,6.6364298933881365,667.3716934267102,Loam,63,kale
64.24623539645106,30.623501804180897,77.98671770630665,27.764582238065422,75.30215556713264,6.216457790183094,1322.7377214990534,Clay,91,sweet potato
21.0,39.0,20.0,28.14448546,82.1193047,7.064782138,467.5690086,Sandy Loam,69,mungbean
17.0,77.0,23.0,24.51324787,20.81527638,5.670062975,641.9497947,Loam,82,kidneybeans
115.0,12.0,61.0,10.0,72.0,6.91,355.0,Loam,146,Wheat
0.0,67.0,22.0,29.82112112,69.4073209,6.593798387,515.6461082,Clay Loam,104,lentil
76.0,51.0,18.0,26.16985907,71.96246617,6.247040422,798.4925393,Loam,109,maize
84.0,40.0,42.0,26.2830571,73.35763537,6.704273839,1866.898282,Silty Clay,166,jute
85.14584779549584,43.02099605784643,77.79055159685589,10.235963821107422,71.38642904648741,5.856623558573417,1371.594338389208,Clay,120,potato
112.0,23.0,74.0,27.5,72.0,6.95,730.0,Loam,205,Maize
16.0,143.0,197.0,22.61711614,93.51978375,5.90402645,1169.256766,Silty Loam,188,apple
97.9,66.8,101.2,19.6,61.9,6.8,430.0,Sandy Loam,120,onions
310.0,88.0,360.0,29.1,72.5,5.8,1100.0,Sandy Loam,120,pineapple
81.03364221368363,58.373135966926355,45.68912355614753,15.063458018967896,80.73443223918834,6.234073448063744,1104.6411865159582,Loam,63,kale
27.0,15.0,27.0,25.9,42.0,6.96,337.0,Sandy Loam,217,Sorghum
86.3,70.0,75.4,20.9,62.8,6.8,360.0,Loam,120,onions
33.0,29.0,34.0,31.40948821,49.21729127,6.832979509,929.9739415,Red Volcanic,180,mango
149.6,92.1,234.7,25.8,78.2,6.8,940.0,Red Volcanic,120,tomato
28.0,70.0,21.0,25.39038396,60.4989659,7.437373666,391.8374505,Clay Loam,102,lentil
52.0,28.0,44.0,25.5,61.0,5.55,1491.0,Clay,115,Cassava
53.08321896030851,68.67878850370221,67.99403605105587,24.01992606212835,88.05188708162169,5.049806632733509,1651.145067305823,Clay,1305,macadamia
112.0,25.0,51.0,25.04746944,85.5667282,6.932537231,567.2496677,Sandy Loam,88,watermelon
120.0,48.0,16.0,22.46054478,75.40989245,7.456971816,718.5436078,Black Cotton,167,cotton
45.0,5.0,57.0,23.6,59.0,5.51,689.0,Loam,119,Cassava
125.0,39.0,21.0,25.03149561,82.21276599,7.954629324,950.191318,Loam,173,cotton
40.0,49.0,17.0,31.02215872,45.89239456,6.68727523,535.6783314,Loam,80,mothbeans
4.0,23.0,5.0,22.67594476,93.36348717,7.477935216,1103.332655,Loam,216,orange
22.0,30.0,12.0,15.78144173,92.51077745,6.354006744,1190.35002,Sandy Loam,219,orange
38.55307734507989,24.866673050623845,58.44325398319178,28.06614771500542,68.10749405983253,6.977654567576788,628.0942614239713,Sandy Loam,799,cashew
32.0,18.0,0.0,32.0,43.0,6.26,224.0,Loam,252,Sorghum
93.0,15.0,18.0,24.5,75.0,5.63,361.0,Sandy Loam,190,Beans
105.0,22.0,33.0,22.3,68.0,5.96,791.0,Loam,188,Tomato
86.0,39.0,43.0,26.14576648,71.23690851,6.432051512,1931.007598,Silty Clay,168,jute
65.0,40.1,88.7,17.5,66.2,5.6,590.0,Silty Loam,120,ribena
111.48503051196593,53.96402663302801,44.465397195410205,19.638126153268416,66.68903070492034,6.945980143997917,690.1832221392824,Sandy Loam,74,kale
95.0,7.0,45.0,27.30008597,90.80015308,6.031665834,250.9484511,Loam,89,muskmelon
52.794701378968114,69.92471139023843,78.20983867237118,23.538858919561925,71.33602099454507,5.121251149136732,1301.8050869695396,Sandy Loam,1307,macadamia
25.0,7.0,35.0,28.38503882,99.18843684,5.55771171,1896.711349,Sandy Loam,365,coconut
84.6,49.4,71.2,13.9,60.7,6.1,338.0,Sandy Loam,120,onions
26.0,27.0,10.0,28.06903173,92.91487288,6.079998496,1141.339416,Red Volcanic,218,orange
53.0,36.0,37.0,23.8,81.0,7.43,288.0,Sandy Loam,168,Beans
51.0,37.0,34.0,21.4,62.0,5.19,201.0,Clay,238,Beans
132.8,58.2,183.4,21.7,66.5,6.8,710.0,Sandy Loam,120,tomato
128.5,72.3,128.9,17.4,68.2,6.8,510.0,Loam,120,cabbage
102.3,62.8,86.1,21.0,65.5,6.5,520.0,Loam,120,onions
119.0,56.0,29.0,27.6,68.0,6.41,819.0,Loam,169,Maize
89.62389761088255,46.316912913231114,68.34732404736761,17.33962228033296,79.0009401366843,5.467706638404451,1736.7073509778436,Loam,1352,macadamia
75.0,35.0,48.0,29.8,53.0,7.05,393.0,Loam,178,Tomato
112.0,39.0,29.0,26.12492233,63.37479229,6.726528895,1478.035305,Clay Loam,229,coffee
67.7001896198228,54.74129667965198,51.20266501438168,17.1844499102882,62.66997989576408,6.182279251660687,865.4657913751162,Loam,75,kale
81.0,16.0,45.0,26.90435747,86.25426228,6.727468157,597.5980023,Sandy Loam,88,watermelon
69.9638682617297,54.97635871549073,78.09685231998355,24.755135703670586,60.19890655191639,5.938752713717849,893.8701076975135,Sandy Loam,136,sweet potato
79.0,21.0,53.0,9.9,28.0,6.49,374.0,Clay,195,Wheat
225.6,52.8,210.9,22.9,69.4,5.2,980.0,Sandy Loam,120,pineapple
26.0,9.0,32.0,25.9490364,94.73860514,6.470465614,1441.571109,Coastal Sandy,365,coconut
75.0,54.0,36.0,26.29465461,84.56919326,7.023936392,2574.914906,Silty Clay,171,rice
102.0,74.0,79.0,28.9,78.0,5.62,404.0,Silty Clay,181,Tomato
19.0,55.0,20.0,27.43329405,87.80507732,7.18530147,547.3367631,Silty Loam,69,mungbean
19.0,65.0,25.0,18.09551014,18.29318436,5.625096446,1447.902323,Silty Loam,79,kidneybeans
43.664318896879834,36.910204489872285,46.22935562415556,23.016582859978254,60.54436032598085,6.336211490655953,610.7172253576271,Loam,101,millet
77.0,45.0,51.0,16.3,63.0,5.9,689.0,Silty Clay,234,Beans
31.0,58.0,15.0,27.11026483,84.96771717,7.121571293,515.2617423,Loam,69,mungbean
40.0,49.0,47.0,42.93368602,91.1756748,6.501521192,2463.613268,Red Volcanic,250,papaya
47.76845073255318,36.41229155105026,76.03408539985166,18.48769545932448,78.4058222204286,6.06333555931995,1706.9614254523874,Loam,419,avocado
30.0,143.0,199.0,23.76881552,90.59810302,5.7983508,1022.648546,Sandy Loam,184,apple
29.0,122.0,196.0,41.94865736,81.15595212,5.638328481,730.6862952,Loam,170,grapes
23.0,23.0,30.0,32.82141065,47.45553843,4.755273631,908.9173106,Red Volcanic,180,mango
24.0,30.0,11.0,32.39523995,94.51768464,6.601395755,1132.5373,Red Volcanic,217,orange
76.0,32.0,15.0,27.4,75.0,6.22,611.0,Clay,201,Beans
19.0,123.0,200.0,34.76086052,81.03544763,6.167013532,657.0430027,Sandy Loam,167,grapes
90.0,31.0,73.0,24.9,81.0,7.13,1034.0,Sandy Loam,154,Tomato
98.75415701746508,51.45626406672203,49.48212565151535,18.012459780119134,68.92114695441899,6.468950698976222,1104.406858203716,Sandy Loam,87,kale
10.0,78.0,18.0,18.54141834,62.70637578,6.296976913,440.7819743,Sandy Loam,99,lentil
101.0,86.0,70.0,26.7,75.0,6.27,816.0,Loam,152,Tomato
50.0,16.0,21.0,22.7,50.0,7.17,400.0,Loam,237,Sorghum
33.0,31.0,34.0,31.32995611,50.22287593,5.421265283,897.8216168,Sandy Loam,179,mango
26.0,37.0,30.0,35.39986338,49.45962621,6.166173834,974.1054011,Sandy Loam,182,mango
19.0,35.0,24.0,27.11030369,83.64274107,6.883308033,491.1964582,Silty Loam,69,mungbean
38.0,38.0,18.0,26.31051759,61.18749126,6.294130313,357.3403813,Loam,78,mothbeans
78.0,48.0,22.0,23.08974909,63.10459626,5.588650585,704.3473609,Silty Loam,107,maize
120.0,25.0,50.0,28.05457761,94.81637388,6.327210469,218.4869328,Loam,89,muskmelon
62.0,39.0,73.0,29.3,44.0,7.22,828.0,Clay,196,Maize
60.0,21.0,94.0,25.5,63.0,7.71,623.0,Sandy Loam,250,Maize
18.0,55.0,23.0,21.9989826,56.31006755,6.98571967,1368.274312,Red Volcanic,147,pigeonpeas
71.0,57.0,38.0,16.8,88.0,5.14,2008.0,Sandy Loam,162,Tea
13.0,47.0,20.0,29.21780035,87.93724219,6.54450214,431.386631,Silty Loam,69,mungbean
69.61878465280802,47.011616871485224,99.78506372320851,18.532436896755925,73.61581214966805,5.525008631533675,932.7899443483489,Loam,115,potato
71.0,35.0,24.0,22.27373646,59.52193158,5.826426917,679.6704792,Loam,106,maize
118.0,12.0,47.0,27.96872279,92.17444796,6.010739645,289.4766949,Sandy Loam,89,muskmelon
63.15516735276425,46.12998164923318,54.22982884292336,18.005870561481615,83.89752151591621,6.383332594836103,1600.0883397171506,Sandy Loam,1687,macadamia
82.0,33.0,42.0,20.1,80.0,4.99,754.0,Sandy Loam,137,Beans
122.0,64.0,111.0,26.6,66.0,7.21,992.0,Loam,125,Tomato
128.9,74.5,135.2,18.0,71.3,6.6,495.0,Silty Loam,120,cabbage
102.0,63.0,56.0,20.5,91.0,6.09,1400.0,Loam,131,Tea
52.459683840341725,37.048710150502075,66.11260777338879,18.143721144356164,77.81201376244698,6.366156797659581,1358.5925668943628,Loam,1120,macadamia
49.0,60.0,87.0,20.6,59.0,7.78,593.0,Clay,187,Wheat
15.0,45.0,23.0,24.20422636,61.43378674,7.224193642,460.203959,Sandy Loam,78,mothbeans
36.0,67.0,77.0,18.36952567,19.56381041,7.152811172,792.6357665,Loam,99,chickpea
60.0,54.0,19.0,18.74826712,62.49878458,6.417820493,702.3401597,Silty Loam,107,maize
4.0,40.0,21.0,28.79728147,80.45744422,6.725551062,443.0070517,Sandy Loam,69,mungbean
76.0,48.0,18.0,19.29563411,69.63481219,5.77597783,832.1030571,Sandy Loam,110,maize
12.0,61.0,19.0,19.33162606,24.13995025,5.655726817,685.1253427,Sandy Loam,79,kidneybeans
82.0,25.0,51.0,24.31334971,87.47409052,6.074209622,481.1248366,Sandy Loam,88,watermelon
74.0,36.0,30.0,26.5,76.0,7.42,500.0,Silty Loam,262,Beans
74.28654460649506,47.00245339946848,56.91830321284345,24.24485195435873,69.11654547125322,6.585978586639131,1769.352268491566,Loam,452,avocado
13.0,8.0,12.0,25.16296632,92.54736032,7.105904818,1143.117197,Sandy Loam,218,orange
28.0,37.0,28.0,32.13409675,50.52559148,6.097869767,986.3333684,Loam,182,mango
118.0,37.0,37.0,25.4,75.0,7.22,272.0,Loam,242,Maize
108.0,65.0,63.0,23.1,68.0,7.4,557.0,Sandy Loam,156,Maize
77.0,53.0,29.0,18.1,64.0,5.81,502.0,Clay,121,Wheat
25.0,63.0,20.0,15.78601387,21.14544088,5.502999119,951.7028129,Loam,77,kidneybeans
118.6,58.9,155.4,20.9,66.2,6.1,960.0,Red Volcanic,120,tomato
113.90249024287816,66.6471122103022,60.633263365330805,21.583703108354232,83.7136111971622,6.400232173218342,895.5707112613413,Clay,79,kale
72.0,61.0,55.0,21.2,83.0,7.32,1148.0,Sandy Loam,210,Tomato
98.0,11.0,77.0,17.6,66.0,7.54,340.0,Sandy Loam,166,Maize
95.6,60.2,98.9,21.1,74.0,5.5,560.0,Loam,120,ribena
113.8,65.4,112.0,15.9,68.5,6.5,445.0,Silty Loam,120,cabbage
47.0,53.0,71.0,20.5,65.0,6.99,454.0,Silty Clay,208,Beans
72.87320150740165,67.13749397917223,94.70075193251772,18.245887707507354,75.40178196586629,5.158710785078953,1391.2097781631385,Loam,107,potato
15.0,31.0,118.0,20.3,75.0,6.07,839.0,Clay,174,Cassava
2.0,143.0,196.0,22.71271308,90.45261746,5.669489065,1098.852597,Silty Loam,186,apple
26.0,65.0,22.0,17.84806561,18.77621951,5.949949081,1430.984171,Sandy Loam,78,kidneybeans
87.0,28.0,30.0,25.60153969,68.66257977,6.536676653,1688.383605,Clay Loam,236,coffee
80.0,34.0,25.0,22.6,43.0,7.54,676.0,Sandy Loam,215,Wheat
67.0,51.0,24.0,23.50297882,61.32026065,5.584171461,647.7791424,Sandy Loam,106,maize
91.0,41.0,37.0,24.48556447,83.20630007,6.132570523,1922.316221,Silty Clay,168,jute
76.0,56.0,39.0,24.39459498,89.89106506,6.551130445,1971.220049,Silty Clay,169,jute
33.0,47.0,46.0,29.20300896,93.96834049,6.839443833,2094.083305,Red Volcanic,239,papaya
53.76609739470621,52.48402867513933,65.38153450903626,20.504333380680553,84.30507747769006,6.909090144198854,1742.1517513567665,Loam,505,avocado
50.0,9.0,64.0,27.5,66.0,6.67,672.0,Loam,137,Cassava
112.13260979176329,30.864492567521555,58.98264711056541,21.250468160224543,80.38137457112667,6.198217220058682,883.3559410318925,Clay,77,kale
35.83469578121449,17.72062491532989,29.801832364505447,24.11242408916453,65.9742233391093,6.995748823440023,402.1699808823256,Loam,112,millet
42.69277153980228,36.56409922221596,60.64024889724857,21.008539697559982,72.76292438102753,6.202077442306341,1685.7791993366131,Sandy Loam,385,avocado
125.0,63.0,58.0,21.6,59.0,6.54,540.0,Sandy Loam,173,Tomato
32.0,139.0,198.0,35.89307536,82.66850729,6.358186848,665.3946559,Loam,167,grapes
85.0,58.0,41.0,21.77046169,80.31964408,7.038096361,2266.555374,Clay Loam,165,rice
128.5,72.3,126.7,17.2,68.5,6.8,510.0,Loam,120,cabbage
145.0,80.2,138.9,18.5,72.1,6.9,510.0,Clay Loam,120,cabbage
95.0,52.0,65.0,21.9,68.4,6.1,890.0,Sandy Loam,120,passionfruit
44.0,63.0,15.0,26.42333018,64.51136845,7.338929556,634.6546487,Clay Loam,78,blackgram
92.5,62.3,76.8,26.2,72.5,6.4,1280.0,Loam,120,passionfruit
325.0,81.5,355.1,28.9,75.6,5.6,1350.0,Red Volcanic,120,pineapple
135.4,72.1,196.7,23.8,74.2,6.6,830.0,Loam,120,tomato
16.0,18.0,26.0,28.43647052,91.81320717,5.568365926,1455.414413,Coastal Sandy,365,coconut
62.671885828316206,54.34161480600015,42.73343297509737,21.61222534429084,68.15113844971664,6.289509651120069,1552.342431239291,Sandy Loam,437,avocado
53.96414264311752,46.44688997440211,45.46797101729892,18.665617197742375,79.76340175579959,6.407282510205537,1873.93690731767,Loam,1485,macadamia
34.0,59.0,23.0,28.56212158,83.24855855,6.935804256,564.8265193,Loam,69,mungbean
106.0,16.0,54.0,28.96017885,91.69532178,6.585872508,247.458198,Sandy Loam,89,muskmelon
32.0,43.0,22.0,31.99928579,54.1077461,5.270749441,716.266696,Sandy Loam,80,mothbeans
85.0,45.0,70.0,20.1,62.0,6.4,390.0,Sandy Loam,120,onions
60.63811022970205,34.90626849317397,90.42233504986646,29.614577303319734,79.78768141283581,6.0923386319826065,1224.9633403296666,Clay,133,sweet potato
112.0,61.2,99.1,17.3,68.5,6.2,520.0,Silty Loam,120,onions
99.0,34.0,32.0,20.1,66.0,6.44,724.0,Silty Loam,178,Maize
60.0,15.0,8.0,19.9,48.0,6.6,446.0,Loam,98,Wheat
73.0,46.0,100.0,18.7,68.4,6.1,735.0,Loam,120,ribena
26.765409007868442,22.655886642993806,28.823111379609294,28.25113087222517,49.60649373740369,7.04207513323225,465.4054464231733,Sand,99,millet
81.0,49.0,65.0,23.3,67.0,5.34,1750.0,Silty Clay,192,Tea
24.7,46.8,58.9,20.1,65.2,6.9,485.0,Clay Loam,66,beans
89.0,83.0,47.0,28.09577643,77.79586769,5.63127166,1095.408614,Loam,297,banana
57.21752777993439,43.52375035884263,69.26990689970538,23.079136824520546,79.422030895865,6.279382542748113,1701.396076417217,Loam,672,avocado
20.0,68.0,23.0,25.54960633,63.95425534,7.707332484,631.830529,Clay Loam,78,blackgram
5.0,144.0,205.0,21.42177231,92.62665309,6.184922574,1028.045658,Silty Loam,184,apple
52.42846252436312,23.994071054722465,62.47516909345394,29.253994962435307,73.74067022255558,6.305706057175225,951.4027864772345,Loam,769,cashew
41.2504361399694,58.68347659207153,73.62719770323984,27.91407444255551,76.30225057578986,6.19364998711163,1025.6822437254627,Clay,99,sweet potato
52.0,27.0,23.0,24.1,83.0,5.97,544.0,Sandy Loam,155,Beans
105.7140972670637,40.25715039859297,72.24916603808607,23.322586379541907,79.61638076226969,7.221829599110466,695.2790859526233,Clay,62,kale
24.0,14.0,33.0,29.38072512,93.27565685,6.366219551,2185.241851,Red Volcanic,365,coconut
272.5,72.3,318.7,28.1,74.6,5.4,1250.0,Loam,120,pineapple
136.7,76.9,142.0,19.1,69.8,7.0,455.0,Silty Loam,120,cabbage
55.0,67.0,16.0,34.37329112,69.69366426,6.596719015,702.7184748,Loam,81,blackgram
290.1,76.5,320.4,27.9,73.2,5.6,1065.0,Sandy Loam,120,pineapple
39.0,21.0,9.0,13.20844373,94.02769434,6.354022554,1062.696156,Sandy Loam,215,orange
31.0,6.0,26.0,29.12859129,91.30924833,5.741367375,1572.388553,Sandy Loam,365,coconut
35.0,52.0,19.0,27.10606808,89.89593328,6.698574085,374.5680611,Loam,69,mungbean
22.0,55.0,16.0,23.7937153,68.03209183,6.516317561,497.3922097,Loam,101,lentil
68.90915020486459,51.733405153081236,47.953691037320226,19.765927436048663,70.2742479896117,5.911608018104669,1305.1505049409636,Clay,1486,macadamia
74.0,54.0,38.0,25.65553461,83.47021081,7.120272972,2173.788583,Clay,163,rice
110.6,59.5,160.2,20.9,62.8,6.3,660.0,Red Volcanic,120,tomato
25.0,143.0,198.0,22.81212536,91.51861705,6.027314401,1078.55225,Silty Loam,185,apple
27.0,8.0,30.0,26.44600063,98.29937782,6.008386283,2212.258168,Coastal Sandy,365,coconut
88.0,53.0,4.0,17.9,61.0,6.58,724.0,Silty Clay,258,Maize
88.89254279181787,48.58610007552376,58.88867449869339,15.240768432267371,82.68596856036076,6.497910841821932,1869.0057245984513,Clay,1160,macadamia
88.49912175801481,46.28554975650045,57.10184861404401,15.597910963327458,73.69725908253545,5.187459496313128,1231.5061203792316,Loam,1359,macadamia
36.0,43.0,21.0,28.36319404,84.8593608,7.140437859,529.3031105,Loam,69,mungbean
109.0,31.0,27.0,23.05951896,50.40609436,6.973839707,1644.971875,Red Volcanic,234,coffee
33.0,18.0,32.0,28.4,43.0,7.96,287.0,Clay,205,Sorghum
120.0,47.0,18.0,18.2,56.0,6.98,546.0,Sandy Loam,233,Maize
45.0,47.0,55.0,38.4191628,91.14220381,6.751452932,1192.653877,Sandy Loam,214,papaya
76.0,39.0,24.0,24.2547451,55.64709899,6.995843776,642.3845455,Silty Loam,106,maize
79.80181160542621,57.64263530929654,65.46207284664816,22.43050625628151,86.17277468434986,6.216064954672804,1852.7418229500586,Loam,1336,macadamia
64.7,37.2,89.5,16.8,72.4,6.3,820.0,Sandy Loam,120,ribena
65.32904281114439,58.19165084938628,97.90347504976575,28.381469272999595,73.79064055531788,5.88285268081733,1363.386645041571,Loam,121,sweet potato
33.0,4.0,107.0,28.0,85.0,7.23,1411.0,Silty Clay,171,Cassava
63.0,57.0,59.0,25.8,56.0,5.49,674.0,Sandy Loam,180,Maize
35.0,68.0,45.0,42.93605359,90.09448142,6.612429546,2348.466111,Loam,247,papaya
29.0,25.0,35.0,28.3575072,91.64509299,5.542873799,1607.306991,Coastal Sandy,365,coconut
36.0,7.0,37.0,19.8671184,86.35590206,5.782435567,1083.168858,Sandy Loam,216,pomegranate
91.0,36.0,45.0,24.44345477,82.45432595,5.950647577,2679.761948,Clay Loam,173,rice
16.0,139.0,203.0,17.82803682,80.96093443,6.27564088,658.4748763,Loam,158,grapes
67.0,46.0,44.0,26.82489244,78.20392774,7.093328631,1539.199807,Silty Clay,158,jute
67.0,60.0,38.0,24.79853023,78.53037059,7.16214284,1622.847429,Alluvial,160,jute
88.0,50.0,52.0,19.7,78.0,6.4,388.0,Loam,208,Maize
78.0,37.0,22.0,25.34217103,63.31801994,6.330554389,745.2082026,Silty Loam,108,maize
7.0,144.0,195.0,22.96388477,93.58065995,5.85648105,1046.472986,Loam,184,apple
95.60646290952656,52.76619237101731,72.190763160105,22.156969931298434,62.64836885999804,6.132368285718811,840.1440088846821,Clay,75,kale
43.723910281808024,34.894445859871986,41.007683568023545,29.73547164738254,78.13968946677363,5.992735524759642,938.7148199546143,Sandy Loam,847,cashew
100.55893330565002,30.283761582852126,56.40291590303427,16.74124850141854,81.42177313110157,6.704295944752656,715.5547187900067,Clay,76,kale
60.8,32.6,86.9,15.7,66.3,5.6,690.0,Sandy Loam,120,ribena
34.019526285713184,21.419115003946825,51.34232714857515,29.702070573648346,83.97687082553416,5.68730304611693,804.8631987621505,Loam,1032,cashew
60.0,43.0,44.0,21.01944696,82.95221726,7.416245107,2984.018471,Clay Loam,179,rice
27.0,72.0,23.0,19.92889503,21.79992115,5.961934481,640.2640797,Loam,79,kidneybeans
90.0,14.0,52.0,24.84740848,89.20454622,6.391858432,596.7927244,Sandy Loam,88,watermelon
7.0,20.0,12.0,16.53460397,94.76759975,6.475275337,1100.447896,Sandy Loam,216,orange
94.0,43.0,39.0,25.8,53.0,7.2,496.0,Clay,188,Maize
60.896782636867634,45.79243735196285,100.97367619251142,18.22197432845017,80.10408387190529,5.221288390772662,1219.6286969893847,Loam,125,potato
28.0,72.0,84.0,18.72963144,19.18197264,6.481783043,715.8010169,Loam,99,chickpea
35.83642933383558,58.40347127253853,75.72624122924478,29.13910045207265,73.16762194344258,5.718043153478198,1238.7880804900374,Clay,125,sweet potato
104.0,43.0,35.0,19.2,60.0,6.27,641.0,Loam,112,Wheat
70.2567104534472,41.55781887737998,45.928261915825175,21.854370007309665,71.44055723613074,5.874719682584523,1402.2098855139125,Loam,1419,macadamia
29.0,31.0,23.0,16.3,77.0,5.81,230.0,Sandy Loam,253,Beans
99.0,70.0,46.0,26.59580783,82.99556744,5.727469947,1005.123341,Loam,295,banana
67.0,58.0,39.0,25.2827223,80.54372813,5.453592032,2201.156708,Clay Loam,164,rice
115.14187159732022,69.88116017501437,44.35239957108672,24.509235086736677,64.3682166046597,6.671554305576594,839.9344426078945,Loam,66,kale
103.0,33.0,25.0,27.10210397,55.7497332,6.911066044,1395.013171,Clay Loam,226,coffee
56.0,56.0,47.0,17.2,79.0,7.02,721.0,Sandy Loam,241,Maize
86.0,15.0,47.0,24.04355803,84.18406764,6.423898762,537.8929956,Sandy Loam,88,watermelon
40.0,78.0,20.0,19.18572809,20.83398341,5.669236258,801.5293435,Silty Loam,79,kidneybeans
34.0,74.0,55.0,19.2,70.0,6.5,470.0,Silty Loam,66,beans
81.0,46.0,67.0,30.0,69.0,7.35,440.0,Sandy Loam,135,Maize
77.0,52.0,41.0,23.89069041,83.46409075,6.097294061,1677.230632,Alluvial,161,jute
40.0,63.0,18.0,30.41588462,67.66323804,6.74441168,630.2473185,Sandy Loam,80,blackgram
280.4,72.9,390.6,27.9,74.0,5.5,1500.0,Loam,120,pineapple
21.0,31.0,50.0,28.9,59.0,7.38,201.0,Silty Loam,239,Sorghum
47.0,28.0,48.0,27.5,56.0,7.29,547.0,Loam,153,Maize
111.0,50.0,15.0,25.16820129,80.30351815,7.884550475,846.2419032,Clay Loam,171,cotton
82.0,39.0,64.0,26.1,45.0,6.21,1041.0,Sandy Loam,198,Tomato
59.0,10.0,30.0,13.8,51.0,7.6,364.0,Silty Loam,180,Wheat
76.0,36.0,43.0,23.2,41.0,6.48,365.0,Sandy Loam,257,Maize
27.0,60.1,59.7,20.5,66.8,6.8,455.0,Silty Loam,66,beans
86.92292517088778,47.60108897775481,99.04286309843815,10.776538187247988,87.62590112263943,6.428898190687601,912.8638047218805,Loam,125,potato
60.60294576789974,48.08122787587005,52.378736403967366,16.55741247718807,61.55742434675349,7.499476818909439,912.9737565627177,Sandy Loam,63,kale
14.0,59.0,22.0,23.82723528,67.89815262,6.76660668,469.0725077,Clay Loam,101,lentil
40.0,5.0,32.0,26.07010807,96.7036223,5.981169595,1435.33473,Coastal Sandy,365,coconut
40.0,45.0,65.0,20.8,65.0,7.44,1033.0,Loam,189,Tomato
92.4,61.4,75.9,24.9,71.2,6.3,1500.0,Loam,120,passionfruit
27.0,71.0,24.0,31.46417866,48.17631461,7.064973419,1654.05354,Loam,153,pigeonpeas
35.0,9.0,35.0,24.9,67.0,6.37,213.0,Sandy Loam,189,Beans
152.3,92.1,142.8,17.9,63.8,6.8,610.0,Clay Loam,120,cabbage
9.0,59.0,25.0,30.39321309,60.16299493,7.699200949,353.7493212,Sandy Loam,80,mothbeans
115.0,68.0,98.0,21.7,69.1,6.9,512.0,Loam,120,onions
125.0,65.0,180.0,23.0,66.8,6.3,720.0,Sandy Loam,120,tomato
76.0,22.0,84.0,24.2,74.0,6.47,707.0,Loam,221,Wheat
26.0,52.5,51.0,20.2,63.7,6.6,420.0,Sandy Loam,66,beans
87.0855452749616,37.45824434000295,48.75530541633597,22.283192929155504,78.43238014057076,5.831166850885298,1567.4542487406334,Sandy Loam,1374,macadamia
240.3,66.1,310.0,26.4,70.5,5.8,1120.0,Sandy Loam,120,pineapple
14.0,18.0,30.0,29.80747243,52.13797867,5.191265116,957.4606104,Sandy Loam,181,mango
46.42835642607414,25.2462473623841,69.91398241102351,27.250929375310623,60.20823556960003,5.568664175073185,1107.097634565935,Sandy Loam,1073,cashew
39.0,50.0,68.0,19.0,49.0,5.57,435.0,Silty Clay,186,Beans
65.0,39.0,45.0,23.66805429,70.89000744,6.768001309,1844.633281,Alluvial,166,jute
99.0,10.0,68.0,16.6,76.0,6.53,628.0,Silty Clay,151,Wheat
33.45469141090141,47.536363938921845,61.94170898168039,29.274955368567227,70.54659944829625,5.765020740782759,764.4891854289096,Sand,1048,cashew
280.1,70.2,315.0,27.0,71.0,5.7,1105.0,Sandy Loam,120,pineapple
31.0,27.0,51.0,23.4,55.0,7.53,525.0,Sandy Loam,171,Sorghum
17.0,16.0,14.0,16.39624284,92.18151927,6.625538653,1029.44161,Loam,214,orange
25.0,129.0,195.0,17.98667801,81.17712085,5.777271492,723.7127689,Red Volcanic,158,grapes
11.0,132.0,197.0,15.99050693,81.23966573,5.734317007,744.0198861,Red Volcanic,157,grapes
58.0,66.0,79.0,20.99373558,19.33470387,8.718192847,935.5280105,Sandy Loam,100,chickpea
47.0,32.0,18.0,26.9,74.0,7.33,372.0,Loam,206,Maize
3.0,27.0,44.0,24.56811204,92.03009222,6.591302797,1109.633894,Loam,216,pomegranate
16.0,70.0,20.0,24.80467592,40.1242747,5.6093956,1215.639121,Red Volcanic,144,pigeonpeas
4.0,40.0,26.0,27.58258929,48.56916221,6.720041791,958.445641,Sandy Loam,181,mango
103.03461418583278,46.967804608109084,58.733328008084044,16.45939362168053,80.50047014664646,6.259372597872405,667.6740685191252,Loam,63,kale
92.0,47.0,48.0,15.4,71.0,7.78,656.0,Loam,169,Wheat
36.0,15.0,26.0,33.9,51.0,6.15,370.0,Silty Clay,229,Sorghum
29.0,50.0,66.0,18.9,64.0,6.8,420.0,Sandy Loam,66,beans
90.0,15.0,52.0,27.04927452,91.3821731,6.448061578,236.5747461,Sandy Loam,89,muskmelon
32.0,76.0,15.0,28.05153602,63.49802189,7.604110177,433.5795377,Sandy Loam,104,lentil
44.20012356060027,49.54060490588786,64.2778489579029,16.55244858625516,65.01046766947488,5.961275760225553,1758.6295132823516,Loam,652,avocado
27.0,62.0,24.0,28.63005477,66.770943,7.353876754,622.737345,Clay Loam,79,blackgram
51.23602066578983,44.65977027764412,75.6727811529035,16.737263347900967,71.33278126897397,5.5273561210768065,1873.30486247669,Loam,1159,macadamia
125.6,55.3,170.8,20.9,66.2,6.4,640.0,Sandy Loam,120,tomato
38.0,15.0,30.0,28.91862016,48.13974548,5.075504537,970.1331604,Sandy Loam,182,mango
105.0,24.0,31.0,29.8,77.0,5.8,615.0,Sandy Loam,168,Maize
87.4136685030333,66.76698994523485,51.524499610484966,22.842039427838237,68.56140740789519,7.26829466901885,1191.919981595257,Clay,79,kale
62.0,58.0,18.0,20.3,67.0,6.12,327.0,Silty Clay,209,Wheat
77.0,57.0,44.0,27.9,72.0,5.98,363.0,Clay,144,Tomato
90.55260258307177,72.51718553096157,98.19185470332603,19.68954765582519,79.82483453194317,5.2765507727811265,1334.3026650703482,Clay,104,potato
74.92911044739392,67.73896224402101,65.90221313011112,22.86877792858246,77.19127645447277,6.480510489344453,1809.368354833011,Clay,1722,macadamia
40.0,70.0,20.0,31.80130272,45.03186173,5.623490043,1470.361442,Sandy Loam,149,pigeonpeas
19.0,3.0,20.0,31.8,31.0,6.74,498.0,Silty Loam,242,Sorghum
22.0,42.0,22.0,25.54249137,56.96640758,7.887658711,484.6797044,Sandy Loam,78,mothbeans
97.0,22.0,23.0,21.2,46.0,6.78,487.0,Loam,208,Wheat
82.0,78.0,46.0,25.05802193,84.97323747,5.738678895,1104.408803,Red Volcanic,297,banana
32.0,66.0,17.0,34.9466155,65.26774011,7.162357641,701.415139,Loam,81,blackgram
93.0,31.0,74.0,10.7,56.0,7.67,339.0,Silty Loam,207,Wheat
67.0,53.0,12.0,26.4,52.0,7.2,653.0,Silty Loam,243,Maize
92.8,49.1,74.5,15.2,63.8,6.5,390.4,Sandy Loam,120,onions
79.0,29.0,40.0,22.4,50.0,7.72,866.0,Clay,123,Maize
37.0,64.0,22.0,17.48189735,18.8251973,5.954665349,1219.401369,Silty Loam,78,kidneybeans
92.0,55.0,25.0,21.8,74.0,7.45,514.0,Sandy Loam,234,Maize
66.7199638417826,42.062358161264164,114.84102033018574,10.210137735314103,76.8342931263467,6.076816505477868,946.1618779971737,Loam,98,potato
79.3169677711902,38.2239507185964,79.21565820403718,15.359860003485483,74.95496866394454,6.251484727941692,1458.3729166974338,Loam,1635,macadamia
34.8,78.5,49.7,20.3,65.2,6.5,420.0,Loam,66,beans
20.0,68.0,17.0,30.11873003,60.11680815,6.578714843,717.2980375,Loam,80,blackgram
115.6,62.3,172.8,25.1,66.4,6.8,920.0,Sandy Loam,120,tomato
100.0,46.0,18.0,24.18586246,76.04203958,6.431689506,690.8056728,Black Cotton,167,cotton
230.6,65.5,275.2,26.8,73.2,5.3,1120.0,Red Volcanic,120,pineapple
83.76634171698514,64.36093110336628,90.90091744473521,14.702998638752792,72.39345475708647,5.029560960108148,1474.552925074595,Sandy Loam,110,potato
95.0,16.0,53.0,22.5,89.0,5.73,292.0,Loam,181,Beans
10.0,59.0,22.0,28.60901145,86.99495766,7.155685016,369.4616965,Loam,69,mungbean
71.0,17.0,59.0,17.4,50.0,6.29,369.0,Silty Clay,216,Wheat
13.0,144.0,204.0,30.7280404,82.42614055,6.092241627,683.8135469,Red Volcanic,165,grapes
81.12304946424557,48.5763062793948,84.91967594727896,22.98473649314218,88.71211524326017,6.4119200901720514,1914.132938219559,Loam,1405,macadamia
29.0,26.0,57.0,24.9,77.0,5.78,458.0,Loam,153,Beans
24.0,67.0,22.0,20.120043,22.89845607,5.618844277,1046.252153,Silty Loam,80,kidneybeans
91.0,53.0,40.0,26.52723513,81.41753846,5.386167788,2646.148697,Clay,172,rice
118.6,66.8,125.0,19.0,71.2,6.6,450.0,Loam,120,cabbage
1.0,30.0,29.0,28.33333307,51.39586505,6.434197756,916.7241761,Red Volcanic,180,mango
59.0795002465277,52.82580243601568,98.43529406999043,20.695526071415472,76.56379242909665,5.548146830351892,789.8770677029545,Loam,135,sweet potato
33.0,120.0,205.0,35.12158265,82.26890793,5.550832178,697.1518491,Loam,167,grapes
85.0,6.0,57.0,17.0,74.0,6.81,425.0,Silty Loam,217,Wheat
37.0,79.0,19.0,27.54384835,69.3478631,7.143942758,694.0878198,Loam,79,blackgram
70.0,28.0,31.0,26.5,74.0,5.93,324.0,Sandy Loam,210,Beans
33.17646218219474,47.222679688775266,67.32906280438765,24.146395467413033,81.96115025427544,5.929069365929741,789.2154764338975,Sand,852,cashew
102.0,45.0,16.0,23.65629976,77.52425987,7.2942193,748.984994,Loam,168,cotton
91.0,30.0,65.0,22.4,89.0,6.71,407.0,Silty Clay,192,Tomato
107.0,68.0,80.0,21.4,69.1,6.1,455.0,Silty Loam,120,onions
29.0,76.0,15.0,28.5417236,64.2020154,7.025607706,696.8862306,Loam,79,blackgram
52.12549654113529,33.65573458887868,42.97397377150675,26.568066453030276,81.85740319270148,7.258796527268837,1148.424591463986,Sandy Loam,854,cashew
60.0,74.0,35.0,18.1,75.0,4.59,2874.0,Sandy Loam,197,Tea
87.0,44.0,43.0,23.87484465,86.79261344,6.718725189,1775.147313,Clay Loam,164,jute
31.54903508283453,47.45141987620136,66.46775647719745,26.28530402968908,63.2337748592836,7.400933160892944,1037.7967816218904,Loam,985,cashew
37.0,33.0,63.0,32.8,46.0,6.34,170.0,Sandy Loam,104,Sorghum
5.0,18.0,14.0,33.1056981,93.48447453,7.434118807,1191.709113,Red Volcanic,219,orange
15.0,28.0,32.0,28.84270971,99.64328526,6.218571874,2244.016682,Red Volcanic,365,coconut
40.0,11.0,44.0,24.45840036,86.10874614,6.322396027,1113.779693,Red Volcanic,217,pomegranate
69.03397374386644,72.67628653708584,95.05768543552725,18.50818995230847,73.65509102595772,5.911021630730175,1374.4666111866957,Loam,101,potato
60.0,59.0,22.0,31.86847286,66.74217464,7.191522601,742.2238583,Sandy Loam,80,blackgram
13.0,75.0,20.0,30.55992394,35.29006485,6.979540061,1788.998611,Sandy Loam,155,pigeonpeas
59.939899217869765,39.65000964899637,79.18211978642405,21.639952601410698,64.06878398312715,6.168420913045691,1261.2923410078874,Sandy Loam,91,sweet potato
87.0,10.0,24.0,20.8,68.0,6.53,390.0,Loam,251,Maize
56.18828590535141,32.136727613127135,46.12377358933142,23.124797080322022,77.87644902471385,6.252743773608922,1277.9708704160773,Sandy Loam,499,avocado
91.0,71.0,65.0,18.7,64.0,6.76,749.0,Clay,93,Tomato
106.0,21.0,52.0,28.89578588,94.78993038,6.286515359,230.362503,Sandy Loam,89,muskmelon
22.0,70.0,19.0,18.23775702,21.07643273,5.515615023,694.4951585,Sandy Loam,79,kidneybeans
24.5,60.0,72.0,20.5,67.0,6.3,455.0,Clay Loam,66,beans
290.5,83.2,350.6,27.9,81.0,5.7,1020.0,Sandy Loam,120,pineapple
76.0,54.0,45.0,24.29496635,77.62976013,6.176618831,1849.800516,Alluvial,166,jute
40.0,45.0,18.0,30.43683729,55.20522037,5.261285926,309.2014047,Sandy Loam,80,mothbeans
61.62827867436995,42.32148442808807,72.97942866044275,19.023676492540904,81.1403814629294,6.133336533147876,1499.979812412323,Loam,655,avocado
77.0,45.0,64.0,24.0,74.0,6.34,575.0,Silty Clay,105,Maize
56.0,32.0,59.0,21.2,73.0,6.4,326.0,Loam,180,Beans
99.0,12.0,52.0,28.69708334,94.30759855,6.002927293,222.1807088,Loam,89,muskmelon
35.0,41.0,18.0,28.70562673,81.59200689,6.705008504,598.7065439,Loam,69,mungbean
29.0,36.0,25.0,28.28511547,88.4393979,7.130278657,485.6690235,Loam,69,mungbean
9.0,76.0,25.0,28.88302142,50.12323801,5.70951224,1792.155874,Sandy Loam,155,pigeonpeas
112.0,19.0,50.0,24.4,75.0,6.94,343.0,Loam,158,Maize
6.0,144.0,198.0,21.11478672,90.31528693,5.559363609,1045.086618,Silty Loam,184,apple
180.0,90.0,240.0,26.1,75.0,6.7,980.0,Loam,120,tomato
66.0,52.0,61.0,21.3,53.0,7.09,362.0,Loam,171,Wheat
84.0,51.0,35.0,22.30157427,80.64416466,6.043304899,1979.791215,Clay,159,rice
52.79725309624365,45.19742682927726,46.984992531503536,16.621918232896796,78.3198136868896,5.934713803815362,1414.9184469960344,Sandy Loam,1749,macadamia
70.0,47.0,17.0,24.6129118,70.4162444,6.600827017,1041.626147,Loam,116,maize
63.7,32.9,85.6,15.8,62.4,5.7,640.0,Sandy Loam,120,ribena
110.3,58.9,172.4,21.5,65.5,6.4,710.0,Sandy Loam,120,tomato
70.0,65.0,55.0,20.8,72.0,7.26,828.0,Silty Loam,158,Tomato
30.0,1.0,49.0,31.4,55.0,7.3,804.0,Sandy Loam,273,Cassava
24.7,74.5,66.0,19.8,63.5,6.9,476.0,Silty Loam,66,beans
60.83406574475678,32.2954884585839,84.92711629171649,28.57005932310649,62.30132986331042,6.19438245709861,1195.8531901825177,Sandy Loam,123,sweet potato
31.0,33.0,46.0,34.3,45.0,6.01,133.0,Sandy Loam,176,Sorghum
110.3,63.9,108.2,16.2,64.9,6.5,420.0,Clay Loam,120,cabbage
109.0,23.0,25.0,25.11711046,68.48030408,7.00733163,1948.773479,Loam,244,coffee
39.21713030833757,37.39991466258343,48.12423044174683,31.169760400476157,58.27024527462905,6.8786067420255925,397.0933151778464,Sand,99,millet
38.0,55.0,19.0,33.18184225,38.23184742,5.864623352,1988.298806,Red Volcanic,159,pigeonpeas
74.6,40.7,87.5,17.2,63.9,6.0,730.0,Loam,120,ribena
57.178580439295914,46.82151698784375,50.70481890403633,31.358480294029548,69.89339400978889,6.403117110755478,821.8093032149022,Loam,761,cashew
46.88709400757206,31.23323177674677,58.90753053317682,22.135201700232063,65.33696785710903,5.506045925585692,1488.5133085531243,Loam,124,sweet potato
21.0,38.0,21.0,29.75538903,86.45193297,6.637677489,375.4602719,Loam,69,mungbean
42.0,61.0,22.0,26.27274407,62.28814857,7.418650668,702.3207557,Loam,78,blackgram
35.0,128.0,205.0,21.07273439,93.56585985,6.041053829,1078.737015,Silty Loam,185,apple
23.440760947075425,15.859432204661916,44.71022629762909,24.221428807813076,64.68485093431998,7.130621732907135,380.6840883591642,Loam,80,millet
112.4,70.0,101.2,29.0,81.0,6.4,1780.0,Red Volcanic,120,passionfruit
50.8363816627462,54.36748822648474,54.54157519635417,23.89777267093634,83.66276694784716,6.857275749195303,1028.9955697419884,Loam,453,avocado
90.89869688678284,63.909856967080984,63.95627024759354,22.67354728045794,71.68519117470767,6.704425579179161,620.2016673926258,Loam,76,kale
89.0,57.0,43.0,26.91515043,73.19897535,6.998787171,1772.233048,Alluvial,164,jute
34.0,60.0,25.0,29.78416743,85.16906976,6.79385576,407.7872823,Loam,69,mungbean
40.0,144.0,196.0,22.71750705,92.25479855,5.987262638,1070.289866,Loam,185,apple
7.0,17.0,10.0,10.16431299,91.22320999,6.465913274,1063.62551,Red Volcanic,215,orange
105.0,60.3,122.7,21.0,74.8,6.1,900.0,Loam,120,ribena
27.0,73.0,79.0,19.16288268,15.83500655,7.354973451,826.9766829,Sandy Loam,99,chickpea
24.0,73.0,20.0,19.63736208,32.31528909,4.608695247,1764.134092,Sandy Loam,155,pigeonpeas
50.0,12.0,63.0,27.9,75.0,4.82,1386.0,Sandy Loam,159,Cassava
83.0,15.0,49.0,28.92705913,91.39356832,6.438008153,232.0076686,Loam,89,muskmelon
48.678406897193526,36.870941431931726,67.80456179379615,20.35829502259065,79.10909682985071,6.98977149239262,1140.320857465329,Loam,466,avocado
33.0,59.0,22.0,22.64236876,21.59396123,5.946999529,1223.886015,Loam,81,kidneybeans
107.0,23.0,55.0,21.5,52.0,6.97,1136.0,Loam,127,Tomato
27.0,43.0,23.0,31.70447482,56.85420099,5.875333778,449.4317432,Loam,80,mothbeans
395.0,99.0,405.0,31.0,84.0,4.7,1500.0,Loam,120,pineapple
74.0,45.0,69.0,22.8,48.0,5.76,792.0,Loam,123,Maize
7.0,11.0,32.0,29.25902906,95.11294697,5.542169139,1847.624496,Coastal Sandy,365,coconut
40.670458653175984,24.17775470632811,40.019299524556715,22.16069287003381,66.15505178461558,6.83746361898367,531.6380338200349,Sandy Loam,97,millet
312.5,78.3,310.7,28.4,74.2,5.6,1200.0,Loam,120,pineapple
25.0,71.0,24.0,28.49538735,60.44848407,7.187721818,749.1559514,Loam,79,blackgram
73.1574393148735,64.58785235820669,74.06772688896882,12.853312104116588,79.5761595777098,5.009766902449107,1153.080447577695,Loam,128,potato
112.7,66.9,118.3,16.4,63.2,6.5,430.0,Silty Loam,120,cabbage
103.48141307701141,72.24947102867996,86.69079669370575,10.362819564780533,85.3423598114729,5.406604522476898,950.4820302113966,Loam,131,potato
6.0,36.0,22.0,24.21610338,59.79236306,8.869532817,422.4783476,Loam,78,mothbeans
25.0,41.0,47.0,9.0,65.0,7.05,644.0,Loam,230,Wheat
40.0,80.0,78.5,23.2,72.1,7.1,520.0,Loam,67,beans
66.63141741145652,49.47137728640679,50.94827612759124,21.969544862759992,69.1000777888177,6.001581623499696,863.536595545796,Clay,60,kale
14.0,67.0,15.0,19.56376468,24.67385131,5.690065688,1392.921004,Loam,79,kidneybeans
0.0,145.0,205.0,21.22503442,90.09877774,5.52078314,1139.760462,Loam,187,apple
96.0,13.0,55.0,29.5275305,94.57459443,6.700337732,211.3545688,Loam,89,muskmelon
66.46573629303599,54.21465686027001,73.22398675166103,16.857083966059385,76.4656872982701,5.551454965033168,1343.675889094175,Clay,1365,macadamia
74.68706541788464,65.95502893133482,114.44589619657408,15.430126107944403,78.2245322964889,6.13112240179675,1261.8296299423907,Sandy Loam,139,potato
89.0,85.0,55.0,26.6719835,76.48541655,6.275384607,917.3358569,Loam,292,banana
40.0,23.0,113.0,27.3,59.0,4.62,1429.0,Sandy Loam,177,Cassava
24.0,38.0,22.0,24.47876451,58.51663927,8.202706015,349.6933295,Sandy Loam,78,mothbeans
29.0,54.0,16.0,27.78031515,54.65030015,8.153022903,320.5025323,Loam,79,mothbeans
26.0,72.0,22.0,28.76794904,37.57792132,4.674941549,917.2084869,Loam,138,pigeonpeas
8.0,72.0,17.0,20.57341244,19.7520218,5.711439256,878.7869161,Loam,80,kidneybeans
22.0,60.0,18.0,19.59221047,61.28633405,6.74398035,417.704893,Sandy Loam,99,lentil
97.0,35.0,26.0,24.91461008,53.74144743,6.334610249,1662.549307,Red Volcanic,235,coffee
18.0,8.0,98.0,26.3,68.0,5.32,983.0,Silty Loam,186,Cassava
92.0,55.0,110.0,20.1,63.9,6.1,680.0,Silty Loam,120,ribena
83.0,60.0,36.0,25.59704938,80.14509262,6.903985986,2008.34898,Clay,160,rice
50.0,55.0,16.0,28.81460716,65.33538112,7.581442888,622.6242533,Sandy Loam,79,blackgram
56.0,38.0,32.0,17.9,64.0,7.37,500.0,Loam,166,Wheat
43.04937272409319,35.66250155297355,26.198075272981356,33.15358609292893,40.541981909430824,7.36523129173438,552.5034891676142,Sandy Loam,116,millet
330.7,84.2,360.0,28.8,77.5,5.7,1180.0,Loam,120,pineapple
101.2,63.1,79.4,24.5,71.0,6.1,1200.0,Loam,120,passionfruit
16.0,65.0,16.0,18.13027797,62.45851612,6.078724107,506.128521,Loam,99,lentil
78.0,40.0,98.0,18.4,69.8,5.9,710.0,Loam,120,ribena
34.2,75.6,73.5,23.6,61.9,6.9,410.0,Silty Loam,67,beans
57.15119542008291,45.30478360924485,45.93976653706193,23.551315770828865,83.09638042351922,5.825173418936202,1552.6919461201205,Loam,1682,macadamia
20.0,20.0,10.0,11.86631922,93.68394562,6.976997772,1060.60149,Loam,215,orange
58.0,45.0,7.0,22.5,54.0,7.46,658.0,Loam,113,Beans
21.0,9.0,40.0,24.51147697,90.64498715,5.956401828,1056.209954,Red Volcanic,215,pomegranate
27.0,61.0,18.0,33.30711818,67.07780816,5.266227032,1085.090168,Sandy Loam,141,pigeonpeas
260.1,66.8,240.9,25.9,69.8,5.6,1012.0,Sandy Loam,120,pineapple
51.0,56.0,18.0,28.12787838,64.2097765,6.706505915,708.6340755,Loam,79,blackgram
58.0,71.0,15.0,27.82592799,67.5861883,6.919243702,740.1229707,Sandy Loam,79,blackgram
72.8,35.6,95.2,16.9,62.5,5.8,820.0,Sandy Loam,120,ribena
110.0,21.0,54.0,26.73690828,87.82430156,6.747537642,474.6447019,Loam,88,watermelon
56.791362639178644,17.626539723518924,29.395452099727603,25.24838374754998,67.8257731499098,6.951765877630118,503.88649521707214,Loam,119,millet
39.0,76.0,76.0,19.96837462,15.57324389,8.135900726,691.5759062,Clay Loam,99,chickpea
91.0,9.0,63.0,19.8,42.0,6.09,504.0,Loam,103,Wheat
61.856407840810235,48.234938607249035,74.83387184837665,23.15201666497285,70.83757324189305,6.9778996637916775,1430.698620512487,Loam,660,avocado
29.0,27.0,16.0,27.4,28.0,7.77,410.0,Loam,175,Sorghum
58.0,51.0,47.0,42.13473976,91.70445386,6.757470637,1974.02901,Sandy Loam,236,papaya
107.52881890443021,58.89480036508701,110.83848799792017,18.184522640866767,75.64167270651943,6.3057686595521325,1419.6540816456177,Loam,101,potato
71.0,23.0,71.0,27.4,70.0,6.57,942.0,Loam,203,Tomato
84.0,29.0,49.0,29.94349168,93.90741192,6.251420275,203.9020503,Sandy Loam,89,muskmelon
68.0,42.0,42.0,16.7,57.0,7.13,1055.0,Loam,147,Tomato
12.0,29.0,40.0,19.68291173,89.75272999,6.594037135,1112.818551,Loam,217,pomegranate
70.0,38.0,35.0,24.39736241,79.26861738,7.014063944,1642.697011,Clay Loam,161,jute
88.0,43.0,34.0,22.5,48.0,7.29,439.0,Silty Loam,167,Maize
69.30751395505447,30.988117938569086,46.38529190821939,19.055438401377526,84.64520110913617,6.4387033576241155,741.3846170168679,Sandy Loam,67,kale
5.0,74.0,21.0,16.24469193,21.35793891,5.591704014,669.7053257,Sandy Loam,78,kidneybeans
8.0,38.0,32.0,29.75150773,46.73723302,4.981816523,914.05983,Sandy Loam,180,mango
69.0,51.0,23.0,22.21738222,72.85462807,6.80163854,1066.213157,Loam,116,maize
132.0,52.0,19.0,24.16402322,76.7433897,6.436691764,619.4626051,Loam,165,cotton
4.0,46.0,15.0,31.01274943,62.40392519,3.504752314,637.7192383,Loam,80,mothbeans
102.5,58.3,82.1,24.6,72.4,6.2,1280.0,Loam,120,passionfruit
39.84201154123731,26.899941390808117,20.624178138174067,34.14996161711984,52.15576253368533,5.5448791616275495,320.58808207081904,Sandy Loam,107,millet
65.0,63.0,50.0,31.88342554,91.3256535,6.524459342,792.7201575,Sandy Loam,202,papaya
66.0,37.0,45.0,21.9,48.0,5.24,197.0,Loam,205,Beans
111.0,34.0,40.0,13.3,55.0,7.47,735.0,Clay,98,Wheat
3.0,58.0,21.0,25.36140526,46.82652785,9.160691747,556.0523179,Sandy Loam,78,mothbeans
99.0,92.0,47.0,28.1279509,77.48247073,6.323933647,1035.045395,Clay Loam,295,banana
31.0,48.0,17.0,28.88078945,86.94206817,6.594739424,537.9732545,Loam,69,mungbean
93.0,22.0,52.0,26.58740671,81.32563243,6.932739726,418.7540028,Loam,88,watermelon
92.5,52.0,79.0,18.2,66.5,6.8,432.0,Loam,120,onions
86.0,49.0,52.0,20.6,72.0,6.29,604.0,Sandy Loam,211,Maize
95.0,58.0,83.0,27.6,77.2,6.1,1440.0,Loam,120,passionfruit
61.73611335806922,27.29497623824335,88.65349889071727,20.224666503701737,70.15735491248415,5.5510397639539155,1333.2652501916484,Clay,128,sweet potato
114.0,8.0,50.0,24.74631269,88.30866319,6.581587932,579.5826144,Sandy Loam,88,watermelon
92.0,44.0,16.0,18.87751445,65.76816093,6.082973754,947.6189431,Silty Loam,113,maize
16.0,130.0,201.0,29.12033769,82.79092939,5.682395429,688.503047,Loam,164,grapes
123.0,78.6,99.1,28.6,83.5,6.9,1650.0,Silty Loam,120,passionfruit
46.242036993804476,39.62478552681924,54.58356511433486,23.007801513222546,77.28996103793807,5.858549099302812,1564.0699573578304,Clay,633,avocado
100.0,35.0,85.0,19.7,84.0,5.25,1574.0,Loam,182,Tea
80.0,16.0,46.0,25.50405534,81.40297428,6.940236218,484.7833278,Sandy Loam,88,watermelon
129.0,47.0,20.0,24.41212325,80.80343786,6.281913858,986.0457373,Black Cotton,174,cotton
12.0,6.0,8.0,30.84835031,92.86773675,6.388617138,1074.142681,Loam,215,orange
39.0,70.0,15.0,20.76774783,63.90164154,6.366355781,479.271552,Clay Loam,100,lentil
105.2,52.3,76.4,13.9,64.8,6.2,355.0,Silty Loam,120,onions
83.0,79.0,55.0,25.14748006,83.34688193,5.565028635,986.6679427,Loam,294,banana
56.0,67.0,78.0,17.57445618,16.71826572,8.255450758,778.1891424,Clay Loam,98,chickpea
80.0,43.0,16.0,23.55882094,71.59351368,6.657964753,667.1995467,Silty Loam,106,maize
20.0,60.0,22.0,29.65052947,42.89833235,6.876572503,1869.226052,Sandy Loam,157,pigeonpeas
112.9,66.7,110.4,16.8,65.2,6.5,430.6,Silty Loam,120,cabbage
75.0,22.0,44.0,20.9,50.0,6.74,615.0,Sandy Loam,235,Wheat
54.0,66.0,52.0,36.56769731,93.79503425,6.867554147,1044.218596,Loam,209,papaya
34.0,34.0,35.0,27.27433181,47.16808054,6.422710539,952.57992,Loam,181,mango
66.25562104231355,41.45283029077811,79.81832913305966,21.920487669527592,78.39021647147851,5.720985750996279,1503.1715542228008,Loam,498,avocado
43.0,6.0,36.0,24.5,60.0,7.33,690.0,Loam,176,Maize
108.0,92.0,53.0,27.40053601,82.96221306,6.276800323,1049.378,Red Volcanic,296,banana
69.0,46.0,41.0,23.64124821,80.28597873,5.012139669,2631.103304,Silty Clay,172,rice
71.0,56.0,37.0,23.18866654,86.20899734,6.491506245,1761.03677,Alluvial,164,jute
120.0,16.0,51.0,27.99901833,91.64193051,6.547041903,232.8618248,Sandy Loam,89,muskmelon
76.49915165970063,54.11738537835747,52.5540625748145,19.681461222159903,82.27347897592293,5.759300159605538,1511.8501791437748,Loam,1714,macadamia
31.0,25.0,38.0,24.96273236,92.40501423,6.497366677,1094.169192,Red Volcanic,216,pomegranate
34.0,3.0,35.0,25.1,43.0,6.37,242.0,Clay,160,Sorghum
23.0,5.0,44.0,21.20725375,94.26304717,7.16300467,1075.660804,Loam,215,pomegranate
58.536534167558855,41.45136753659415,48.436375336953645,24.03537239816491,81.25058563090967,6.825791509431067,1036.9021358100122,Clay,576,avocado
33.5,75.0,65.0,23.8,67.2,6.95,495.0,Sandy Loam,67,beans
106.0,34.0,65.0,21.3,82.0,5.26,2887.0,Sandy Loam,183,Tea
81.48760236519186,57.639357452989884,59.02975259218837,23.062549754097173,71.24574437990094,7.274921259018892,981.4555590640987,Loam,80,kale
52.5408335174351,29.796811350930344,33.995895102402166,24.482767479050565,51.5662112358004,7.074273488578298,359.6171022190682,Loam,93,millet
58.0,67.0,45.0,38.72382798,91.72514851,6.702424548,626.2377075,Red Volcanic,197,papaya
42.0,73.0,25.0,34.03679184,67.21113844,6.501869314,732.3573601,Clay Loam,81,blackgram
99.0,15.0,27.0,27.0424167,57.27927475,6.501157208,1656.872119,Red Volcanic,235,coffee
68.86869903080654,39.90292438543706,85.14535061578955,23.00402115835014,60.810134417514924,6.255068733289143,1299.3187455620396,Sandy Loam,95,sweet potato
47.0,60.0,38.0,15.5,63.0,6.85,536.0,Silty Clay,126,Wheat
68.0,41.0,69.0,21.9,80.0,7.42,842.0,Silty Clay,183,Maize
130.0,80.5,135.0,18.9,64.8,6.6,520.0,Loam,120,cabbage
91.0,46.0,47.0,10.6,43.0,6.24,359.0,Loam,241,Wheat
68.0,52.0,49.0,24.42561272,92.27749066,6.577192175,633.5298768,Loam,198,papaya
77.0,58.0,19.0,22.8056033,56.50768935,5.791649933,1015.952794,Loam,115,maize
94.0,23.0,55.0,16.8,53.0,7.69,303.0,Silty Loam,197,Wheat
34.6,65.9,78.3,21.9,70.2,6.5,470.0,Silty Loam,67,beans
69.02953301871783,47.66467532944577,47.75172791377511,20.972735603607983,73.4280931127592,5.767499767200801,1037.3234626346002,Loam,463,avocado
35.0,38.0,19.0,25.32688786,63.18180319,9.112771682,327.1129281,Loam,78,mothbeans
23.0,138.0,200.0,9.851242629,80.22631717,5.96537863,684.2802444,Sandy Loam,154,grapes
46.0,18.0,35.0,22.2,67.0,6.18,1069.0,Clay,200,Cassava
101.0,17.0,55.0,24.37118217,87.1269128,6.451499764,446.3907691,Sandy Loam,88,watermelon
46.0,25.0,53.0,23.4,51.0,6.82,866.0,Sandy Loam,215,Maize
24.0,19.0,93.0,28.4,80.0,5.02,1536.0,Clay,171,Cassava
134.2,54.7,168.9,22.7,69.8,6.5,820.0,Loam,120,tomato
50.0,49.0,15.0,16.9,82.0,6.29,636.0,Sandy Loam,257,Beans
40.0,24.0,96.0,22.3,77.0,7.38,1036.0,Clay,172,Cassava
96.0,66.0,87.0,28.9,55.0,5.88,1002.0,Loam,116,Tomato
118.0,88.0,51.0,25.44926208,79.49221962,6.201911642,1006.619171,Red Volcanic,295,banana
109.0,26.0,45.0,28.27973674,90.38971208,6.224535449,215.8992507,Loam,89,muskmelon
135.7,72.4,189.1,23.5,72.8,6.6,832.0,Loam,120,tomato
59.128069642118206,34.91450681707418,69.07453315225368,25.46504211470579,61.27175546304271,6.116682164328049,1152.7908109633872,Sandy Loam,915,cashew
24.0,42.0,23.0,28.22471276,82.35916228,6.428054409,440.1206619,Silty Loam,69,mungbean
105.0,65.0,90.0,26.5,68.0,6.8,1420.0,Sandy Loam,120,passionfruit
72.0,60.0,25.0,18.52510753,69.0276233,5.773454729,881.0234397,Silty Loam,112,maize
94.0,55.0,73.0,18.9,68.0,6.5,410.0,Loam,120,onions
5.0,126.0,197.0,12.80000387,81.20876367,6.417500829,671.0439401,Loam,156,grapes
24.0,70.0,21.0,19.14729038,45.3733757,5.517208078,1327.748215,Loam,146,pigeonpeas
14.0,74.0,19.0,18.39759147,36.82639309,6.624966131,931.2330644,Loam,138,pigeonpeas
52.0,65.0,20.0,32.81705216,66.15665137,6.814301033,688.3924882,Loam,80,blackgram
82.0,75.0,55.0,27.34585147,78.4873835,6.281069505,921.5524332,Clay Loam,293,banana
17.0,28.0,48.0,23.7,57.0,5.64,244.0,Silty Clay,150,Beans
54.37081889966383,40.03893568211156,63.239371082466356,22.49541792143129,73.80656325128314,5.937953672613555,1426.1160884181347,Loam,138,sweet potato
73.1527814496276,58.742386785434974,66.01047936200362,20.852930623463962,77.44132335388497,6.487292438808395,1725.3113631335086,Loam,1438,macadamia
59.0,63.0,18.0,31.65531175,60.13263713,6.52669158,666.9096751,Clay Loam,80,blackgram
0.0,18.0,14.0,29.77149434,92.00719952,7.207991261,1144.161786,Red Volcanic,218,orange
1.0,132.0,200.0,16.27852801,82.94270065,5.620745638,665.7462809,Sandy Loam,158,grapes
110.3,69.9,92.5,27.1,77.4,6.6,1430.0,Loam,120,passionfruit
112.01864470403876,41.59853792581707,59.870510296242266,15.671552608991181,78.95054374039482,6.134540509454284,998.9605222690552,Sandy Loam,81,kale
107.83783160418179,50.807827090962434,92.45701349271047,15.554262558231642,77.63590293301358,5.753515092384592,1160.485580248538,Loam,96,potato
77.10797335073823,51.4036295341072,50.53083184668478,18.537791366183573,85.79835576629284,6.247423567264605,1982.7271042225557,Loam,1359,macadamia
118.9672877752884,60.02086439416047,73.52714945247584,19.5601387003406,63.15604282240536,6.931452393823409,862.1292970429262,Loam,79,kale
86.0,37.0,16.0,20.51716779,59.21235483,5.561510732,676.1013737,Silty Loam,106,maize
29.0,142.0,203.0,29.67229086,83.71498986,5.891195653,664.8490371,Loam,164,grapes
90.0,39.0,23.0,21.8,51.0,7.28,350.0,Sandy Loam,159,Wheat
76.0,60.0,39.0,20.0454142,80.3477562,6.766240045,2085.810155,Clay Loam,161,rice
70.0,65.0,52.0,30.42012134,93.12659793,6.583528529,759.5295,Red Volcanic,201,papaya
53.12237224164787,40.28873511322395,75.13140261411232,21.679329722588637,76.98704856399434,6.364559024180516,785.4920429379679,Loam,129,sweet potato
68.5,42.0,105.0,17.3,67.2,5.8,750.0,Loam,120,ribena
29.0,22.0,43.0,19.66329768,87.95158129,5.561851831,1060.380805,Red Volcanic,215,pomegranate
67.0,35.0,22.0,23.30546753,63.24648023,6.385684214,1087.603001,Silty Loam,117,maize
49.0,27.0,112.0,24.0,73.0,5.98,755.0,Sandy Loam,162,Cassava
118.0,65.0,86.0,19.3,67.2,6.3,520.0,Loam,120,onions
85.02949155258828,43.23374235524328,43.08774768923441,19.749944049008548,65.44180420172823,6.778349923120646,1039.0643723942437,Clay,73,kale
92.0,60.0,23.0,18.66746724,71.516474,5.721667141,699.3293255,Silty Loam,107,maize
79.0,43.0,9.0,24.0,65.0,6.35,500.0,Clay,200,Maize
114.0,79.0,51.0,26.21009246,82.34429458,6.313197204,1120.700033,Clay Loam,298,banana
98.0,56.0,60.0,23.4,54.0,6.94,317.0,Sandy Loam,169,Wheat
91.00422459960087,67.35622483988202,89.71861608607242,15.007573222953885,76.96162214596738,5.047446897115959,931.3615038224675,Sandy Loam,97,potato
83.0,45.0,21.0,18.83344471,58.75082029,5.716222912,797.532896,Silty Loam,109,maize
86.0,26.0,27.0,27.13140403,52.89368299,6.081172981,1924.280381,Red Volcanic,244,coffee
63.62486778032677,59.0585994457426,62.902536317403104,21.26903121754031,75.99127587546552,6.6351246572512785,806.0269361732543,Clay,74,kale
9.0,38.0,25.0,34.58561471,50.34035336,5.497946899,1003.060719,Loam,183,mango
58.9,32.4,120.5,15.7,66.7,5.7,710.0,Silty Loam,120,ribena
83.0,38.0,35.0,25.70822684,52.88667115,7.18915558,1367.325092,Loam,225,coffee
9.0,11.0,8.0,24.85903405,94.39000473,6.559236744,1117.803734,Sandy Loam,217,orange
108.0,94.0,47.0,27.35911627,84.54625006,6.387431383,908.1250457,Red Volcanic,292,banana
65.59125711396192,57.240856165476394,47.58916353573915,22.044078940280063,81.8936607743972,6.328134253466807,1247.471311398373,Sandy Loam,1783,macadamia
108.0,26.0,52.0,28.82629037,94.26765349,6.201797639,262.3838511,Sandy Loam,89,muskmelon
12.0,142.0,203.0,31.3115978,82.56407013,5.972850838,650.1095312,Red Volcanic,165,grapes
118.0,15.0,45.0,24.21495706,84.20576992,6.538006356,480.1138482,Loam,88,watermelon
115.3,62.4,119.7,16.7,66.0,6.6,405.0,Loam,120,cabbage
70.0,53.0,58.0,17.9,52.0,6.05,507.0,Silty Loam,142,Tomato
66.0,33.0,31.0,21.2,55.0,6.64,188.0,Loam,210,Beans
110.5,62.0,88.0,18.2,65.3,6.5,420.0,Loam,120,onions
13.0,144.0,197.0,22.9215706,94.89613443,6.28022267,1056.941544,Silty Loam,185,apple
22.0,59.0,23.0,27.32220619,51.27868781,4.371745575,365.037914,Loam,79,mothbeans
84.0,7.0,51.0,26.81530456,87.65694462,6.399669044,557.4073582,Loam,88,watermelon
29.0,77.0,75.0,17.50361137,15.48083156,7.778591618,729.446671,Sandy Loam,98,chickpea
15.0,140.0,195.0,13.28504331,83.54193816,5.69945282,658.0006004,Red Volcanic,156,grapes
89.0,58.0,35.0,23.98651719,82.09053379,6.096838784,1670.576456,Alluvial,161,jute
52.39491635853505,55.78884707800485,60.71751281582205,19.748900547337442,73.7996598562544,5.0140533983943145,1579.9615474411376,Loam,1660,macadamia
43.0,68.0,20.0,29.57812712,66.17587668,7.497469256,694.3895491,Loam,79,blackgram
70.0,15.0,46.0,20.2,70.0,6.6,363.0,Silty Loam,139,Maize
68.35362267679719,47.723707321310286,97.41349171650482,22.493440847461887,79.11869089631887,5.668747812146305,952.9812133400326,Loam,139,sweet potato
49.0,72.0,15.0,31.55846339,67.83563765,7.137004749,748.6960831,Sandy Loam,80,blackgram
86.0,31.0,35.0,27.01207284,60.76645256,6.485761419,1914.508931,Loam,243,coffee
120.0,40.0,33.0,24.23850608,54.30329632,6.73410539,1151.564012,Loam,218,coffee
43.0,9.0,47.0,21.0,69.0,5.07,1249.0,Loam,89,Cassava
102.5,58.3,86.7,18.4,66.2,6.6,462.1,Loam,120,onions
198.3,89.2,404.5,25.1,71.4,5.1,1410.0,Loam,120,pineapple
66.0,13.0,60.0,15.1,76.0,7.74,653.0,Silty Loam,176,Wheat
91.0,13.0,47.0,29.10968327,92.43510994,6.14410903,279.5602304,Loam,89,muskmelon
39.0,24.0,31.0,33.55695561,53.72979826,4.757114897,986.7527561,Sandy Loam,182,mango
110.6,52.8,95.7,19.3,64.1,6.6,365.0,Loam,120,onions
93.0,41.0,17.0,25.6217169,66.50415474,6.047906679,1054.654703,Loam,116,maize
33.0,14.0,35.0,27.14865285,96.66355213,6.027707171,1492.433497,Coastal Sandy,365,coconut
118.68833619743728,35.10941063416336,76.02674647823797,20.785971691540805,76.38850295962921,6.161157688471162,789.8423991638945,Loam,65,kale
22.0,17.0,26.0,28.69818144,47.71875722,4.754435025,996.42454,Red Volcanic,183,mango
116.0,23.0,25.0,23.4123707,52.26994674,6.869720196,1393.670753,Loam,226,coffee
62.0,49.0,37.0,24.21744605,82.85284045,7.479248124,1661.365886,Silty Clay,161,jute
96.54125745219315,52.476588451486215,115.22923431164124,18.61312419812337,74.91780511852046,6.083926303233139,944.3889651671576,Loam,105,potato
56.0,16.0,35.0,29.9,61.0,5.34,629.0,Loam,284,Cassava
82.87395559948308,50.32404767409884,62.36667732844336,15.880649159008703,79.86047263102049,6.888160667752594,678.9620500466294,Clay,72,kale
82.34793261367948,37.55387601949038,41.59179756101847,17.778170704670963,76.4170018305538,6.04415296159585,970.3861531915838,Loam,66,kale
90.0,52.0,25.0,25.97482359,69.36385721,6.822586546,1032.234212,Loam,115,maize
57.0,81.0,51.0,17.8,58.0,7.65,431.0,Loam,171,Tomato
61.665639422572454,31.746609098839905,91.90540620629176,28.33145199927094,78.35496234711425,5.631242118771828,1349.72608355361,Sandy Loam,90,sweet potato
68.95832414626868,51.48304327610529,81.66779546209884,25.51077786213402,75.80365952812426,5.82126063990997,1244.8513861882022,Sandy Loam,95,sweet potato
42.0,53.0,48.0,23.11407669,94.31994776,6.758479569,2315.153161,Red Volcanic,246,papaya
51.0,39.0,73.0,20.4,79.0,5.75,1084.0,Loam,206,Cassava
99.0,57.0,38.0,24.80624984,82.09281674,6.356295568,1563.616174,Alluvial,159,jute
90.0,77.0,75.0,18.6,69.0,5.97,1086.0,Loam,158,Tomato
84.0,20.0,72.0,14.2,59.0,6.52,554.0,Loam,168,Wheat
74.0,55.0,19.0,18.05033737,62.89366992,6.28886807,842.3613484,Sandy Loam,111,maize
88.9,46.8,65.4,14.7,61.8,6.2,360.0,Sandy Loam,120,onions
17.0,64.0,16.0,30.97758716,32.24914235,7.161797643,1807.16828,Sandy Loam,156,pigeonpeas
52.0,73.0,79.0,17.25769499,18.74943955,7.840339389,940.0287214,Loam,98,chickpea
40.0,27.0,37.0,20.7,42.0,5.53,508.0,Sandy Loam,150,Beans
45.96160120133386,38.06397707772767,66.25866770879348,23.063397489550184,74.08264117665345,5.731328697674523,1077.623105582124,Clay,404,avocado
21.0,62.0,24.0,33.49077065,62.73317204,6.847382891,654.5328463,Sandy Loam,81,blackgram
59.0,2.0,67.0,12.4,55.0,6.38,683.0,Sandy Loam,181,Wheat
101.0,58.0,18.0,25.66891439,81.38103349,6.652143699,785.9595817,Black Cotton,169,cotton
125.4,72.1,125.8,17.2,68.5,6.8,510.0,Loam,120,cabbage
101.0,25.0,52.0,29.09910406,94.22237826,6.750145572,225.2497327,Loam,89,muskmelon
37.0,10.0,32.0,28.96318258,95.16333673,6.165084855,2228.03013,Red Volcanic,365,coconut
54.0,77.0,85.0,17.1418614,17.0662427,7.829211144,837.4606679,Clay Loam,98,chickpea
92.0,81.0,52.0,27.39341554,81.4654833,6.438137279,943.1102057,Red Volcanic,293,banana
36.0,54.0,46.0,42.54744013,94.94482086,6.662875839,2144.103848,Loam,241,papaya
29.0,41.0,21.0,31.49398069,62.84916863,8.86979671,645.6807592,Sandy Loam,80,mothbeans
63.64690634172275,57.801844679879515,126.51932311584957,15.114752922736796,74.02874595004373,6.390987398292132,1026.163824998492,Clay,92,potato
87.4,54.6,66.2,13.9,61.5,6.4,365.8,Silty Loam,120,onions
37.62964372736961,30.67338131590351,40.43730861392919,34.93468099405097,56.893560029548496,5.538326688031404,628.0095682918065,Loam,80,millet
64.0,59.0,46.0,16.8,81.0,4.54,2431.0,Sandy Loam,202,Tea
18.0,57.0,21.0,27.37659643,63.93927841,6.155915975,494.7371773,Sandy Loam,103,lentil
132.9,68.9,122.3,17.5,61.4,6.7,520.0,Loam,120,cabbage
58.53270340403108,49.64006292474369,79.2353306515788,17.754776175357843,71.46361892113855,5.390338945541207,1429.372241121605,Loam,1207,macadamia
32.0,121.0,199.0,39.37102553,81.25353895,6.129812716,740.8101744,Red Volcanic,169,grapes
22.0,17.0,5.0,24.12188673,90.72351622,6.945562889,1028.35632,Sandy Loam,214,orange
14.0,131.0,198.0,33.4641162,83.86742974,5.562790949,679.2204319,Sandy Loam,166,grapes
98.0,53.0,38.0,20.26707606,81.63895217,5.01450727,2704.417274,Silty Clay,174,rice
60.0,55.0,45.0,21.40865769,83.3293191,5.935745417,2875.766935,Clay,177,rice
88.0,78.0,45.0,29.10403455,79.19588629,6.324270089,920.7835761,Clay Loam,293,banana
43.77929919809048,43.41530129554864,79.2151062807767,18.580563327372886,74.88384964086787,6.503980428264525,1130.8939891271336,Clay,408,avocado
18.0,23.0,44.0,23.71028128,89.61794165,6.184400085,1056.499907,Loam,215,pomegranate
29.5,60.0,70.0,21.6,69.0,6.7,455.0,Loam,67,beans
19.0,22.0,27.0,35.1,69.0,5.7,406.0,Silty Loam,160,Sorghum
21.0,7.0,30.0,20.6,47.0,7.6,755.0,Sandy Loam,187,Beans
40.49536125751277,31.365758550747795,67.44784957971028,23.850556463943985,67.77419694351877,5.560780988922005,1493.2300656117964,Loam,540,avocado
78.9,52.4,64.7,14.8,67.1,6.3,365.0,Sandy Loam,120,onions
31.0,13.0,33.0,29.69952329,95.21224392,6.342463714,1483.003692,Coastal Sandy,365,coconut
90.0,47.0,32.0,28.6,69.0,7.25,918.0,Loam,171,Maize
93.91168880695467,65.98151497101905,112.46256214575999,17.4356918668289,84.58819177635388,5.144609147702826,955.517016382707,Loam,126,potato
83.0,34.0,32.0,27.7,63.0,6.85,581.0,Silty Loam,227,Beans
70.31533956358422,45.15651642357049,60.14780937917309,19.070142675114127,71.60111502621537,6.172352179781785,1726.4309660184388,Clay,1369,macadamia
48.36856689484835,50.25787492973952,45.448233082607565,25.964775212964582,74.70103569073387,5.741184707618961,1330.211136483533,Loam,627,avocado
31.955465542087826,43.03683265951446,89.29706936937961,28.043709027552467,62.7826383844153,6.024408753434503,1006.3181124417515,Loam,105,sweet potato
104.0,26.0,30.0,24.40726724,62.65692638,6.410992833,1486.977358,Clay Loam,229,coffee
51.872176445029595,44.20195455163102,45.50346630582687,22.32987427503079,78.24609174635356,6.559809495389252,1360.5936125205376,Clay,377,avocado
3.0,68.0,16.0,18.31910448,34.69776639,4.964887857,1074.721605,Red Volcanic,141,pigeonpeas
46.0,76.0,77.0,18.2356751,19.68538502,6.967843048,837.4879344,Clay Loam,99,chickpea
51.0,21.0,37.0,26.4,33.0,5.83,435.0,Silty Loam,174,Sorghum
122.0,40.0,17.0,24.96440768,81.31677618,6.854558957,800.3995829,Loam,170,cotton
17.0,77.0,24.0,20.76952209,18.93146941,5.568456899,1090.193712,Loam,80,kidneybeans
4.0,40.0,87.0,21.5,82.0,6.72,999.0,Silty Clay,261,Cassava
42.38604464164115,49.83910257857937,94.2000477253158,21.53737079260639,60.31763311288849,6.361851591881473,851.6954160872071,Loam,92,sweet potato
45.0,16.0,13.0,28.2,25.0,7.51,510.0,Sandy Loam,169,Sorghum
37.0,70.0,25.0,19.73136909,24.89487354,5.819403771,840.6354115,Silty Loam,79,kidneybeans
19.0,26.0,29.0,26.93141945,98.80313612,5.67154928,1665.712879,Coastal Sandy,365,coconut
30.0,20.0,44.0,13.9,73.0,6.45,361.0,Clay,212,Wheat
109.32205959285973,50.64302764122231,125.32395346683478,15.41613109355055,84.32308762436408,5.366275327131483,1357.5884833685739,Loam,123,potato
62.0,56.0,35.0,25.97825807,81.65769588,6.235357638,1633.488091,Silty Clay,160,jute
84.9660391123152,46.015506144373326,46.59191704504496,23.25040093771376,77.93422952885325,6.989519645259538,1198.3172543225814,Clay,88,kale
70.5,37.8,99.3,18.1,67.5,5.6,800.0,Sandy Loam,120,ribena
83.0,9.0,45.0,25.85483596,89.13163965,6.049609892,468.5176955,Loam,88,watermelon
31.26382223171998,58.77679932719246,51.22531322156045,26.957243603312776,75.12549712824453,6.122954426998739,1490.5571131640813,Clay,103,sweet potato
61.0,60.0,15.0,24.87502824,68.74248334,6.265564338,912.6056654,Silty Loam,112,maize
180.2,93.5,210.9,25.7,74.8,6.4,860.0,Red Volcanic,120,tomato
88.0,31.0,28.0,12.0,82.0,6.49,388.0,Silty Loam,217,Wheat
22.0,68.0,16.0,27.70496805,63.20915034,7.74672376,374.6160727,Loam,103,lentil
11.0,71.0,24.0,21.14011423,22.7182355,5.606620346,1416.056722,Sandy Loam,80,kidneybeans
9.0,56.0,17.0,26.13708256,66.7729209,6.261937875,464.8280681,Loam,103,lentil
104.18638284282785,66.0800465446435,47.52461193983393,23.497110487135256,62.29812065944199,7.368189860059404,660.7654292684682,Sandy Loam,67,kale
99.0,53.0,70.0,24.5,60.0,6.39,1159.0,Sandy Loam,100,Tomato
110.0,22.0,47.0,29.03157242,91.82172592,6.243673725,249.3861254,Loam,89,muskmelon
27.0,74.0,20.0,24.69487673,59.96669215,5.859813416,919.5792434,Sandy Loam,138,pigeonpeas
92.0,23.0,39.0,20.6,82.0,5.96,368.0,Silty Loam,230,Beans
53.0,65.0,76.0,20.19137759,16.41998269,8.719960893,773.3795356,Loam,100,chickpea
93.0,81.0,50.0,27.71822477,76.57853189,6.036079266,1022.099836,Loam,295,banana
32.0,141.0,203.0,21.25941052,92.84416234,5.821347769,1090.658471,Loam,186,apple
178.9,88.4,245.1,26.3,78.5,6.9,980.0,Loam,120,tomato
2.0,36.0,31.0,30.90225239,49.95955487,5.73171945,917.7522598,Loam,180,mango
57.0,48.0,48.0,20.5,66.0,5.61,341.0,Silty Clay,261,Maize
2.0,51.0,17.0,25.87682261,45.96341933,5.838508699,385.3254678,Sandy Loam,78,mothbeans
103.0,16.0,49.0,24.06731461,81.64075303,6.915717008,517.5212401,Sandy Loam,88,watermelon
77.0,36.0,23.0,24.71417533,56.73426469,6.648725327,884.5361858,Loam,112,maize
54.73281222406057,47.817016612477566,55.33297958189578,24.12472951282082,74.45564635983409,7.459562532069854,641.1543751000721,Loam,754,cashew
51.0,18.0,18.0,32.8,47.0,7.11,456.0,Loam,199,Sorghum
61.0,51.0,51.0,39.30050027,94.16193416,6.574677594,1209.512466,Sandy Loam,214,papaya
1.0,8.0,26.0,27.5136304,94.18955816,5.562911913,1566.732553,Red Volcanic,365,coconut
34.0,35.0,21.0,28.44524991,82.67639542,6.684381357,581.8713162,Sandy Loam,69,mungbean
33.6,78.9,68.1,23.1,65.3,6.8,385.0,Silty Loam,67,beans
6.0,77.0,25.0,20.61162204,24.36314135,5.792744849,696.3833855,Sandy Loam,80,kidneybeans
67.99151170521316,68.098485814699,115.15652561846812,16.43312733690219,74.02625140287444,5.077783404938672,1254.5132235753767,Sandy Loam,100,potato
34.0,80.0,19.0,31.49338309,63.0563645,6.521217963,714.8327008,Clay Loam,80,blackgram
112.0,66.5,109.8,16.2,65.4,6.5,432.0,Silty Loam,120,cabbage
65.24433319606003,30.112378446864327,86.39925356114752,24.10474097742565,77.60914142883367,6.057012444771846,827.7540287972995,Clay,135,sweet potato
66.85027909755891,61.21972849389515,101.76377428311899,13.793009359824453,80.35685718718307,5.023337310718289,1479.9849849254938,Loam,135,potato
63.609218435048916,47.20454045395449,75.70282795445183,23.03058391925978,87.41359289170316,6.378372156892096,1782.992779587345,Clay,1517,macadamia
50.24493938798771,59.8819168095763,57.93911457875044,21.694859799486274,66.05395626109703,5.744676601155296,839.1000003563036,Loam,106,sweet potato
115.0,17.0,70.0,17.6,78.0,7.54,440.0,Sandy Loam,183,Wheat
47.54433982449686,36.63073764444701,40.5889338520572,19.61768716223122,69.52632472799934,6.865708796788773,1548.6523240378358,Loam,388,avocado
65.0,60.0,22.0,25.36768364,72.52054555,6.606984086,1079.124111,Silty Loam,116,maize
55.791818607152784,27.803668145342076,58.450538194024666,23.90615971956234,60.64354254602404,5.549389146344948,915.0784735613606,Sandy Loam,138,sweet potato
107.0,39.0,76.0,18.4,86.0,6.22,2307.0,Silty Clay,166,Tea
27.0,59.0,22.0,21.81167649,23.20591245,5.794158504,1300.608093,Loam,80,kidneybeans
49.0,28.0,30.0,27.5,79.0,6.3,362.0,Clay,239,Maize
25.0,12.0,26.0,28.56973521,95.67906668,6.436314406,1348.370348,Coastal Sandy,365,coconut
4.0,47.0,20.0,25.97948991,64.95585424,4.193189124,721.9245835,Sandy Loam,78,mothbeans
54.69071994991892,32.35614632409368,64.38890237951588,25.65439366046711,84.10831851817238,5.90923088114419,698.8046822836528,Loam,783,cashew
8.0,133.0,195.0,20.46657776,80.97598029,6.456079585,712.9813872,Sandy Loam,160,grapes
91.0,12.0,46.0,24.64458469,85.49938185,6.343942518,483.1219031,Sandy Loam,88,watermelon
31.031486663529833,43.129327323776444,35.05727367097986,27.45123917069422,81.82440651497156,6.7983508487682975,943.3689114035699,Sand,1010,cashew
70.0,46.0,33.0,13.5,55.0,7.43,821.0,Sandy Loam,186,Wheat
28.0,27.0,34.0,32.45465292,50.69693751,6.526654345,950.4871605,Loam,181,mango
74.0,46.0,45.0,25.75734909,88.36668522,6.025028997,1894.263485,Silty Clay,167,jute
88.4,46.2,104.7,18.5,68.9,5.9,750.0,Loam,120,ribena
54.97108300247379,29.056754406560284,43.07579572685918,30.495020439718466,77.10626604735106,6.658206222248681,707.4884859217115,Sandy Loam,910,cashew
37.0,18.0,12.0,10.2708877,90.19147747,7.401121811,1066.955204,Sandy Loam,215,orange
83.0,62.0,53.0,19.4,48.0,7.02,655.0,Loam,168,Tomato
86.66388157670909,36.66089944399287,76.07740655067471,22.98466130915692,81.496690434248,5.796547384168593,1733.9871691133303,Clay,1340,macadamia
16.0,145.0,199.0,26.91624843,80.76838926,5.953966361,693.0927185,Red Volcanic,163,grapes
8.0,45.0,15.0,28.09568993,60.9835384,4.61136408,338.4110759,Loam,79,mothbeans
18.0,36.0,23.0,24.01825377,53.76623369,7.214078621,350.3404425,Loam,78,mothbeans
101.2,55.0,70.0,23.5,64.9,6.3,1200.0,Clay Loam,120,passionfruit
63.184088356746486,60.83239680455053,83.29436090873814,21.080724447144025,81.88669057047787,5.9231085766152916,1971.2106612248162,Loam,1200,macadamia
33.0,59.0,19.0,23.19305333,62.74710773,7.641024177,495.5213308,Sandy Loam,101,lentil
108.0,23.0,54.0,22.1,52.0,6.6,451.0,Clay,154,Maize
93.9,41.2,97.5,17.9,71.0,5.8,680.0,Loam,120,ribena
106.0,38.0,44.0,30.9,84.0,5.63,784.0,Clay,230,Maize
31.0,136.0,197.0,31.11047251,83.34010951,5.653776058,714.3001582,Red Volcanic,165,grapes
7.0,16.0,9.0,18.87957654,92.04304496,7.813916603,1146.659511,Red Volcanic,218,orange
82.0,20.0,54.0,29.34033587,90.01506395,6.541150335,214.4532907,Loam,89,muskmelon
58.055621820711664,46.13982035815084,69.05404505648568,31.01489334010239,63.48928512633647,6.530157518259893,759.2637220146574,Sandy Loam,1064,cashew
67.0,45.0,38.0,22.72791041,82.1706881,7.300410836,2608.875056,Silty Clay,172,rice
36.0,26.0,26.0,30.17294105,51.0845903,6.814630246,952.3444287,Red Volcanic,181,mango
4.0,69.0,19.0,19.25100056,47.70351758,5.374358869,1490.63196,Red Volcanic,149,pigeonpeas
102.94197105071841,65.1355265009147,50.316951340596106,23.681981566065865,69.96337895034061,7.0405223959551035,978.9846068581812,Loam,83,kale
102.5,61.0,105.5,15.8,66.7,6.4,410.0,Clay Loam,120,cabbage
26.7,54.9,50.1,19.9,69.4,6.5,490.0,Silty Loam,66,beans
104.5,58.1,92.6,15.2,66.7,6.4,480.0,Sandy Loam,120,onions
102.4,66.7,97.3,19.4,67.5,6.4,540.0,Loam,120,onions
52.0,10.0,96.0,23.5,81.0,5.84,611.0,Loam,133,Cassava
31.10839032694955,22.22485187558158,36.8885235837136,24.00372539947801,78.75669092062813,6.835528320551135,1046.7395203648236,Sandy Loam,1069,cashew
20.0,45.0,17.0,28.17458662,83.69659318,6.770955317,372.464655,Silty Loam,69,mungbean
95.0,26.0,45.0,29.91690582,94.55695552,6.117530021,281.6057247,Sandy Loam,89,muskmelon
89.0,9.0,47.0,29.47156259,90.77069618,6.668382766,287.5226067,Sandy Loam,89,muskmelon
84.0,55.0,38.0,26.8748389,79.78725152,6.956682743,1731.017097,Silty Clay,163,jute
77.15792201831775,62.450383174453805,67.96184410239793,19.812185570548973,62.66885593048531,6.584806343785675,1003.9965808010545,Loam,73,kale
64.2643464790793,46.45202196488378,52.2953144736186,18.41053964772128,79.33759988438302,5.848808023869339,1978.2293405188502,Sandy Loam,1771,macadamia
34.0,38.0,31.0,35.37775595,45.58110023,6.454045329,974.1586402,Red Volcanic,182,mango
11.0,74.0,17.0,21.36383757,69.92375891,6.633864582,466.352865,Clay Loam,100,lentil
67.0,59.0,41.0,21.94766735,80.97384195,6.012632591,2133.560921,Silty Clay,162,rice
36.0,19.0,32.0,27.10710832,50.70880979,4.94295037,923.7238878,Sandy Loam,180,mango
58.43011753201551,38.18332393408968,40.71075738238261,22.172781856126345,66.04217275431706,6.6283992233107885,445.41109765245983,Loam,101,millet
62.45642850129363,60.97985847135834,54.03783967357765,23.490032019334482,87.53212731415326,5.705996283993688,1403.6915600467114,Sandy Loam,1396,macadamia
36.0,24.0,41.0,24.94467632,94.25702672,7.009180374,1038.799347,Red Volcanic,214,pomegranate
7.0,73.0,25.0,27.52185591,63.13215259,7.28805662,452.0841071,Clay Loam,103,lentil
83.0,20.0,53.0,21.2,65.0,7.35,1151.0,Loam,132,Tomato
118.9,59.5,170.4,24.8,69.5,6.1,720.0,Sandy Loam,120,tomato
111.0,27.0,31.0,23.59302313,55.27564977,6.043330951,1913.980675,Red Volcanic,243,coffee
91.0,35.0,39.0,23.79391957,80.41817957,6.970859754,2062.611855,Silty Clay,161,rice
0.0,74.0,17.0,23.33375853,64.50515776,7.240988401,470.1510708,Loam,101,lentil
17.0,136.0,195.0,41.20733624,81.61051026,6.389783283,659.0227462,Sandy Loam,170,grapes
59.0,70.0,84.0,17.3348681,18.74926979,7.550808267,826.1734721,Clay Loam,98,chickpea
47.0,63.0,16.0,27.44003279,67.10464369,6.661870999,725.0669768,Clay Loam,79,blackgram
110.8,66.5,118.0,18.1,68.9,6.9,410.0,Clay Loam,120,cabbage
98.7,58.2,92.5,20.1,64.8,6.6,420.0,Loam,120,onions
21.0,16.0,53.0,21.3,56.0,8.19,304.0,Loam,202,Sorghum
86.0,36.0,24.0,26.54986394,72.89187265,5.787268394,733.3636055,Sandy Loam,108,maize
91.0,26.0,31.0,19.2,64.0,7.83,470.0,Sandy Loam,99,Wheat
30.0,120.0,200.0,38.06099482,82.24729637,6.234904253,657.0148216,Red Volcanic,169,grapes
66.0,54.0,21.0,25.19008683,60.2001687,5.919045532,721.2375573,Loam,108,maize
83.0,54.0,56.0,27.3,59.0,5.91,933.0,Loam,165,Tomato
87.0,25.0,46.0,27.42711692,90.02696201,6.379690748,217.508774,Sandy Loam,89,muskmelon
260.5,70.0,300.0,26.3,75.2,5.1,1250.0,Loam,120,pineapple
29.0,140.0,195.0,23.64082979,90.95257927,5.560521058,1167.431319,Loam,188,apple
31.0,13.0,33.0,27.63834933,95.48763389,5.85971872,2055.463111,Red Volcanic,365,coconut
18.0,12.0,35.0,26.13958446,96.38580769,6.338720873,1313.387935,Red Volcanic,365,coconut
17.0,58.0,20.0,28.06642822,85.91625451,6.42937879,392.3831035,Loam,69,mungbean
36.0,11.0,13.0,17.34083741,93.04897191,7.1917274,1127.194284,Red Volcanic,217,orange
116.0,40.0,33.0,24.91370487,54.15319242,7.042089492,1295.481144,Loam,223,coffee
28.0,58.0,25.0,27.4818649,62.04814951,6.861640036,378.1123974,Sandy Loam,103,lentil
5.0,68.0,20.0,19.04380471,33.10695144,6.12166671,1553.705624,Red Volcanic,151,pigeonpeas
49.0,55.0,78.0,18.65580107,16.17772668,7.863113671,817.0769297,Loam,99,chickpea
86.0,46.0,58.0,22.9,87.0,6.05,1577.0,Clay,173,Tea
96.03608433349999,55.567077548317,42.07564452519891,21.725793234377765,62.16797831728478,6.668384445045449,1086.8914646748049,Sandy Loam,61,kale
78.0,50.0,43.0,25.12417673,85.72530641,6.348441469,1595.718087,Clay Loam,159,jute
28.0,23.0,48.0,32.9,38.0,6.51,270.0,Clay,141,Sorghum
44.82806759835191,48.26151607581849,46.457135189576704,22.641231709296203,69.90626948941541,6.083519385126141,1026.056225225533,Loam,713,avocado
39.28674043324164,42.896653780674626,45.21072419790805,33.541427759533164,45.696559130126325,5.611622886221783,535.1328151562069,Sandy Loam,88,millet
36.2,75.0,78.4,22.5,70.0,6.9,590.0,Clay Loam,67,beans
61.0,25.0,49.0,28.6,48.0,7.66,551.0,Sandy Loam,155,Sorghum
6.0,125.0,204.0,27.92004934,82.93262435,5.733539807,699.2092839,Red Volcanic,163,grapes
119.0,43.0,72.0,21.6,66.0,7.31,306.0,Clay,195,Wheat
2.0,21.0,44.0,18.92157197,87.31290342,6.56893406,1028.013275,Sandy Loam,214,pomegranate
92.4,56.7,84.3,17.6,65.2,6.5,420.0,Loam,120,onions
41.032934556471815,16.487403625815208,48.50809080157007,30.891430226927476,53.259738102451436,5.941307505658834,473.53635218038926,Loam,113,millet
77.0,54.0,64.0,19.7,84.0,6.09,446.0,Loam,197,Maize
23.0,4.0,40.0,24.4,77.0,4.47,1272.0,Loam,168,Cassava
101.03732563690956,78.67620040127028,97.30930384873828,14.151231653583363,81.0286796098205,5.419397579173098,1160.0648278355009,Loam,122,potato
44.0,28.0,23.0,29.8,28.0,6.36,376.0,Clay,156,Sorghum
74.0,35.0,40.0,26.49109635,80.15836264,6.980400905,2428.640342,Clay,168,rice
50.0,45.0,57.0,27.3,70.0,6.01,460.0,Loam,224,Beans
84.0,92.0,46.0,19.7,66.0,7.53,844.0,Clay,163,Tomato
89.0,25.0,34.0,23.07895447,63.65861483,7.184801627,1298.765443,Red Volcanic,223,coffee
71.0,26.0,51.0,24.8,63.0,6.35,450.0,Silty Loam,121,Beans
128.0,64.4,118.0,17.0,71.3,6.8,470.0,Loam,120,cabbage
83.0,23.0,55.0,26.89750174,83.89241484,6.463271076,439.7193745,Sandy Loam,88,watermelon
29.5,62.0,58.0,21.3,68.2,6.8,512.0,Loam,67,beans
35.0,125.0,204.0,19.6491772,80.15215777,6.107741788,736.9529586,Sandy Loam,159,grapes
40.81976600600692,33.05538368921344,54.89919022259191,26.06043579126228,78.55026245283376,6.2421261624921796,1181.9425988176067,Sandy Loam,138,sweet potato
79.4,72.1,60.8,21.9,63.7,5.8,910.0,Silty Loam,120,passionfruit
33.0,73.0,23.0,29.23540524,59.38967583,5.985792703,1033.301803,Loam,140,pigeonpeas
4.0,80.0,16.0,29.19585548,68.01965728,7.441976825,449.3261911,Loam,104,lentil
98.7,60.9,101.4,15.2,60.7,6.3,395.0,Silty Loam,120,cabbage
39.719863398320854,24.140303667008837,54.21938781375476,27.96842277276062,71.03809086753168,7.277232889222151,734.2762365735255,Sand,913,cashew
69.0,67.0,52.0,27.71948962,94.43877142,6.827305908,828.3061083,Sandy Loam,203,papaya
78.0,58.0,15.0,25.00933355,67.816568,6.528631266,629.1359494,Sandy Loam,105,maize
65.74423595775252,39.367413462402574,45.786676566656965,21.321326494104248,71.06220320491535,5.990739488974749,1473.7304295737513,Loam,676,avocado
27.0,80.0,24.0,28.42062847,61.77336343,7.815210661,490.2366803,Sandy Loam,104,lentil
81.37682747078676,61.50466250973122,47.75963820461547,16.906904201573877,88.49646113123225,5.302134904495472,1201.460857435553,Loam,1428,macadamia
92.5,58.3,82.1,24.7,72.4,6.4,1180.0,Loam,120,passionfruit
100.0,24.0,78.0,20.9,69.0,6.67,358.0,Sandy Loam,183,Maize
20.0,30.0,27.0,27.81005614,51.59445462,4.74910393,958.9898581,Loam,181,mango
88.13877913799737,41.140933393067876,95.38524505367009,12.554557937390896,85.32829089558541,5.396983586589877,1076.1552886644606,Clay,107,potato
37.0,36.0,53.0,20.5,81.0,6.22,345.0,Sandy Loam,227,Beans
21.0,25.0,90.0,27.5,74.0,4.77,1334.0,Sandy Loam,204,Cassava
47.0,19.0,17.0,26.9,61.0,6.51,395.0,Sandy Loam,264,Sorghum
64.0,26.0,35.0,22.6,85.0,5.26,579.0,Clay,239,Beans
97.6,52.3,75.6,18.9,60.8,6.6,410.3,Silty Loam,120,onions
104.0,22.0,32.0,21.3,79.0,5.76,2541.0,Sandy Loam,164,Tea
28.0,79.0,16.0,24.70626432,60.26854183,6.052184881,531.2442925,Sandy Loam,102,lentil
39.30307867688185,24.557260659597652,45.493085649704426,32.30310591409179,62.79586440955735,5.6378243403418695,444.6941235047579,Sandy Loam,112,millet
40.0,68.0,17.0,34.1262979,65.14877461,7.733149554,704.0795007,Sandy Loam,81,blackgram
5.0,15.0,38.0,18.26233221,88.16779129,5.709380472,1080.756727,Sandy Loam,216,pomegranate
65.8,35.1,92.7,16.8,62.5,6.2,690.0,Silty Loam,120,ribena
17.0,58.0,25.0,31.12896766,43.58788762,6.455592696,327.6742894,Sandy Loam,80,mothbeans
25.0,15.0,51.0,23.1,69.0,6.33,601.0,Silty Clay,158,Cassava
105.0,60.0,23.0,23.53371386,77.21705554,6.207652157,875.4004943,Clay Loam,171,cotton
7.0,126.0,203.0,16.76201707,82.00335557,5.662140095,732.8712806,Sandy Loam,158,grapes
215.3,60.4,280.9,24.6,69.8,4.9,1350.0,Loam,120,pineapple
14.0,18.0,52.0,30.6,72.0,5.73,703.0,Loam,155,Cassava
70.0,61.0,67.0,16.7,90.0,7.31,730.0,Loam,173,Tomato
20.0,72.0,19.0,32.47648301,64.34848735,7.397190844,658.20457,Sandy Loam,80,blackgram
49.0,71.0,76.0,19.71098332,17.63879418,6.613072145,855.7925437,Sandy Loam,99,chickpea
25.4,58.2,44.7,19.8,72.4,6.5,520.0,Clay Loam,66,beans
92.5,58.0,84.0,26.3,72.4,6.2,1250.0,Loam,120,passionfruit
111.0,28.0,26.0,27.77363343,64.47858698,6.937352845,1927.121236,Clay Loam,244,coffee
63.0,42.0,21.0,23.26237612,72.33125523,5.798423908,671.0225139,Loam,106,maize
106.5,58.2,84.7,26.3,72.4,6.3,1250.0,Loam,120,passionfruit
22.0,18.0,33.0,30.41235793,52.48100602,6.621623545,939.2375879,Loam,181,mango
30.0,22.0,33.0,26.8,63.0,6.78,392.0,Clay,139,Beans
21.0,51.0,15.0,29.36488409,89.1886954,6.679127482,483.0159325,Loam,69,mungbean
47.0,46.0,52.0,23.19451074,91.40301608,6.502289473,2063.999208,Loam,238,papaya
68.0,29.0,101.0,28.9,81.0,6.87,1187.0,Loam,180,Cassava
19.8,49.4,53.9,18.6,61.0,6.2,410.0,Silty Loam,66,beans
48.63710132043188,56.53839823212002,67.07208859172846,25.04988603756504,70.19799583682519,6.625525142475979,1559.814448773327,Clay,441,avocado
16.0,56.0,17.0,33.80020039,40.03262418,7.445444883,1766.165894,Red Volcanic,155,pigeonpeas
101.7,65.2,90.3,27.3,78.1,6.6,860.0,Sandy Loam,120,passionfruit
95.0,39.0,29.0,27.35152643,55.99375012,7.13411409,1489.812525,Red Volcanic,229,coffee
105.0,56.0,15.0,25.96779712,81.97904282,7.272316209,741.4169043,Clay Loam,168,cotton
59.0,60.0,84.0,19.03025305,18.66725565,7.690962338,947.0992037,Clay Loam,99,chickpea
83.97706594592779,51.11795567215313,62.868460159591265,24.988107865238156,74.68224778125752,7.165241324697501,1016.6753896776645,Loam,88,kale
70.64943478091334,59.03749266971275,48.802764241279405,22.023390087830194,67.80984476786219,7.439278327094138,659.5998994970682,Sandy Loam,77,kale
73.0,43.0,42.0,26.58361011,78.00774772,6.310699968,1548.238864,Alluvial,158,jute
112.0,33.0,42.0,21.9,76.0,6.17,2714.0,Sandy Loam,170,Tea
40.0,22.0,29.0,27.55821802,99.98187601,5.735364307,1746.256481,Sandy Loam,365,coconut
67.65567852223958,62.98336800353037,73.12569800546406,17.63485571807523,72.12343865301433,5.762089050365471,1995.7049801879907,Loam,1749,macadamia
40.0,9.0,41.0,24.37766782,85.4017118,5.78270695,1061.28338,Red Volcanic,215,pomegranate
24.611613623069637,25.32440801405343,28.403724282201654,31.273891289303506,46.8751791931834,5.839587455426983,625.7139318419861,Sand,88,millet
57.03526444656089,59.298193557596434,71.90692777760141,25.394783356866952,78.42399468008732,6.900822750865203,1758.3278023376088,Loam,665,avocado
10.0,71.0,18.0,19.54284889,66.34777265,6.151029296,1731.106982,Red Volcanic,154,pigeonpeas
36.0,58.0,25.0,28.66024187,59.3189118,8.399135958,369.2629678,Sandy Loam,79,mothbeans
69.0,55.0,38.0,22.70883798,82.63941394,5.70080568,2713.248604,Clay,174,rice
93.0,83.0,46.0,29.38254012,83.50423735,5.765308943,1092.486647,Clay Loam,297,banana
75.4112402524884,57.092711879504826,49.226100359679954,15.18240279278557,79.89833697359269,5.469378166181949,1292.3483143347314,Loam,1198,macadamia
76.0,45.0,68.0,21.7,65.4,5.8,860.0,Silty Loam,120,passionfruit
30.0,60.0,21.0,28.87667593,62.4901206,5.457871273,1822.688175,Red Volcanic,156,pigeonpeas
22.0,67.0,78.0,17.16606398,14.42457525,6.204090835,723.2667516,Loam,98,chickpea
75.56556334814552,68.33235920779471,53.46474090845949,17.364502702720763,88.12185900189738,6.178945621004393,1827.0753986332002,Clay,1642,macadamia
58.0,75.0,25.0,25.25596239,61.36669662,7.261791753,686.4685069,Loam,78,blackgram
50.0,56.0,76.0,20.99502153,19.8601304,7.966605025,735.0734019,Loam,100,chickpea
132.8,83.1,198.9,26.4,77.2,6.6,950.0,Clay Loam,120,tomato
78.0,27.0,27.0,20.0,47.0,7.2,824.0,Clay,139,Beans
23.0,50.0,54.0,19.5,67.9,6.5,430.0,Silty Loam,66,beans
65.0,54.0,46.0,23.4,58.0,6.65,296.0,Clay,204,Maize
123.0,51.0,63.0,25.7,50.0,6.82,288.0,Sandy Loam,244,Tomato
13.0,11.0,32.0,33.5,29.0,6.82,217.0,Sandy Loam,137,Sorghum
25.0,60.0,22.0,21.63149148,21.17919701,5.887263027,1343.649948,Sandy Loam,80,kidneybeans
53.0,17.0,69.0,21.9,56.0,7.02,795.0,Silty Loam,244,Wheat
2.0,140.0,197.0,22.69780133,92.82223419,5.53456749,1050.508234,Loam,185,apple
31.0,37.0,21.0,27.23924995,86.404241,6.713410626,373.1236904,Silty Loam,69,mungbean
12.0,34.0,28.0,33.36140093,45.02236377,6.13526938,988.1596545,Loam,182,mango
72.58301928644275,61.0703891945149,75.59297210295526,23.68457869651356,68.75694317880435,6.916354905329616,874.1283284560743,Loam,77,kale
9.0,25.0,41.0,24.81530144,91.90842992,5.972714857,1092.853418,Sandy Loam,216,pomegranate
97.0,22.0,50.0,26.26028739,86.14585891,6.7698938,589.7878791,Loam,88,watermelon
6.0,142.0,202.0,27.23708304,82.94573346,6.224542938,704.2508897,Loam,163,grapes
2.0,79.0,15.0,21.53577883,65.47227704,7.505283615,357.5107592,Clay Loam,100,lentil
26.0,66.0,22.0,18.06486101,65.1034354,6.300479414,515.4922825,Sandy Loam,99,lentil
62.895220869963325,41.94547928170193,69.75728481751575,16.30063119481752,89.12322755613931,5.614755059651034,1396.9140105509819,Clay,1558,macadamia
51.64945118617541,34.88089530115853,44.46844255634361,18.999996168757814,67.45715631866662,5.5813790379782375,1082.6040954547464,Clay,370,avocado
95.20387598371043,60.25192702077838,75.42022460423165,22.67525502535477,68.86632099561771,6.332829206302663,733.6534726717546,Clay,84,kale
42.0,14.0,35.0,30.1,75.0,7.11,380.0,Silty Loam,180,Maize
9.0,59.0,24.0,20.43517772,39.37252634,4.747352458,1372.279662,Red Volcanic,147,pigeonpeas
18.0,21.0,35.0,23.2801227,94.94330457,6.368560522,1111.382096,Loam,217,pomegranate
43.0,66.0,79.0,19.46233971,15.22538951,7.976607593,745.8565097,Sandy Loam,99,chickpea
57.256707259608675,39.952013989266476,61.84830232442274,28.96221544510164,73.0055882233214,5.613675567925698,688.9172225936743,Sandy Loam,785,cashew
23.0,138.0,195.0,22.49095104,91.70292746,5.795985716,1243.915101,Silty Loam,191,apple
57.924485253169806,58.92168031210052,98.37762043775614,25.251676894395914,67.84717556326181,5.836081553662346,1151.339854076502,Sandy Loam,102,sweet potato
26.0,121.0,201.0,22.19109412,90.02575116,6.162034371,1123.126628,Sandy Loam,187,apple
105.6,60.5,85.3,25.1,75.2,6.4,1520.0,Red Volcanic,120,passionfruit
16.0,6.0,29.0,29.28725038,91.95614918,5.868285082,1321.491176,Sandy Loam,365,coconut
87.0,35.0,25.0,21.44526922,63.1621551,6.178056304,658.8951188,Silty Loam,106,maize
20.0,77.0,23.0,34.87248659,38.83786012,5.180271502,1482.502786,Sandy Loam,149,pigeonpeas
118.0,43.0,29.0,18.0,50.0,7.28,471.0,Loam,195,Wheat
61.5,32.8,90.4,18.3,64.0,6.2,660.0,Loam,120,ribena
31.710864245336428,43.17272681608691,59.434136510671905,27.50517982716404,83.79348222757208,5.975322158328511,839.3837188399898,Loam,1058,cashew
38.0,132.0,197.0,20.42094753,81.54185044,5.931101816,669.3065667,Red Volcanic,160,grapes
31.0,55.0,22.0,22.91350245,21.33953114,5.873171894,1092.25556,Loam,81,kidneybeans
113.0,19.0,46.0,25.41864024,81.12122989,6.286387658,495.2320689,Sandy Loam,88,watermelon
12.0,0.0,23.0,28.4,60.0,5.62,233.0,Sandy Loam,227,Sorghum
29.0,128.0,198.0,22.44075021,92.70785115,5.685062404,1214.977331,Loam,190,apple
12.0,8.0,10.0,16.14820285,91.4448027,7.995848977,1074.287664,Loam,215,orange
73.0,41.0,70.0,15.5,57.0,6.94,504.0,Silty Loam,127,Wheat
57.0,58.0,77.0,18.72649425,17.58406365,7.978996755,812.0176515,Loam,99,chickpea
95.0,58.0,110.0,19.6,72.5,6.2,820.0,Silty Loam,120,ribena
23.0,30.0,44.0,20.93892916,85.42912869,6.12476108,1030.295938,Red Volcanic,214,pomegranate
1.0,62.0,23.0,15.43546065,18.37477907,5.607808432,1390.302034,Silty Loam,77,kidneybeans
104.0,17.0,46.0,25.7131428,80.22972777,6.190015912,430.8961827,Loam,88,watermelon
21.0,29.0,48.0,27.2,58.0,6.98,506.0,Clay,169,Sorghum
68.9,40.4,89.6,17.1,65.2,6.0,750.0,Loam,120,ribena
61.0,38.0,20.0,18.47891261,62.69503871,5.970458434,654.3835393,Silty Loam,106,maize
51.0,10.0,28.0,30.6,67.0,6.16,338.0,Sandy Loam,211,Sorghum
69.0,7.0,62.0,22.6,90.0,6.33,303.0,Loam,202,Maize
25.0,121.0,201.0,30.50734778,82.71775569,5.594240603,700.8200379,Sandy Loam,165,grapes
47.0,29.0,50.0,29.1,30.0,7.24,200.0,Silty Loam,160,Sorghum
117.0,81.0,53.0,29.50704598,78.20585613,5.507641778,981.2565829,Clay Loam,294,banana
3.0,28.0,33.0,30.33723921,48.88704844,5.755049971,944.2850522,Red Volcanic,181,mango
57.14897470418002,37.51948277690259,38.97839249165596,24.24130268544075,62.48268650189155,6.311571134454354,1064.9304280192905,Sandy Loam,827,cashew
40.0,27.0,45.0,21.6602498,94.79397419,5.885638185,1124.349689,Sandy Loam,217,pomegranate
38.0,61.0,52.0,31.22790131,94.94021378,6.620729882,464.4279118,Red Volcanic,193,papaya
32.67759609506959,42.112345328393765,67.29443773437251,27.24750250490429,78.02616496779707,6.9383394368176265,824.0883942074524,Loam,852,cashew
28.0,57.0,17.0,30.47757686,61.58245338,9.416003106,618.6633917,Loam,80,mothbeans
34.30152088331661,42.740091414325015,96.56685099498458,20.814313919165855,67.7806272198352,6.498473193648221,1059.5716401598709,Sandy Loam,132,sweet potato
87.0,23.0,28.0,26.22367404,62.26594559,6.979590627,1937.461968,Loam,244,coffee
85.0,30.0,30.0,16.3,46.0,7.01,602.0,Silty Clay,141,Wheat
27.0,145.0,205.0,9.467960445,82.29335466,5.800242694,660.2765219,Loam,154,grapes
108.0,23.0,51.0,26.84366082,83.85039964,6.106500787,402.28644,Sandy Loam,88,watermelon
82.3,40.2,71.7,24.0,69.8,6.1,980.0,Silty Loam,120,passionfruit
91.6,61.4,89.7,21.3,69.1,6.6,500.0,Loam,120,onions
22.0,60.0,85.0,18.8392908,14.74071856,7.811997977,947.8189594,Clay Loam,99,chickpea
67.0,47.0,60.0,18.1,85.0,5.71,1815.0,Loam,95,Tea
33.1,73.2,72.9,23.0,74.6,6.3,590.0,Clay Loam,67,beans
119.0,5.0,55.0,29.68846716,94.30111601,6.168757984,268.3924845,Sandy Loam,89,muskmelon
60.0,23.0,57.0,25.7,74.0,6.74,698.0,Loam,143,Maize
40.0,79.0,17.0,21.12695586,63.18738532,6.403683619,387.1834464,Loam,100,lentil
5.0,27.0,33.0,27.7,59.0,6.74,520.0,Loam,154,Sorghum
118.0,67.5,116.0,17.4,67.8,6.7,470.0,Clay Loam,120,cabbage
42.0,58.0,25.0,27.45853567,62.90020977,6.513620918,694.6020927,Clay Loam,79,blackgram
115.0,11.0,46.0,24.41592661,89.39655519,6.623167177,403.2161859,Sandy Loam,88,watermelon
30.0,137.0,200.0,22.91430043,90.70475565,5.603413172,1186.044645,Silty Loam,189,apple
3.0,63.0,16.0,24.38041875,61.18458224,6.868881708,531.3946695,Sandy Loam,102,lentil
47.0,5.0,0.0,22.0,47.0,5.82,354.0,Silty Loam,185,Sorghum
102.0,73.0,54.0,26.4020227,84.41007614,5.720726906,1110.162259,Clay Loam,297,banana
40.0,126.0,201.0,11.36300891,80.03100049,6.116982944,711.8289431,Loam,155,grapes
111.0,5.0,52.0,29.8843055,94.0371147,6.135996372,210.000988,Loam,89,muskmelon
54.52633594974017,22.01193975814768,62.01142120542468,24.016889296921747,65.60710132274325,7.338844829750051,766.0650902378399,Sandy Loam,981,cashew
88.0,60.0,115.0,21.2,71.5,6.3,900.0,Loam,120,ribena
24.529899875935662,39.846329577081434,48.49232164045667,34.86440825823445,58.545787315245725,6.24637907417003,403.6081156057895,Sandy Loam,100,millet
83.13954908216778,65.82949855759271,47.331061933704774,15.12808982651428,80.04873963219079,6.144338157381739,1986.0766027965979,Clay,1776,macadamia
60.2,33.1,84.9,16.2,61.9,5.5,640.0,Sandy Loam,120,ribena
48.0,29.0,15.0,36.2,54.0,6.18,227.0,Sandy Loam,127,Sorghum
70.0,68.0,55.0,42.84609252,94.63548176,6.691202286,788.099639,Loam,202,papaya
20.0,69.0,15.0,23.44260668,22.77255917,5.934136378,1074.137246,Sandy Loam,81,kidneybeans
93.4,57.8,86.2,21.1,60.9,6.9,365.0,Loam,120,onions
72.04707862417048,72.02103776659067,71.03348902230356,18.772941700691014,79.14500832042047,5.958664154448572,996.6074986238583,Loam,108,potato
74.0,39.0,23.0,22.6265115,65.77472881,6.78073637,881.7251033,Silty Loam,112,maize
76.47029442818729,41.30432381495684,54.97284613627265,16.29271249227122,65.40311084127795,6.818690683963399,1592.751809773321,Loam,514,avocado
31.0,56.0,23.0,31.46846241,35.39454002,5.661826398,1745.723999,Sandy Loam,154,pigeonpeas
103.0,51.0,20.0,22.80213132,84.14668447,7.046607434,916.389565,Loam,172,cotton
3.0,69.0,23.0,28.67408774,63.18832976,7.299360767,429.6018627,Sandy Loam,104,lentil
119.0,12.0,66.0,18.5,57.0,6.57,717.0,Clay,199,Wheat
25.0,48.0,21.0,28.438097,83.48991368,6.267684328,525.5469976,Silty Loam,69,mungbean
56.0,76.0,16.0,28.27265858,61.18956161,7.513151076,632.9900785,Loam,79,blackgram
22.0,64.0,82.0,19.48974337,17.17260319,6.4740245,875.1312796,Clay Loam,99,chickpea
38.06418604502967,59.61436112087925,63.307884287962864,29.785073866358267,61.27422324316484,5.9316210547158965,1221.8560614960682,Sandy Loam,147,sweet potato
103.0,42.0,17.0,24.29470232,84.61527627,6.527541661,810.5902285,Black Cotton,170,cotton
85.0,95.0,47.0,25.94019018,78.3422098,6.211833161,1198.4797,Loam,299,banana
21.9,41.2,50.3,18.7,64.0,6.2,405.0,Silty Loam,66,beans
2.0,129.0,201.0,22.78234161,94.36803516,5.682343744,1221.449949,Loam,190,apple
114.0,27.0,28.0,24.99451759,57.93250202,7.162802357,1928.736822,Loam,244,coffee
245.8,65.0,290.2,26.4,70.9,5.2,1320.0,Loam,120,pineapple
53.0,55.0,55.0,33.32315744,91.25271223,6.709668804,2344.96633,Loam,246,papaya
2.0,47.0,15.0,29.86860065,85.99127934,6.401455706,584.1394143,Silty Loam,69,mungbean
81.29058849095891,57.75598929185889,54.776187387138435,19.874491541023023,83.69028626480804,5.8917276853166,1988.2505211950474,Clay,1622,macadamia
52.57666646968644,65.78733685050706,79.67095837311697,20.045646127758996,82.44978660861979,5.456535292841165,1421.6527429919697,Loam,1211,macadamia
20.0,45.0,16.0,29.93964907,54.61813464,4.626212446,454.3669946,Loam,79,mothbeans
44.40246326158162,47.77541411637486,90.25500889386552,27.416721686290245,68.62232373480362,5.655516781255796,855.7430850166245,Sandy Loam,119,sweet potato
22.1,45.0,55.0,19.5,70.2,6.5,420.0,Clay Loam,66,beans
31.0,79.0,25.0,23.18864385,22.3104551,5.902033406,633.8208822,Loam,81,kidneybeans
35.0,72.5,74.0,24.0,63.5,6.9,480.0,Sandy Loam,68,beans
33.0,138.0,198.0,22.29423493,90.69033986,6.222390798,1227.418744,Sandy Loam,190,apple
34.0,11.0,10.0,31.75048899,94.59551226,7.36220835,1151.989301,Red Volcanic,218,orange
1.0,12.0,14.0,26.1,52.0,6.35,183.0,Silty Loam,204,Sorghum
57.599079597277395,29.724811547100217,34.99043587277336,23.55645302233682,52.13398313046712,6.569526658627305,491.83653017697895,Loam,104,millet
76.0,47.0,42.0,20.08369642,83.29114712,5.739175027,2636.372176,Silty Clay,172,rice
36.0,133.0,198.0,25.51939719,83.98351748,6.2286454,691.7281221,Loam,162,grapes
80.0,77.0,49.0,26.05433004,79.39654531,5.519088423,1132.297373,Loam,298,banana
66.0,18.0,20.0,28.0,67.0,5.72,683.0,Sandy Loam,115,Maize
1.0,67.0,21.0,27.52135365,60.53657684,6.551577598,480.6491307,Clay Loam,103,lentil
12.0,39.0,21.0,28.99319096,62.85948245,8.183844843,704.713043,Loam,79,mothbeans
95.03470170977981,68.56623632927561,54.60821503355604,19.034550064100685,66.19785422647908,6.906420614008991,704.3209405097331,Sandy Loam,61,kale
29.0,30.0,65.0,36.0,62.0,5.33,664.0,Loam,154,Sorghum
3.0,56.0,17.0,28.19912143,53.50567601,8.709291688,521.3580529,Sandy Loam,79,mothbeans
111.0,32.0,34.0,25.46743689,69.35161206,6.392048018,1713.764462,Loam,237,coffee
68.98399069540403,49.42738910971002,65.6312213076387,26.270632493916718,64.37112766144239,5.527717599230264,1357.54132821877,Sandy Loam,108,sweet potato
66.0,26.0,29.0,27.9,66.0,6.26,271.0,Sandy Loam,167,Beans
44.15865070642022,44.22729347352123,68.7678069792581,23.711649451159786,65.30372966993852,6.312736756838879,1322.5863179928774,Sandy Loam,703,avocado
110.68535784139743,58.37073175163592,56.849589777735275,22.616042609328765,72.02761301134893,6.4326450491762355,784.1805878568562,Loam,75,kale
74.26947362130306,64.24155371130828,77.20577406746699,22.902895920804117,79.65277807178434,5.325499513728286,1315.2181071260175,Loam,1781,macadamia
26.0,24.0,34.0,31.27180992,52.23810152,6.811291098,897.4409017,Loam,179,mango
40.0,136.0,202.0,22.85267372,94.5764581,5.935336308,1175.314026,Silty Loam,189,apple
19.0,38.0,26.0,31.48451729,48.77926304,4.525722333,931.7221967,Red Volcanic,181,mango
27.0,34.0,20.0,31.9,34.0,7.91,357.0,Silty Loam,181,Sorghum
68.48195538023214,57.082264454603,62.3891811833717,18.627406763026986,80.76564045816765,5.356085634479197,1770.6170795808173,Loam,1753,macadamia
127.0,53.0,24.0,22.21506982,76.17851932,6.127939628,704.0557612,Loam,167,cotton
38.0,25.0,49.0,24.9,60.0,7.29,740.0,Clay,216,Beans
63.0,35.0,16.0,22.02720976,65.35549924,6.272417541,837.3280082,Silty Loam,110,maize
23.0,62.0,85.0,18.97424756,19.5161216,8.490127142,807.108745,Sandy Loam,99,chickpea
2.0,120.0,203.0,23.12652652,94.71203306,5.893492999,1086.211833,Silty Loam,186,apple
32.0,14.0,37.0,22.73031253,88.48567856,6.825256236,1046.843243,Loam,214,pomegranate
129.0,80.0,27.0,18.1,63.0,6.12,891.0,Silty Clay,184,Tomato
23.0,142.0,197.0,39.06555518,82.03812973,6.000573725,693.0772897,Sandy Loam,169,grapes
34.0,6.0,27.0,25.84726298,90.92669463,5.860740481,1478.888994,Sandy Loam,365,coconut
103.0,29.0,42.0,23.2,61.0,6.41,550.0,Clay,157,Maize
72.98184722669636,35.7816317607294,48.50394413820809,20.255722833075364,75.83361195208394,6.346964502762751,1958.598928936957,Clay,1201,macadamia
40.0,16.0,30.0,20.8,58.0,7.36,694.0,Loam,123,Wheat
37.0,77.0,17.0,36.20970524,31.94550613,5.617122801,1910.658531,Loam,158,pigeonpeas
55.591895454821625,39.97930272547984,40.332398868243324,28.9533005552356,67.00489500445913,6.509091672907157,757.8932870244035,Sandy Loam,998,cashew
10.0,75.0,17.0,18.43966037,68.05394959,7.732194788,390.0992137,Clay Loam,99,lentil
37.0,62.0,17.0,25.68576704,69.84354028,7.121254928,746.2068748,Clay Loam,78,blackgram
76.0,58.0,90.0,22.4,65.0,5.71,484.0,Loam,163,Tomato
1.0,31.0,59.0,20.8,76.0,4.28,983.0,Silty Loam,196,Cassava
20.0,45.0,22.0,29.5888162,89.9939693,6.904587016,549.6121262,Silty Loam,69,mungbean
100.0,9.0,37.0,10.2,43.0,7.21,751.0,Clay,121,Wheat
1.0,15.0,9.0,29.98364695,94.55239717,7.53350946,1153.560318,Loam,218,orange
121.0,47.0,16.0,23.60564038,79.29573149,7.723240151,724.9800885,Clay Loam,168,cotton
38.0,141.0,198.0,13.05809741,80.28297993,5.757009965,707.5633584,Sandy Loam,156,grapes
110.0,15.0,48.0,28.57819995,92.86597437,6.212567211,275.987178,Loam,89,muskmelon
23.0,55.0,16.0,21.01142393,69.69141302,5.111488821,1852.039114,Red Volcanic,157,pigeonpeas
36.0,27.0,26.0,26.58413917,95.78923137,6.25449571,1716.262299,Red Volcanic,365,coconut
89.05972229813554,67.67289812169446,52.15242169372483,24.537193309139283,73.68120500013511,6.394133146993782,1908.2075192586417,Clay,1396,macadamia
60.0,53.0,66.0,20.0,59.0,6.91,641.0,Sandy Loam,209,Wheat
28.0,123.0,198.0,23.46260321,91.45665004,5.682751473,1117.763395,Sandy Loam,187,apple
112.0,28.0,54.0,24.86094646,85.05318563,6.738030547,552.9563514,Loam,88,watermelon
18.0,19.0,27.0,27.75518664,52.34605806,4.772385986,941.1213345,Red Volcanic,181,mango
91.0,7.0,53.0,25.13735887,89.28272716,6.457216535,435.2897517,Sandy Loam,88,watermelon
34.7,76.4,72.1,22.8,69.0,6.95,570.0,Clay Loam,67,beans
88.9,65.0,76.5,22.3,68.1,5.9,1050.0,Sandy Loam,120,passionfruit
70.0,44.0,19.0,23.31689124,73.4541537,5.852607099,942.9712821,Silty Loam,113,maize
98.0,27.0,27.0,24.71384065,51.29142534,7.238109556,1976.439711,Red Volcanic,245,coffee
31.792409822614438,39.55015661792356,64.75664004957275,26.6609237381301,66.1590880570248,6.299995565071979,874.8085968660613,Sandy Loam,101,sweet potato
66.79054909660653,43.31333040860902,70.86637450285659,23.19065006373989,79.2359827716737,6.3277538892049465,1162.8604114066425,Sandy Loam,719,avocado
95.0,24.0,54.0,20.8,32.0,6.14,699.0,Silty Loam,178,Wheat
93.55908182282148,47.61385158436137,123.5969429283904,13.750447954517675,84.57555920324772,5.98635368526962,1245.1026065255369,Clay,121,potato
84.16202962557199,39.02635402431514,62.728006520726694,21.59469834445948,63.58664684964163,6.820099951310615,680.9292269514888,Loam,85,kale
29.0,57.0,20.0,25.60973447,50.7330069,5.87707519,533.9249517,Sandy Loam,78,mothbeans
96.27007642830503,43.89832133066736,51.909761458627685,16.24526275905817,70.78921214241848,6.975665147052364,864.2271533696347,Clay,60,kale
92.0,52.0,59.0,21.3,43.0,7.77,443.0,Silty Clay,147,Wheat
58.0,53.0,81.0,15.6,67.0,7.24,765.0,Sandy Loam,249,Wheat
1.0,76.0,19.0,24.18553163,46.68746847,6.669529416,1773.377996,Loam,155,pigeonpeas
91.4,47.3,118.9,21.4,73.1,6.3,860.0,Silty Loam,120,ribena
39.86136527125449,52.735392430373906,68.46898130955132,27.004037524804986,69.8609161719983,6.369706546349351,1481.3275292607875,Sandy Loam,128,sweet potato
35.0,142.0,203.0,21.17089176,90.23730166,5.895319002,1236.495149,Sandy Loam,191,apple
29.80413394120353,36.15821298604844,29.344898518627616,32.36771253937153,51.762078749714476,5.814569661100771,393.8061546237402,Sandy Loam,78,millet
85.11996033764186,46.84530058946652,85.52961644778128,19.415510017741045,70.87676372113413,5.852533624794402,961.6427543189799,Clay,135,potato
63.0,61.0,29.0,14.6,56.0,6.35,307.0,Loam,253,Wheat
88.0,67.0,70.5,21.9,66.4,5.9,1250.0,Silty Loam,120,passionfruit
48.470618376366744,31.9400560355864,98.291326076032,24.901083980288305,63.599269241646695,5.844843960695252,1106.9689640292472,Loam,106,sweet potato
46.046268386030796,49.93609206298642,84.10146752528605,29.221933324463265,72.06302167113077,5.760026028782675,924.234157572181,Loam,99,sweet potato
0.0,27.0,38.0,22.44581266,89.90147027,6.738016221,1093.905998,Red Volcanic,216,pomegranate
91.0,24.0,55.0,26.27061608,83.09194521,6.259086583,467.6837499,Loam,88,watermelon
145.0,85.0,225.0,26.1,77.3,6.3,880.0,Red Volcanic,120,tomato
97.0,42.0,69.0,22.2,78.0,6.4,854.0,Silty Clay,188,Maize
49.38084803459571,29.936891516304637,68.80969329039436,31.613620115182812,74.7831015075574,7.080561473380066,786.6962142613099,Sand,1069,cashew
18.0,30.0,27.0,27.9,37.0,7.32,349.0,Sandy Loam,166,Sorghum
46.0,73.0,54.0,31.1,83.0,6.14,674.0,Silty Clay,182,Tomato
41.704796177713334,28.563372126026984,43.116987880922714,26.67792797915832,55.32833342609919,6.777559644302932,587.5543774375819,Loam,109,millet
32.26363874028428,45.55514529302536,67.99293114926559,27.9137340737808,78.60510976566823,6.298054053229112,1011.4297607718107,Sandy Loam,1073,cashew
66.0,32.0,54.0,20.6,80.0,5.82,1343.0,Sandy Loam,224,Tea
17.0,52.0,17.0,27.88352946,86.45147631,6.364967184,446.4407105,Silty Loam,69,mungbean
38.0,13.0,51.0,17.9,77.0,5.62,446.0,Sandy Loam,226,Beans
80.0,41.0,79.0,19.5,50.0,6.16,1142.0,Sandy Loam,151,Tomato
121.0,45.0,22.0,22.45942937,81.30681027,6.443785385,642.3026638,Black Cotton,166,cotton
5.0,56.0,24.0,24.80710166,45.01110015,5.023115055,1884.928637,Sandy Loam,157,pigeonpeas
91.0,42.0,43.0,24.7,42.0,7.21,316.0,Loam,129,Wheat
89.0,47.0,38.0,25.52468965,72.24850829,6.002524871,1518.869972,Clay Loam,157,jute
97.0,12.0,47.0,25.28784623,89.63667876,6.765094964,582.8697664,Sandy Loam,88,watermelon
81.0,53.0,42.0,23.67575393,81.03569343,5.17782304,2337.034975,Silty Clay,166,rice
7.0,9.0,33.0,33.3,75.0,7.3,953.0,Silty Clay,138,Cassava
79.0,30.0,76.0,24.0,58.0,7.75,813.0,Sandy Loam,191,Tomato
149.3,90.0,149.5,19.9,79.1,6.9,560.0,Loam,120,cabbage
62.0,41.0,36.0,24.3,77.0,6.24,398.0,Sandy Loam,172,Beans
101.2,63.5,109.9,16.4,62.8,6.3,410.0,Clay Loam,120,cabbage
37.0,18.0,30.0,27.63551259,99.34854917,6.38488418,1579.171537,Red Volcanic,365,coconut
20.0,74.0,16.0,36.04353699,43.61444121,4.759490199,1598.938645,Sandy Loam,151,pigeonpeas
59.0,62.0,83.0,18.57665902,19.22008229,8.104396058,729.4940441,Sandy Loam,99,chickpea
36.55822761226613,22.167788093548786,67.50404275231043,28.95035917472303,66.88372489119499,6.405479535988338,1178.6846239179963,Sandy Loam,737,cashew
66.37118251172461,58.41656184770332,124.44298000678873,15.607478385076163,89.55858684052852,5.070070521679172,1247.697368747541,Loam,124,potato
49.0,69.0,82.0,18.31561493,15.36143547,7.26311855,817.8710463,Loam,99,chickpea
2.0,21.0,35.0,25.02887163,91.53720922,6.293662363,1798.248944,Coastal Sandy,365,coconut
76.89620462465464,39.968724561959064,78.83320892453897,19.17072895215666,84.31844735149116,6.443568146764472,1004.1481818941147,Loam,63,kale
57.0,43.0,41.0,18.3,66.0,6.07,1983.0,Loam,232,Tea
21.0,134.0,202.0,10.72302459,80.02130636,6.425419926,652.982112,Sandy Loam,155,grapes
24.0,18.0,6.0,26.56608303,94.45239715,6.285312759,1163.796525,Red Volcanic,218,orange
40.629369801329,42.081576829237264,20.999710551959748,27.894333667088866,40.214679217171835,6.327317699697959,688.8816548094633,Sandy Loam,77,millet
129.1,82.3,118.7,18.4,77.1,6.9,520.0,Silty Loam,120,cabbage
58.29259408152621,26.28021245886649,23.11735688417899,22.979447953936514,49.575938522929405,6.412079252284641,572.0067236949998,Loam,85,millet
120.0,80.0,100.0,23.1,71.2,6.9,550.0,Loam,120,onions
95.0,44.0,59.0,17.7,51.0,8.11,412.0,Silty Loam,204,Wheat
98.0,58.0,92.0,15.7,67.0,6.9,510.0,Loam,120,onions
24.0,140.0,205.0,12.087022,83.59398734,5.93202852,686.6813363,Loam,156,grapes
105.7,72.4,91.5,19.8,65.9,6.8,480.2,Silty Loam,120,onions
86.4,42.7,105.2,18.6,68.0,5.9,750.0,Loam,120,ribena
205.0,55.0,260.0,23.7,66.4,4.7,1500.0,Sandy Loam,120,pineapple
117.0,86.0,48.0,28.6956201,82.54195839,6.225225239,1161.616839,Clay Loam,299,banana
69.1104047237672,51.616004449149756,74.52161333937573,21.001831263387814,79.1371387842985,6.404488141273454,899.7641740204415,Loam,141,sweet potato
33.0,75.0,84.0,19.46210401,18.72831993,7.217018459,688.1405149,Sandy Loam,99,chickpea
51.42005178231268,22.432403282775038,28.808776952593615,32.92026108778913,46.1000271719931,5.509139645599997,515.6161917787417,Sandy Loam,116,millet
19.0,30.0,30.0,29.56549169,91.40896307,5.826381164,2248.315729,Red Volcanic,365,coconut
31.0,53.0,16.0,28.7420098,85.81675947,6.452006451,485.4598575,Silty Loam,69,mungbean
51.18788134271877,35.20360572359057,50.364199022058514,24.097345407021024,65.34171086787833,6.468575782968991,1513.697740260069,Loam,464,avocado
32.0,25.0,9.0,10.35609594,93.75652041,7.796034006,1011.456947,Loam,213,orange
95.2,62.5,88.0,18.7,65.3,6.6,420.0,Loam,120,onions
33.2,75.0,70.0,22.7,63.8,6.7,540.0,Loam,67,beans
34.0,29.0,8.0,31.87859192,91.15248149,6.450640306,1053.437825,Red Volcanic,215,orange
79.0,44.0,25.0,25.1,69.0,6.04,308.0,Clay,165,Beans
85.0,21.0,52.0,29.62800691,90.10051615,6.075144116,236.9586761,Sandy Loam,89,muskmelon
48.25606771847838,50.2544277997452,65.62530226761552,22.026555479322578,75.38867303130966,6.342868580509382,1270.1633984280033,Sandy Loam,127,sweet potato
44.0,60.0,75.0,16.5,48.0,6.99,463.0,Sandy Loam,186,Wheat
77.13724827236406,55.922332920096785,54.97599683386903,20.801657053723748,86.23570395045098,6.447322866138691,1279.0669171320699,Loam,1109,macadamia
72.4,41.0,89.4,17.6,65.3,6.0,660.0,Sandy Loam,120,ribena
115.3,70.0,105.7,15.8,62.4,6.5,420.0,Loam,120,cabbage
54.89454955759468,51.58235293947743,46.68002096635507,20.470527266602648,84.72676120557854,6.438710810870953,1274.7407172036715,Clay,669,avocado
36.0,65.0,80.0,18.2872007,16.67921616,6.051091339,748.7445574,Loam,99,chickpea
156.0,74.1,190.2,24.3,77.5,6.5,940.0,Loam,120,tomato
58.0,42.0,53.0,21.1,76.0,7.3,831.0,Loam,134,Maize
39.0,28.0,10.0,31.34920143,91.48247612,7.181907673,1091.549823,Loam,216,orange
44.72266232944961,23.534411118508746,46.90613534310484,28.226195975680533,54.84627608626077,5.527787622920977,689.9506130894943,Loam,83,millet
12.0,29.0,13.0,22.45616931,91.52781832,7.57125447,1180.069295,Red Volcanic,219,orange
74.9065005532245,46.497170911169874,75.36046165357654,18.93504015713677,73.04584645075472,6.434676167310199,1792.183599560809,Sandy Loam,1097,macadamia
35.41663810872387,35.852333172532795,62.57726649225959,24.56254130367233,65.82811125394552,7.401687695327491,1173.123680587716,Sand,824,cashew
18.0,12.0,8.0,12.59093977,91.81668769,6.206053072,1193.916718,Sandy Loam,219,orange
26.041311662717025,33.87069854103397,26.892113802880193,32.86870006785781,49.11538595152197,7.337497495875336,445.685607303407,Sand,98,millet
38.0,6.0,25.0,25.54963273,96.92786777,6.156259104,1912.996157,Sandy Loam,365,coconut
67.9602547691596,48.991613408167865,75.10760821157966,28.212216147467934,78.64641677809857,5.714351368283552,1264.4270695911787,Loam,128,sweet potato
41.87520096756663,28.45301282949337,33.25250898221853,30.420239868335713,56.639619823393346,5.590300859136785,431.03723466027384,Sandy Loam,103,millet
35.19412629272085,31.943687126165916,70.02808278002257,22.21373241626508,65.56535050027705,6.47959353280751,1212.877170770083,Sandy Loam,98,sweet potato
89.0,60.0,17.0,25.37548751,57.21025565,5.983952675,1017.004306,Sandy Loam,115,maize
50.0,9.0,57.0,31.9,27.0,7.42,566.0,Loam,182,Sorghum
92.0,75.0,45.0,29.01207743,77.95192527,5.674403359,904.3495443,Clay Loam,292,banana
30.1,68.2,66.3,20.2,72.3,6.8,520.0,Loam,66,beans
32.0,68.0,52.0,32.68067385,92.61715632,6.800321319,2488.592986,Sandy Loam,251,papaya
53.30126929536874,46.151386757935896,62.673146581767455,31.158321433779243,60.38212941147017,5.9897200499887475,1161.1900604805955,Sand,970,cashew
69.3681773217802,37.46828774857704,65.13882879636532,20.466332546814666,74.03397011257164,6.130619716488269,869.3729297810963,Loam,128,sweet potato
27.0,63.0,19.0,20.93409877,21.1893007,5.562201934,1331.914419,Silty Loam,80,kidneybeans
36.0,38.0,15.0,28.36363858,87.59810657,6.320662012,579.9524359,Sandy Loam,69,mungbean
104.0,35.0,28.0,27.51006055,50.66687215,6.983732393,1439.955548,Red Volcanic,227,coffee
93.0,47.0,37.0,21.53346343,82.14004101,6.500343222,2959.248796,Clay Loam,179,rice
110.5,70.2,180.0,23.0,68.9,6.6,810.0,Red Volcanic,120,tomato
49.0,76.0,18.0,27.05365239,67.7017527,7.393631868,604.693835,Clay Loam,79,blackgram
11.0,72.0,20.0,19.52226241,24.92607153,5.951177452,1133.34026,Silty Loam,79,kidneybeans
65.63623468202663,43.242997012291845,74.60046109882134,22.969030196176337,65.4538184728123,5.72312848095142,1673.3041192632168,Loam,442,avocado
75.0,58.0,78.0,12.5,67.0,6.62,723.0,Silty Clay,197,Wheat
26.0,38.0,35.0,15.7,73.0,6.68,311.0,Loam,212,Beans
21.0,78.0,19.0,27.16159076,66.76017239,6.92009048,698.5112265,Sandy Loam,79,blackgram
40.0,58.0,75.0,18.59190771,14.77959596,7.168096055,896.0982451,Loam,99,chickpea
238.6,65.0,280.0,26.2,72.1,5.7,1120.0,Red Volcanic,120,pineapple
32.0,29.0,25.0,22.0,86.0,5.23,624.0,Silty Clay,230,Beans
149.2,64.8,178.6,24.9,69.1,6.7,750.0,Sandy Loam,120,tomato
22.0,54.0,49.5,19.8,72.1,6.9,410.0,Sandy Loam,66,beans
25.0,5.0,46.0,28.3,56.0,7.69,540.0,Clay,162,Sorghum
128.5,72.3,125.7,17.2,68.4,6.8,520.1,Loam,120,cabbage
250.1,60.8,290.7,22.9,66.5,5.5,1255.0,Sandy Loam,120,pineapple
68.0,38.0,81.0,18.1,56.0,5.29,894.0,Sandy Loam,209,Maize
135.6,80.1,142.7,18.6,75.2,6.8,475.0,Loam,120,cabbage
41.40491220447751,24.962636969779133,55.33542186504094,29.571450366814492,77.33844011484237,6.172062376981959,1010.5952871998243,Sandy Loam,848,cashew
120.0,24.0,47.0,26.98603693,89.4138489,6.260838965,585.4876687,Loam,88,watermelon
39.0,24.0,7.0,33.1,31.0,7.88,459.0,Silty Loam,247,Sorghum
46.61583940876108,45.07882329783154,62.50314682003217,26.708659195235803,78.73472770432815,6.734718813995012,762.130879047935,Loam,915,cashew
68.87736172152549,34.85099064733346,91.31605125104451,20.24361504091396,68.46484949429141,5.959588533177833,1026.174350919217,Loam,96,sweet potato
88.0,21.0,27.0,24.43011925,66.02411187,7.231166546,1816.368274,Red Volcanic,240,coffee
11.0,41.0,19.0,26.85911286,41.81420849,5.131779302,441.3827124,Sandy Loam,78,mothbeans
113.0,15.0,29.0,27.09617155,63.55324262,6.779230041,1902.440566,Red Volcanic,243,coffee
62.781283780471796,42.08517792291201,53.95258518592417,18.378599029286445,74.19542602152285,6.300136359809684,1269.9961523923116,Sandy Loam,503,avocado
70.64981255111297,56.775919759076906,49.97017802723322,24.89936788717056,72.7049471481352,5.734518419234978,1269.6094957642863,Loam,682,avocado
54.0,22.0,37.0,21.9,70.0,7.16,582.0,Silty Clay,165,Beans
79.0,58.0,76.0,20.3,62.0,6.93,420.0,Sandy Loam,194,Maize
19.0,27.0,97.0,23.1,70.0,6.14,708.0,Sandy Loam,191,Cassava
56.0,55.0,85.0,17.7,89.0,4.72,2745.0,Loam,178,Tea
136.0,68.0,64.0,27.6,49.0,5.7,499.0,Sandy Loam,90,Tomato
21.0,30.0,25.0,22.8,79.0,5.77,245.0,Loam,291,Beans
112.0,3.0,93.0,26.9,83.0,7.08,652.0,Clay,165,Maize
31.0,75.0,18.0,15.46789263,21.43780702,5.824208309,888.8796102,Loam,77,kidneybeans
13.0,57.0,25.0,28.30041493,86.20681554,6.86308576,504.7333854,Silty Loam,69,mungbean
258.7,72.4,312.1,28.3,79.5,5.6,1320.0,Loam,120,pineapple
18.0,19.0,29.0,27.59376845,92.48519606,6.206077742,1628.432736,Sandy Loam,365,coconut
85.0,29.0,29.0,20.6,48.0,7.53,385.0,Loam,243,Beans
100.0,58.0,41.0,23.17403323,87.88255345,6.658769991,1606.217342,Alluvial,160,jute
113.0,21.0,33.0,26.02241444,55.83288958,7.277422738,1769.020924,Loam,238,coffee
25.0,68.0,19.0,29.39982732,64.25510719,7.108450121,674.7677295,Sandy Loam,79,blackgram
98.0,35.0,18.0,23.79746068,74.82913698,6.252797548,917.6337172,Silty Loam,112,maize
28.0,41.0,22.0,23.1,53.0,6.15,194.0,Clay,175,Sorghum
72.6854837277464,64.97892572826859,73.34624654207934,14.07822970808999,86.31460259556715,5.3103891923606525,1434.4497218721606,Loam,108,potato
27.4,54.2,73.8,19.8,62.5,6.6,450.0,Silty Loam,66,beans
44.0,55.0,25.0,29.6321052,65.91359954,7.42160832,711.6331975,Clay Loam,79,blackgram
48.255904977721244,16.0467670650571,21.20604840153625,32.42095836972974,62.39416553698554,6.565517865314408,311.75338732583475,Sandy Loam,84,millet
84.0,21.0,55.0,28.47090661,94.79453182,6.494251024,210.8484101,Loam,89,muskmelon
117.0,60.0,53.0,26.3,78.0,7.47,616.0,Clay,180,Maize
16.0,71.0,24.0,18.33124824,38.40975482,4.946369874,1396.483317,Sandy Loam,147,pigeonpeas
113.0,41.0,20.0,25.0017188,80.53965818,7.256877571,963.2600992,Clay Loam,174,cotton
10.0,18.0,35.0,27.79797651,99.64573002,6.381975465,1816.942283,Red Volcanic,365,coconut
95.0,58.3,118.7,20.4,71.0,6.3,820.0,Loam,120,ribena
9.0,17.0,112.0,30.2,69.0,4.96,1073.0,Sandy Loam,114,Cassava
34.0,47.0,19.0,27.31372793,85.44815232,6.568795404,531.5223123,Sandy Loam,69,mungbean
8.0,33.0,29.0,29.98080499,49.48613279,6.442393461,918.2271568,Sandy Loam,180,mango
40.0,18.0,43.0,19.38603815,86.79058496,5.767372539,1099.130984,Sandy Loam,216,pomegranate
92.0,70.0,39.0,23.2,53.0,7.34,686.0,Sandy Loam,184,Tomato
56.64080913919446,51.43038867177572,84.57038500018894,20.725647679283334,74.54621255215237,6.128636428301264,1412.7785728353067,Sandy Loam,112,sweet potato
310.5,74.3,360.4,27.2,77.8,5.4,1320.0,Loam,120,pineapple
0.0,65.0,24.0,28.49584395,62.44616219,7.841496029,531.4531023,Clay Loam,104,lentil
39.99667825571259,43.817534924998625,57.68859792784582,27.5105907152448,77.01020529121297,6.622760272669303,887.4881792597653,Sand,827,cashew
95.0,54.0,80.0,19.2,62.7,6.7,455.0,Loam,120,onions
119.0,44.0,15.0,22.14593688,82.8597549,7.091992365,606.5381719,Black Cotton,165,cotton
36.0,55.0,20.0,27.01470397,84.34262707,6.635968698,552.96354,Silty Loam,69,mungbean
65.24295549958569,69.27091576984171,82.62612455703743,12.847959422469385,77.06328539289923,6.353036100588932,1294.7914160019725,Loam,104,potato
31.0,54.0,42.0,21.4,72.0,6.11,424.0,Silty Loam,75,Beans
78.64882936097533,76.7679729461652,125.65840502724771,10.242553366548696,73.26519865622048,5.576132669298412,936.0665748748216,Clay,112,potato
41.0,74.0,18.0,28.75751783,61.02701476,6.599147298,733.7686831,Sandy Loam,79,blackgram
119.0,27.0,85.0,24.8,81.0,6.6,624.0,Loam,216,Tomato
84.0,38.0,37.0,23.3,76.0,6.5,1554.0,Loam,204,Tea
111.0,5.0,47.0,28.03306461,91.47355778,6.274452811,211.7924769,Sandy Loam,89,muskmelon
27.5,49.0,55.5,19.8,65.0,6.2,435.0,Silty Loam,66,beans
53.77758371968025,21.540071063021298,21.35772033213525,32.19388491761591,66.53770341281555,6.7024809389901225,426.52560750016534,Sandy Loam,99,millet
242.9,80.6,260.3,25.5,71.8,5.4,1050.0,Loam,120,pineapple
87.0,28.0,35.0,26.5602777,57.1621814,6.759211911,1520.616227,Loam,230,coffee
91.2700171397867,54.771442551394976,73.07802919835522,16.200866191948947,87.0959124040811,6.076378062494163,1032.499611833423,Clay,100,potato
50.0,27.0,23.0,24.2,50.0,5.47,572.0,Sandy Loam,176,Beans
118.7,66.2,115.5,16.1,65.4,6.5,430.0,Silty Loam,120,cabbage
19.0,24.0,15.0,20.48954522,93.72485075,7.137136973,1118.391951,Sandy Loam,217,orange
91.0,50.0,40.0,20.82477109,84.1341879,6.462391607,2302.242223,Clay Loam,166,rice
260.9,70.1,300.3,25.7,71.8,5.1,1225.0,Sandy Loam,120,pineapple
87.85710845748122,31.98323716084513,74.95023923069687,24.990992311319772,83.62273674088591,6.055294736933607,794.706070061187,Loam,69,kale
69.60314674093321,51.86110238251368,59.6344287574434,21.747222728080942,87.2461604833322,6.319190971117465,1658.7189848670714,Loam,1370,macadamia
52.0,26.0,53.0,23.5,50.0,7.31,785.0,Silty Clay,190,Beans
87.0,68.0,84.0,23.5,74.0,6.43,753.0,Sandy Loam,194,Tomato
90.0,40.0,39.0,25.72668885,81.86171563,6.626503893,1919.649389,Clay Loam,167,jute
18.0,23.0,8.0,21.49118657,93.43949693,6.41354791,1014.819888,Sandy Loam,213,orange
198.6,54.3,265.4,23.5,69.7,4.9,1070.0,Loam,120,pineapple
99.0,6.0,45.0,26.12588914,86.5507939,6.000975617,407.1210074,Loam,88,watermelon
0.0,26.0,31.0,25.0707247,95.02156793,5.547933273,1929.036306,Coastal Sandy,365,coconut
40.0,24.0,25.0,28.70595247,50.44030129,5.445008416,958.946444,Red Volcanic,181,mango
34.0,36.0,29.0,9.0,58.0,7.99,618.0,Silty Loam,188,Wheat
47.752583138495645,17.696072299061825,26.561699199679158,26.302330243794376,44.929203552256524,5.902081669891805,303.18055582276236,Sand,115,millet
54.75311244410885,30.926642670822297,55.838908199305436,26.730036973865023,63.53185741530329,5.74140760290793,872.4113983213349,Loam,888,cashew
69.8590799884279,65.21152827986815,126.16518346231959,11.450311731052397,88.46488632469588,5.028730248634738,1009.8362616546497,Loam,127,potato
18.0,36.0,16.0,29.5,69.0,5.79,494.0,Loam,170,Beans
62.0,14.0,61.0,25.9,72.0,7.22,1510.0,Clay,182,Cassava
31.5,81.0,72.5,22.1,66.0,6.4,510.0,Clay Loam,67,beans
86.0,6.0,53.0,25.92030221,83.47202566,6.921847888,421.0681516,Sandy Loam,88,watermelon
87.0,48.0,38.0,23.81579631,80.94023552,7.161865733,1903.12216,Alluvial,167,jute
8.0,23.0,38.0,19.30106297,87.1775172,7.005410734,1054.766591,Red Volcanic,215,pomegranate
77.24891020545219,57.06111703708628,50.7800827113134,19.163473128037495,76.17483503565475,6.57605095145286,1530.0810355588728,Loam,457,avocado
110.2,63.0,89.7,19.9,67.2,6.7,435.0,Silty Loam,120,onions
78.1,37.4,97.3,18.7,64.9,6.1,710.0,Loam,120,ribena
87.58909070499,56.46019378596135,119.59585864500494,17.61625475984451,88.95774849398336,5.057695629516329,1067.518223175896,Sandy Loam,125,potato
23.0,45.0,23.0,28.77653519,86.69133979,6.983130466,561.2443206,Loam,69,mungbean
99.19362660794837,32.25938073230498,73.72834218402815,23.579153640742927,84.81128203788577,6.775816936047731,1098.2968207053452,Loam,63,kale
67.0,68.0,49.0,35.26824831,92.38282957,6.821774589,1498.488208,Red Volcanic,222,papaya
27.0,10.0,33.0,27.81132822,97.48410555,6.465906333,1540.621221,Red Volcanic,365,coconut
87.9,41.5,66.2,15.2,66.9,6.2,378.0,Silty Loam,120,onions
98.0,79.0,50.0,25.34119774,84.47321314,6.435917308,910.6493353,Red Volcanic,292,banana
23.0,18.0,2.0,30.1,56.0,6.31,309.0,Loam,174,Sorghum
18.0,14.0,11.0,28.04799508,90.00621688,6.550814117,1171.311498,Sandy Loam,219,orange
29.0,32.0,12.0,29.2,45.0,7.39,215.0,Loam,193,Sorghum
93.4,52.5,74.0,23.9,65.8,6.0,960.0,Clay Loam,120,passionfruit
117.0,86.0,53.0,25.19640218,83.55829874,5.703381728,1158.586081,Loam,298,banana
113.0,85.0,45.0,27.94972463,76.63713353,6.037430836,1090.921631,Red Volcanic,297,banana
66.77707938978214,45.18144260231532,87.69084131438441,12.74245909183056,72.13254295340587,5.59469886960166,907.8505097616459,Loam,123,potato
121.0,78.0,60.0,28.7,64.0,6.46,1176.0,Sandy Loam,183,Tomato
102.0,28.0,54.0,25.15623099,80.27525115,6.862157042,554.9541453,Sandy Loam,88,watermelon
33.0,80.0,22.0,28.57006111,65.71765781,6.593961761,700.866434,Sandy Loam,79,blackgram
68.67590185555188,50.30897736517511,76.33604137344983,16.693634931771932,78.92814066249538,5.583131181358649,1159.9650039086164,Sandy Loam,600,avocado
65.74660912685619,42.827720794742454,112.77115200261882,13.805732039031675,80.70656717750097,5.971033349952861,1075.5070813327138,Sandy Loam,111,potato
37.0,144.0,197.0,11.18994268,80.8084305,6.415555956,663.4234944,Loam,155,grapes
123.0,44.0,21.0,25.78544484,75.00539324,7.641116569,913.9578861,Black Cotton,172,cotton
28.0,19.0,34.0,14.5,74.0,8.18,518.0,Clay,173,Wheat
67.42728908884459,35.57170637951217,70.68134058555712,25.53601213877384,79.21464286711083,6.423888202892182,1789.7251407238746,Loam,588,avocado
92.5,56.3,82.1,18.2,66.4,6.6,420.0,Loam,120,onions
3.0,72.0,24.0,36.51268371,57.92887167,6.03160778,1226.539694,Red Volcanic,144,pigeonpeas
45.0,58.0,49.0,30.10773379,90.34546355,6.827812549,752.4521981,Sandy Loam,201,papaya
4.0,59.0,22.0,29.33743412,49.00323081,8.914074888,424.4054315,Sandy Loam,79,mothbeans
19.0,12.0,109.0,28.9,82.0,6.89,909.0,Silty Loam,178,Cassava
119.8,68.9,118.7,16.2,66.7,6.6,480.8,Silty Loam,120,cabbage
6.0,63.0,23.0,26.01630259,49.94704718,5.906596905,1603.337447,Red Volcanic,152,pigeonpeas
11.0,53.0,24.0,28.52396666,55.77264351,7.39389918,613.2935611,Loam,79,mothbeans
27.0,65.0,18.0,20.10993761,23.22323766,5.59503163,733.6386477,Sandy Loam,80,kidneybeans
47.0,11.0,36.0,31.1,83.0,6.67,616.0,Clay,210,Cassava
355.8,88.3,360.7,29.7,83.0,5.9,1402.0,Loam,120,pineapple
33.0,61.0,24.0,20.04611791,48.93905624,4.567446499,1224.564203,Loam,144,pigeonpeas
122.0,62.0,94.0,23.0,69.0,5.93,661.0,Silty Loam,252,Tomato
50.02059715339038,51.014849145935386,84.13466054661129,25.81528752119385,69.62070930018935,5.747058555015846,1242.9689550120586,Sandy Loam,145,sweet potato
34.0,49.0,65.0,12.3,42.0,6.04,600.0,Clay,148,Wheat
23.699106005469325,34.30428400858055,34.50250381422339,34.62181062451018,58.111932943660776,6.567831882258355,655.7606996387792,Sand,85,millet
30.0,75.0,25.0,30.33276599,42.35249879,6.446091759,1492.99952,Loam,149,pigeonpeas
2.0,131.0,199.0,22.47420512,91.22759742,6.017370134,1242.179699,Loam,191,apple
105.0,42.0,58.0,19.5,71.0,6.34,530.0,Sandy Loam,163,Maize
54.495347863965065,34.641708635059686,63.17312111545118,28.833726732845133,61.21457372931609,5.857099506378155,1083.0742803304063,Sandy Loam,972,cashew
108.08777826316486,33.34341711824645,58.591575101611795,23.34731900412157,73.30050202342588,6.431211633892321,851.9750835089947,Sandy Loam,72,kale
83.0,24.0,50.0,16.8,62.0,7.88,619.0,Loam,164,Wheat
29.0,25.0,14.0,30.49183837,90.4582865,7.781988584,1133.302105,Loam,217,orange
24.3,49.8,46.2,18.6,74.0,6.3,435.0,Loam,66,beans
9.0,137.0,200.0,21.12152071,90.6878768,5.636687393,1028.017203,Loam,184,apple
32.0,78.0,22.0,23.97081395,62.35557553,7.007037515,534.0906048,Sandy Loam,101,lentil
22.0,67.0,22.0,29.03017561,64.49166566,7.475926645,549.393771,Loam,104,lentil
36.28259065198054,28.4790885325984,42.96868424049859,27.676568147366464,52.841760692396754,6.375557826410697,459.73737038015383,Sandy Loam,79,millet
47.0,33.0,24.0,17.3,44.0,6.77,375.0,Loam,132,Wheat
66.3,38.6,97.2,18.9,65.5,5.8,720.0,Loam,120,ribena
34.0,60.0,16.0,31.35730791,64.24992106,7.322555223,638.5668948,Loam,80,blackgram
46.38267010515659,43.52641088165039,35.19633056459769,22.61379051449184,58.277554153758075,6.453610621552995,462.38719175638937,Loam,119,millet
10.0,5.0,5.0,21.21306973,91.35349216,7.817846496,1129.834361,Red Volcanic,217,orange
114.0,19.0,35.0,24.0,94.0,5.14,2820.0,Loam,107,Tea
85.0,35.0,32.0,26.24928198,54.28617819,6.854011265,1331.120232,Loam,224,coffee
88.0,38.0,15.0,25.08239719,65.92195844,6.455116637,624.9190812,Loam,105,maize
29.0,31.0,76.0,22.6,73.0,5.8,1278.0,Loam,204,Cassava
62.0,59.0,84.0,14.7,97.0,6.27,1597.0,Loam,190,Tea
19.0,36.0,22.0,25.44689075,58.55363573,6.16496284,570.4826619,Loam,78,mothbeans
15.0,123.0,204.0,22.52709326,92.54780429,6.365972688,1153.830068,Sandy Loam,188,apple
108.0,22.0,47.0,28.53545677,91.72742702,6.161123579,251.290048,Loam,89,muskmelon
9.0,141.0,202.0,21.01245395,81.17931863,6.119495295,663.8448261,Red Volcanic,160,grapes
56.0,59.0,55.0,37.03551903,91.79430166,6.551892638,1885.181422,Loam,233,papaya
62.7,35.0,92.3,16.5,62.1,6.2,820.0,Sandy Loam,120,ribena
63.02485671016926,36.87210245622626,73.85306059906273,19.44676435793982,71.62910601599361,5.969998866124287,1276.3652262911598,Loam,385,avocado
14.0,5.0,36.0,24.92639065,85.19098079,5.832525853,1047.693804,Red Volcanic,214,pomegranate
78.5,57.6,83.2,23.1,69.5,6.7,1320.0,Clay Loam,120,passionfruit
61.07516417856446,53.305349681761804,80.86086484126871,13.706865060225752,84.4778770718527,5.714225387436831,1418.306072715003,Sandy Loam,103,potato
118.0,70.0,90.0,27.3,79.5,6.5,1420.0,Loam,120,passionfruit
82.0,46.0,15.0,24.8,94.0,6.87,761.0,Clay,172,Beans
66.0,48.0,31.0,19.0,57.0,6.91,743.0,Sandy Loam,210,Wheat
71.39256271959204,43.84114970489066,59.15247162467856,15.066517545775403,88.77491130978551,5.914555488747329,1977.8589227673099,Clay,1734,macadamia
78.4,45.7,65.9,14.9,68.1,6.3,510.0,Sandy Loam,120,onions
82.0,13.0,52.0,27.11535046,94.86907886,6.442810053,265.1924782,Loam,89,muskmelon
25.0,22.0,25.0,33.56150184,45.53556603,5.977413803,957.0525913,Sandy Loam,181,mango
310.6,74.1,319.8,27.2,77.1,5.7,1198.0,Red Volcanic,120,pineapple
98.0,28.0,44.0,24.3,57.0,5.91,858.0,Loam,188,Maize
48.34563161803588,57.06385841265032,85.42165694027943,26.465937906358516,62.905575518655056,6.475986283168768,1493.6209652046277,Sandy Loam,126,sweet potato
140.0,45.0,15.0,25.5308271,80.04662756,5.801047545,993.9557151,Clay Loam,174,cotton
112.0,17.0,28.0,27.62975458,61.26002598,6.777417989,1966.492664,Loam,245,coffee
16.0,15.0,42.0,19.67832052,89.08935702,6.890784045,1085.468633,Loam,216,pomegranate
39.0,32.0,45.0,19.3,56.0,6.92,660.0,Silty Clay,218,Beans
69.0,14.0,32.0,19.8,53.0,7.25,271.0,Loam,218,Wheat
37.0,57.0,20.0,31.1006247,44.82069159,7.354286985,707.9934452,Sandy Loam,80,mothbeans
83.0,41.0,43.0,21.0525355,82.67839517,6.254028451,2331.075816,Silty Clay,166,rice
40.0,121.0,199.0,26.18159716,81.03886263,6.315586313,660.5911698,Loam,163,grapes
87.0,60.0,23.0,20.27317074,63.91281869,6.439071996,625.0351892,Silty Loam,105,maize
27.0,41.0,23.0,13.9,58.0,7.04,545.0,Loam,137,Wheat
62.277056584686484,47.115519712160335,67.5256358685668,26.03694506149728,64.11936914335664,6.1114626649058215,1079.253529162308,Loam,135,sweet potato
63.0,6.0,81.0,20.1,65.0,7.89,752.0,Clay,227,Wheat
68.4,39.9,91.5,16.1,68.4,6.0,640.0,Sandy Loam,120,ribena
34.0,73.0,15.0,20.97195263,63.83179889,7.630424083,531.0207889,Clay Loam,100,lentil
1.0,48.0,24.0,29.34594634,85.60472562,6.232836962,590.3629954,Silty Loam,69,mungbean
118.0,13.0,54.0,24.41311871,89.81574032,6.039584629,440.7843475,Sandy Loam,88,watermelon
27.0,32.0,28.0,28.9,72.0,8.09,359.0,Silty Loam,209,Sorghum
149.0,68.0,37.0,20.5,47.0,6.77,876.0,Loam,229,Tomato
84.52676234234758,48.151429062881896,62.9514127701611,19.26634728652872,83.25451412804779,5.266404903216455,1744.8635682256588,Loam,1780,macadamia
22.0,78.0,76.0,17.84851658,19.09172907,8.621662982,763.2470713,Loam,98,chickpea
75.0,49.0,15.0,21.53574127,71.50905983,5.918263801,1024.852929,Loam,115,maize
40.0,29.0,42.0,24.63228709,89.01574455,7.104094929,1106.956184,Red Volcanic,216,pomegranate
51.35866353222655,37.79666361001929,80.47413023549731,19.20341730654766,71.35869126045652,5.887168377510111,1651.0783580627067,Loam,1191,macadamia
90.5,48.3,72.6,17.0,66.4,6.4,390.0,Silty Loam,120,onions
23.0,11.0,49.0,27.3,50.0,7.83,196.0,Silty Loam,182,Sorghum
19.0,78.0,16.0,20.65375833,23.10538637,5.967533236,677.1768947,Loam,80,kidneybeans
22.0,138.0,195.0,27.83487131,83.51444973,6.208196881,730.2882766,Sandy Loam,163,grapes
28.0,15.0,104.0,32.1,66.0,5.14,1515.0,Loam,190,Cassava
34.338261051415785,22.258804327844178,49.818933232316624,34.1772868214328,51.06956296029356,5.782118161562723,577.7535201291525,Loam,82,millet
131.0,56.0,20.0,22.00817088,81.83896111,7.762647875,922.3645249,Black Cotton,173,cotton
1.0,66.0,23.0,19.54317155,56.92831399,4.803564468,1731.686574,Sandy Loam,154,pigeonpeas
110.0,60.0,180.0,22.1,65.4,6.8,720.0,Sandy Loam,120,tomato
39.0,78.0,15.0,21.35499456,62.60136323,5.925391795,417.8219834,Clay Loam,100,lentil
54.0,20.0,75.0,9.9,66.0,6.58,668.0,Silty Loam,217,Wheat
90.0,46.0,42.0,23.97898217,81.45061596,7.50283396,2500.832336,Clay,170,rice
68.24931145462372,45.06033947612704,75.366279524721,23.776018332563815,79.15628906011987,5.647295155589711,1531.0421852349994,Sandy Loam,449,avocado
80.0,26.0,55.0,24.53442564,88.989272,6.140099215,491.1618732,Sandy Loam,88,watermelon
30.0,20.0,38.0,22.59890174,93.16343942,7.058222596,1100.932899,Loam,216,pomegranate
78.17051842106103,43.540211395180634,58.11881827683124,23.04067049618898,68.90674794766674,6.023540897247607,1345.8057057442506,Loam,389,avocado
58.0,79.0,17.0,27.24766491,66.10123083,7.04174124,623.1842057,Loam,79,blackgram
43.0,36.0,56.0,24.4,73.0,5.12,540.0,Sandy Loam,150,Cassava
124.0,76.0,70.0,17.9,86.0,5.72,2135.0,Sandy Loam,216,Tea
21.0,32.0,91.0,21.7,85.0,7.58,580.0,Loam,176,Cassava
53.0,74.0,15.0,29.43463808,64.94329356,7.517097,721.7818157,Sandy Loam,79,blackgram
42.472954608585994,38.276190315196956,43.43642336829325,30.539054390490666,43.62691654990446,6.681671677475601,628.4101766540686,Sandy Loam,93,millet
120.0,33.0,48.0,28.5,55.0,5.6,988.0,Silty Clay,198,Tomato
3.0,134.0,199.0,20.28370163,81.32235739,5.81717753,710.6611222,Loam,160,grapes
90.0,44.0,38.0,23.83509503,83.88387074,7.473134377,2412.013513,Clay Loam,168,rice
84.0,46.8,70.2,14.5,62.3,6.3,360.9,Sandy Loam,120,onions
73.97622335282948,67.30635173798629,81.24376942166137,17.025669242077992,89.56609595157701,6.168666748461074,1741.0703233284867,Loam,1344,macadamia
42.15179352736562,50.61236290604185,42.582038103509845,17.441619227318803,65.09425672471036,6.446933557272125,1722.6778607740093,Loam,718,avocado
231.7,60.0,270.3,24.6,66.2,6.0,1068.0,Loam,120,pineapple
24.3,45.0,52.7,19.5,63.1,6.4,430.0,Loam,66,beans
48.0,62.0,15.0,25.36586097,66.6379724,7.538631462,658.1655892,Loam,78,blackgram
65.0,48.0,39.0,20.3,81.0,6.34,745.0,Silty Clay,171,Maize
58.0,26.0,56.0,23.1,60.0,5.25,332.0,Loam,223,Beans
1.0,124.0,199.0,23.71059131,93.27392415,5.658473817,1126.676589,Loam,187,apple
27.0,22.0,29.0,28.83214859,92.17170353,6.000248647,1454.172387,Red Volcanic,365,coconut
49.0,30.0,3.0,27.8,58.0,7.41,190.0,Silty Loam,202,Sorghum
27.0,8.0,32.0,27.00648436,96.46168931,5.627860549,1443.331315,Sandy Loam,365,coconut
133.0,50.0,25.0,25.72180042,81.19666206,7.569454601,999.3100821,Clay Loam,174,cotton
55.0,6.0,9.0,21.4,88.0,5.32,802.0,Sandy Loam,146,Cassava
37.0,18.0,39.0,24.1469628,94.5110662,6.424670614,1102.316633,Red Volcanic,216,pomegranate
99.0,62.0,101.0,15.5,60.5,6.3,395.0,Clay Loam,120,cabbage
168.2,71.7,199.4,24.6,70.3,6.7,860.0,Red Volcanic,120,tomato
120.0,87.0,52.0,28.0764455,76.05522115,5.905494703,1189.923573,Red Volcanic,299,banana
17.0,57.0,20.0,28.50677929,45.20094476,3.793575185,661.761456,Loam,79,mothbeans
40.0,16.0,35.0,34.16438906,54.16482251,4.954739564,983.3351125,Red Volcanic,182,mango
6.0,123.0,203.0,12.7567962,81.62497448,6.130310493,667.7844567,Loam,156,grapes
0.0,55.0,25.0,28.17489437,43.6672299,4.524171562,457.8172762,Loam,79,mothbeans
141.0,37.0,51.0,17.1,70.0,5.18,1960.0,Clay,176,Tea
37.480230642736615,32.1610463029923,63.572127439624325,27.96359520641513,77.28497672160768,5.887326071035969,618.4322476347154,Loam,1079,cashew
47.0,38.0,40.0,23.9,65.0,6.52,380.0,Loam,153,Wheat
8.0,19.0,34.0,17.7,74.0,6.97,690.0,Sandy Loam,122,Beans
78.0,45.0,72.0,21.5,82.0,5.9,1370.0,Silty Loam,120,passionfruit
35.0,145.0,195.0,22.03911546,94.58075845,6.231950009,1109.804014,Loam,186,apple
48.698414882078964,34.702368414009065,58.33979902128065,28.324882586510988,68.0759636973826,6.974079905048462,765.9854117585157,Sand,1009,cashew
27.0,26.0,45.0,28.4,54.0,6.47,535.0,Sandy Loam,218,Sorghum
100.0,56.0,40.0,26.38905406,83.31240346,7.433313409,1761.516409,Alluvial,164,jute
120.0,78.0,102.0,29.0,77.5,6.9,1510.0,Red Volcanic,120,passionfruit
102.0,14.0,52.0,26.79489868,89.64815231,6.51075991,577.4091817,Sandy Loam,88,watermelon
94.50333724511303,48.43866547447621,67.06021912953682,22.111491721738595,66.84064736289537,6.335908430345729,1157.4197992346326,Loam,80,kale
28.289224141335065,44.46204701325173,22.48004919959068,25.101691519307188,65.33894082828317,6.940288198285671,490.8189555319385,Sandy Loam,91,millet
30.37705922784032,27.830095782908863,50.551240625498934,24.437138366217663,72.59789048441215,5.500274218715394,1192.5081780714947,Clay,119,sweet potato
31.0,121.0,201.0,23.15791104,90.34396882,5.731535258,1107.12841,Loam,186,apple
36.0,15.0,93.0,26.5,58.0,6.49,1197.0,Silty Clay,188,Cassava
83.0,12.0,42.0,20.2,53.0,6.35,601.0,Loam,150,Beans
7.0,63.0,24.0,19.55750776,64.45268309,6.818681086,530.4669416,Sandy Loam,99,lentil
42.0,31.0,33.0,17.5,58.0,6.66,655.0,Clay,217,Wheat
95.0,27.0,55.0,28.47212559,91.21322065,6.160414414,208.8620369,Loam,89,muskmelon
34.61791294140653,32.13261851947702,43.961623354019856,30.028936772540504,84.6236206645493,6.034091352899214,610.7172613525905,Sand,963,cashew
68.0,41.0,16.0,21.77689322,57.80840636,6.158830619,1020.861694,Silty Loam,115,maize
110.0,14.0,51.0,27.02415146,91.66737633,6.085444691,212.6034986,Sandy Loam,89,muskmelon
92.0,52.0,78.0,18.5,66.0,6.6,420.0,Loam,120,onions
23.0,59.0,19.0,21.98560799,24.87304788,5.852046999,1295.650601,Loam,80,kidneybeans
81.06941251036194,43.33532625247247,47.4587866795345,23.016014033396793,81.03903557058166,6.9065706475033375,1006.3990633630117,Loam,85,kale
12.0,27.0,26.0,29.09382275,45.5661059,5.32307197,962.3520043,Sandy Loam,182,mango
39.0,64.0,52.0,28.91842453,94.63676767,6.678695788,636.8794608,Sandy Loam,198,papaya
66.70524157248724,53.3948883079394,120.55324047310233,10.423971666717177,74.64368908719881,5.820536678754239,1278.6877729803878,Loam,119,potato
62.0,48.0,20.0,21.70181447,60.47470519,6.708446922,957.1388473,Sandy Loam,113,maize
120.0,8.0,46.0,29.55657523,90.70937262,6.732834334,283.6535596,Loam,89,muskmelon
37.0,126.0,196.0,23.59997268,90.97597665,5.596449493,1071.728191,Silty Loam,185,apple
16.0,55.0,19.0,19.54314136,47.19188279,6.413543781,1924.372194,Sandy Loam,158,pigeonpeas
34.544970336531776,49.854860772705166,51.5723043138084,30.39729401397001,81.14647794423242,6.272533948783701,842.6815712324376,Sandy Loam,845,cashew
112.9,58.4,182.3,21.5,65.7,6.4,720.0,Sandy Loam,120,tomato
87.86418886135348,44.270300570172175,70.75323057223576,24.145250841397313,70.78551221564861,5.238105889947832,1870.6049749586548,Loam,1615,macadamia
99.0,20.0,52.0,29.4,51.0,6.49,776.0,Sandy Loam,198,Maize
27.0,21.0,30.0,35.3915464,52.48823147,5.061081874,912.2881052,Red Volcanic,180,mango
34.404773646342605,37.698213899593355,62.40128617165181,21.88230695197941,67.84692775431216,6.164777270958125,1405.3333737982703,Clay,101,sweet potato
44.0,74.0,85.0,20.18649426,19.63719995,7.150681303,782.6039559,Clay Loam,100,chickpea
25.0,130.0,197.0,39.70772192,82.68593454,5.554831977,749.1506217,Red Volcanic,169,grapes
133.0,38.0,84.0,16.4,88.0,4.51,1420.0,Loam,223,Tea
35.0,30.0,34.0,28.2974764,95.41122824,6.141502001,1824.482352,Coastal Sandy,365,coconut
88.0,43.0,62.0,10.7,50.0,7.09,864.0,Clay,206,Wheat
31.0,36.0,82.0,26.6,95.0,7.34,593.0,Loam,191,Cassava
10.0,59.0,15.0,29.83040388,89.30428305,6.32400451,588.6687093,Sandy Loam,69,mungbean
86.0,95.0,49.0,28.05484146,78.04602887,6.458714879,1083.957179,Loam,297,banana
106.0,37.0,66.0,12.6,50.0,6.11,529.0,Sandy Loam,117,Wheat
53.0,51.0,36.0,20.9,62.0,5.62,493.0,Loam,183,Maize
104.0,47.0,18.0,23.9656349,76.97696717,7.633437412,907.5616738,Loam,172,cotton
15.0,6.0,41.0,19.0087067,88.83768149,6.897368477,1086.793978,Red Volcanic,216,pomegranate
69.0,31.0,68.0,28.7,52.0,5.38,623.0,Silty Clay,230,Maize
136.0,36.0,24.0,22.74446976,80.41198458,7.59781958,900.7326633,Black Cotton,172,cotton
25.0,53.9,50.8,19.7,64.9,6.6,420.0,Sandy Loam,66,beans
31.07065550890158,30.097815300230167,72.7135293487171,26.558219321260164,75.88722054255624,5.97936914046169,1148.7498730585246,Loam,99,sweet potato
113.0,50.0,73.0,13.7,51.0,6.54,455.0,Loam,199,Wheat
24.7,65.8,59.3,20.3,62.7,6.3,445.0,Clay Loam,66,beans
26.0,73.0,21.0,31.33170829,57.97429171,4.946263888,1617.820226,Loam,152,pigeonpeas
48.0,60.0,25.0,17.6,55.0,6.76,389.0,Loam,204,Wheat
98.0,18.0,27.0,27.56088634,68.49299897,6.516312148,1674.358075,Clay Loam,235,coffee
44.440998502611635,34.9229988294242,60.54185672500067,26.267664176671808,63.89368911449772,5.510740499921105,1102.0745419849777,Sandy Loam,120,sweet potato
29.941521714317542,22.626853990663076,28.79454068524585,29.26520004486337,56.191862638802576,6.219821593056883,691.2808646037889,Sandy Loam,105,millet
44.30550917402608,30.37096761016491,48.14329460351039,27.049634184494522,59.683685842184346,5.570158717832488,669.6313570320883,Sandy Loam,118,millet
8.0,120.0,201.0,21.18667419,91.13435689,6.321152192,1222.33323,Sandy Loam,190,apple
29.0,139.0,205.0,23.64142354,93.74461474,6.155939453,1166.912176,Loam,188,apple
26.5,49.8,68.4,20.1,63.8,6.7,435.0,Silty Loam,66,beans
19.0,79.0,19.0,20.06003985,67.76252583,6.677262562,428.9509057,Sandy Loam,100,lentil
134.0,38.0,61.0,22.2,63.0,4.73,1302.0,Sandy Loam,148,Tea
58.5,33.8,85.2,17.5,69.1,5.7,710.0,Loam,120,ribena
48.0,29.0,29.0,20.6,63.0,7.2,588.0,Clay,93,Beans
120.0,80.0,99.0,29.2,77.8,6.9,1730.0,Loam,120,passionfruit
144.3,70.8,150.6,17.9,73.5,6.3,481.0,Loam,120,cabbage
92.0,81.0,52.0,28.0106804,76.52808057,5.891413895,1037.040783,Loam,295,banana
79.42224640795772,44.4550578769913,41.79609416815202,18.316589376521257,80.27935068113499,6.697154183342749,1277.590022940943,Sandy Loam,390,avocado
8.0,15.0,33.0,28.97318719,98.09861043,5.50158009,2139.011021,Sandy Loam,365,coconut
215.8,61.2,260.5,26.1,70.5,5.2,1105.0,Sandy Loam,120,pineapple
76.96584573645798,62.59978839366933,71.71355896519073,19.319108953596842,88.78323315908872,5.334356389158185,1345.9751264587408,Loam,1761,macadamia
40.0,7.0,26.0,25.5,54.0,7.07,290.0,Sandy Loam,202,Sorghum
127.0,31.0,85.0,17.1,83.0,5.15,1986.0,Sandy Loam,192,Tea
180.9,76.4,210.1,25.2,74.9,6.3,940.0,Red Volcanic,120,tomato
67.0346071243338,33.31822109082838,42.34261490015905,18.050591053108786,82.72997331713947,6.22971545836584,1101.4560952333127,Sandy Loam,721,avocado
111.0,87.0,48.0,26.3985515,81.36028902,5.571401169,981.6752001,Red Volcanic,294,banana
28.0,67.0,21.0,21.79792649,63.73086065,6.250994223,466.2370222,Sandy Loam,100,lentil
7.0,60.0,25.0,28.2753171,82.76020821,6.397636709,560.4995423,Loam,69,mungbean
82.0,42.0,65.0,22.0,66.5,5.7,890.0,Sandy Loam,120,passionfruit
84.4177557253839,62.37889615505469,76.22090968261871,13.69356419724566,72.85350580563886,5.63382041758471,1055.6059462941773,Clay,138,potato
110.0,71.0,54.0,28.67208915,82.20793613,5.725418961,943.7987496,Loam,293,banana
47.56553615843741,22.87053434802007,40.18415189671579,29.13674744794625,69.90242126318336,6.903810276022639,1194.8261599845387,Sandy Loam,998,cashew
69.5,33.2,92.4,17.2,63.7,6.0,640.0,Loam,120,ribena
67.05047398758677,41.2134099881698,88.4034000374592,24.90334244922743,76.58576214031163,6.143098323446764,1054.147046044467,Sandy Loam,119,sweet potato
51.211262294131004,26.833145892847718,30.30910600985999,23.53408538045222,56.05912805146066,7.299176469710343,628.8562842948312,Sand,102,millet
45.0,25.0,27.0,25.6,54.0,7.03,285.0,Clay,159,Sorghum
10.0,22.0,34.0,25.1,43.0,6.63,568.0,Silty Loam,110,Sorghum
0.0,36.0,26.0,34.13072188,51.25786185,5.101206389,963.8808001,Red Volcanic,182,mango
105.3,61.4,88.7,16.5,63.2,6.5,510.0,Silty Loam,120,onions
117.0,27.0,48.0,26.53259325,82.39053979,6.835268184,543.0660782,Sandy Loam,88,watermelon
45.684586295938445,36.4823853552236,44.477628836888805,29.290284285108473,79.23357202402588,6.343940855702449,1062.93703518423,Loam,1049,cashew
19.0,51.0,25.0,26.80474415,48.23991436,3.5253661,438.7801983,Sandy Loam,78,mothbeans
68.76821849573575,43.804418753231786,60.93187246909375,15.19704937009041,82.49490537111365,5.297012492952047,1878.6499082919595,Loam,1710,macadamia
100.0,40.0,20.0,22.45145981,76.25674874,7.432043735,868.4998693,Clay Loam,171,cotton
23.0,21.0,26.0,26.45488737,93.45042636,5.901495544,1492.220255,Red Volcanic,365,coconut
61.0,52.0,41.0,24.97669518,83.891805,6.880431223,2048.001847,Clay,160,rice
43.0,61.0,20.0,26.87187036,61.61367264,6.804253866,635.1822045,Sandy Loam,78,blackgram
64.49072448020819,68.1738808190682,113.44065590332795,10.278180203531509,71.72925719846967,5.391062321623282,1401.0732930534055,Loam,94,potato
53.0,73.0,77.0,19.71359733,18.09665739,7.325451279,736.4476535,Loam,99,chickpea
105.0,62.0,88.0,17.3,65.0,6.5,360.0,Silty Loam,120,onions
101.88543002812571,66.2469755180601,80.75630256926443,13.097404082440178,82.7631101170721,5.850870579726595,1168.8382706597167,Clay,96,potato
19.0,72.0,15.0,28.83600962,69.76112921,6.890760124,440.8562546,Clay Loam,104,lentil
90.09636257468995,44.211696808356095,75.84253166330629,19.91732657928591,81.93265606080033,7.113631973036262,919.2685069812169,Clay,87,kale
88.0,35.0,40.0,23.57943626,83.58760316,5.85393208,2912.986618,Silty Clay,178,rice
29.8,49.7,66.2,21.7,69.1,6.4,510.0,Sandy Loam,67,beans
21.0,63.0,17.0,15.77370214,19.2303162,5.979973965,1083.441414,Loam,77,kidneybeans
78.0,27.0,28.0,20.2,66.0,6.01,1151.0,Sandy Loam,219,Tomato
68.12775310244743,44.74165034941917,41.68146388896305,19.670941149165,67.66472883921277,6.256222195051329,1275.6627815914599,Loam,394,avocado
11.0,46.0,24.0,27.65280218,89.80650642,6.459252023,565.2558045,Sandy Loam,69,mungbean
139.6,69.9,185.4,23.7,71.4,6.6,710.0,Loam,120,tomato
51.085699789513974,58.000572543568296,72.41967649541112,28.38837120176502,69.03853595427009,5.980075784692656,1470.6172485926925,Sandy Loam,119,sweet potato
98.0,7.0,45.0,27.79161808,92.51054946,6.157724816,268.5422624,Loam,89,muskmelon
99.0,5.0,47.0,24.13078816,84.84494575,6.649086972,511.9470197,Loam,88,watermelon
99.0,74.1,92.6,18.7,60.7,6.5,440.0,Sandy Loam,120,onions
22.0,80.0,20.0,23.00884744,18.86880997,5.669560726,1001.18612,Sandy Loam,81,kidneybeans
47.0,63.0,41.0,18.3,78.0,6.52,622.0,Loam,160,Maize
92.72801554670978,56.08433931701294,75.3156562356191,13.823717564716349,84.846831802463,5.680249682272745,1216.7728301830302,Sandy Loam,126,potato
37.0,124.0,195.0,18.70679077,83.4795292,6.209928251,665.964488,Red Volcanic,159,grapes
115.0,44.0,30.0,11.4,73.0,6.71,438.0,Silty Loam,162,Wheat
99.0,56.0,17.0,24.10859207,73.13112261,6.234330356,710.7562236,Silty Loam,107,maize
64.0,27.0,38.0,26.6,42.0,6.08,391.0,Clay,225,Sorghum
6.0,62.0,22.0,20.53052663,18.09224048,5.824090984,1204.509288,Sandy Loam,80,kidneybeans
60.0,26.0,13.0,25.1,68.0,5.99,523.0,Loam,207,Maize
65.0,37.0,40.0,23.35905428,83.59512273,5.333322606,1884.13665,Clay Loam,157,rice
84.0,57.0,25.0,22.53510514,67.99257471,6.489040367,644.0866039,Loam,106,maize
35.0,72.3,70.1,22.6,72.4,6.9,520.0,Clay Loam,67,beans
10.0,125.0,196.0,22.31253665,90.03577124,5.730557448,1130.688155,Sandy Loam,187,apple
130.8,72.1,210.0,23.9,71.5,6.6,760.0,Loam,120,tomato
108.0,74.0,97.0,29.0,70.0,5.54,723.0,Silty Loam,121,Tomato
70.0,68.0,45.0,33.83508569,92.85470152,6.991626158,2034.044028,Sandy Loam,238,papaya
5.0,24.0,40.0,24.692258,93.87030088,6.297907579,1046.735454,Loam,214,pomegranate
107.0,12.0,46.0,29.57240298,93.61870344,6.559763394,275.6918621,Sandy Loam,89,muskmelon
45.96322712540193,38.94510040619691,27.760926703244742,30.568847543948454,48.8059838328432,5.555926430454808,655.0574938976765,Sandy Loam,88,millet
77.0,36.0,37.0,26.88444878,81.46033732,6.136131869,1945.766559,Clay,158,rice
60.7,31.4,85.1,15.2,60.8,5.5,600.0,Sandy Loam,120,ribena
125.0,60.0,17.0,24.14386157,84.51591287,6.785723961,803.6146974,Clay Loam,170,cotton
44.0,15.0,34.0,30.9,55.0,7.2,1433.0,Silty Loam,109,Cassava
68.0,57.0,43.0,26.08867875,80.37979919,5.706943251,1829.043504,Clay,156,rice
102.0,52.0,61.0,17.0,63.0,7.75,537.0,Sandy Loam,228,Wheat
94.0,5.0,55.0,28.5854649,91.89216849,6.085682344,268.8372572,Sandy Loam,89,muskmelon
102.0,73.0,52.0,27.9122104,83.36307683,6.356090905,902.4211529,Loam,292,banana
39.0,138.0,203.0,21.19339319,82.33098331,6.399433771,746.2834921,Red Volcanic,160,grapes
38.67395043505037,25.637834165285067,20.239945419333036,22.452210161388518,66.52091661353433,5.809178665106156,337.82145276148196,Sandy Loam,77,millet
80.0,71.0,47.0,27.50527651,80.79783998,6.156373499,1050.776992,Red Volcanic,296,banana
33.0,121.0,203.0,22.45696744,94.76285385,5.605934087,1148.407725,Silty Loam,188,apple
140.4,60.1,185.0,22.8,68.9,6.5,750.0,Clay Loam,120,tomato
78.4,42.1,105.5,18.2,68.4,5.9,750.0,Loam,120,ribena
17.0,13.0,53.0,28.9,61.0,5.34,641.0,Silty Clay,116,Beans
90.0,39.0,43.0,24.44743944,82.286484,6.7693455,1909.684885,Alluvial,167,jute
29.0,16.0,36.0,19.81069447,88.92944254,5.740338002,1028.60084,Sandy Loam,214,pomegranate
135.2,66.4,142.0,18.6,75.9,6.9,438.0,Loam,120,cabbage
69.96852441694543,51.822001597570896,50.35723992612946,22.520145545037117,60.417500669507206,5.79970502304305,1343.6367155072203,Clay,94,sweet potato
10.0,79.0,18.0,21.0643684,55.46985938,5.624731338,1846.226709,Red Volcanic,156,pigeonpeas
0.0,17.0,30.0,35.47478322,47.97230503,6.279133738,977.9072474,Sandy Loam,182,mango
144.0,59.0,73.0,18.3,83.0,5.37,2999.0,Clay,247,Tea
100.0,48.0,16.0,25.71895816,67.22190688,5.54990242,745.1490791,Silty Loam,108,maize
123.0,50.0,16.0,23.04920461,75.53835214,6.498052108,706.5644296,Clay Loam,167,cotton
10.0,24.0,27.0,27.57283516,94.90485697,5.708409601,1459.298935,Sandy Loam,365,coconut
29.0,67.0,21.0,29.79181107,63.38789228,6.621323612,630.2169909,Loam,79,blackgram
118.7,74.6,111.5,15.3,69.8,6.5,396.0,Loam,120,cabbage
95.0,39.0,36.0,23.86330467,83.15250801,5.561398642,2852.493645,Clay,177,rice
44.19143711941929,52.66171881311371,54.59429324509854,25.077671113663627,69.48434834379964,6.35747020708066,1540.3091341609656,Sandy Loam,387,avocado
39.0,127.0,202.0,15.3246651,81.67215994,6.477768039,716.0102999,Sandy Loam,157,grapes
37.0,8.0,77.0,29.8,81.0,7.53,1273.0,Sandy Loam,181,Cassava
18.0,58.0,16.0,21.47607807,38.80023714,4.962661422,1803.82234,Red Volcanic,156,pigeonpeas
99.0,57.0,35.0,26.75754171,81.17734011,5.960370061,2722.999056,Clay,174,rice
29.0,35.0,28.0,28.3471611,53.53903102,6.967417766,904.0260445,Sandy Loam,180,mango
57.16852572503356,35.93800775342786,59.09138208034204,17.21272652733575,77.23291984215996,6.42223260166846,1706.7106353787149,Clay,549,avocado
22.0,55.0,20.0,33.95309131,69.96100028,7.423530351,611.6350463,Loam,81,blackgram
60.0,55.0,36.0,26.12797248,80.49172597,7.132389299,1506.326874,Silty Clay,157,jute
10.0,141.0,201.0,22.12659387,90.97818277,6.386021424,1045.412275,Sandy Loam,184,apple
63.0,37.0,43.0,23.41798979,85.08640476,6.661957897,1857.446728,Silty Clay,166,jute
106.0,40.0,30.0,23.42611644,64.10651528,6.779984384,1226.847408,Loam,220,coffee
85.0,54.0,92.0,25.0,75.0,6.5,920.0,Clay Loam,120,passionfruit
14.0,55.0,15.0,27.33580911,55.27755933,8.050304395,734.4775287,Loam,79,mothbeans
9.0,16.0,39.0,18.41164435,91.11927248,6.101198974,1051.834976,Loam,215,pomegranate
66.0,47.0,50.0,15.3,52.0,7.51,473.0,Sandy Loam,187,Wheat
119.0,19.0,55.0,25.18780042,83.44621709,6.818261383,468.7420883,Sandy Loam,88,watermelon
111.0,5.0,55.0,26.283443,84.42478917,6.520663422,507.8669728,Loam,88,watermelon
36.20739263079059,30.60005925368249,38.827304706332235,33.207340836263114,66.31883914272615,6.493056452165772,387.9399142476466,Sandy Loam,109,millet
96.5,62.3,87.1,18.4,65.2,6.5,420.0,Loam,120,onions
39.0,54.0,5.0,15.3,76.0,7.93,638.0,Loam,206,Wheat
7.0,28.0,35.0,30.02086169,46.78393776,4.66910839,966.3721027,Red Volcanic,182,mango
60.0,46.0,22.0,24.89364635,65.61418761,6.625404348,879.298085,Silty Loam,111,maize
97.6,58.9,83.4,17.3,69.2,6.4,470.0,Silty Loam,120,onions
24.0,33.0,35.0,29.26382931,54.82257868,5.342866119,1007.586226,Loam,183,mango
30.0,79.0,22.0,18.28766124,69.48515056,6.254216611,486.0449438,Sandy Loam,99,lentil
65.0,60.0,43.0,21.97199397,81.89918197,5.658169482,2273.637009,Clay Loam,165,rice
67.0,22.0,56.0,25.8,43.0,7.94,238.0,Loam,201,Sorghum
103.0,72.0,51.0,26.12643374,81.81365007,6.099478745,1044.812858,Loam,296,banana
21.0,44.0,18.0,27.06909959,86.89934108,7.12851089,504.6746116,Loam,69,mungbean
104.0,25.0,51.0,28.96361426,93.88482153,6.469983276,235.6130173,Loam,89,muskmelon
67.0,55.0,44.0,26.284017,75.14640198,7.251847296,1822.685447,Silty Clay,165,jute
11.0,14.0,5.0,11.50322938,94.8933184,6.946354724,1155.683776,Red Volcanic,218,orange
60.35488602910539,41.03412230828843,94.75809834867525,21.116335769413805,60.31491890703484,6.497021427922304,844.3162801332236,Sandy Loam,103,sweet potato
18.0,27.0,10.0,32.8,65.0,7.14,666.0,Sandy Loam,190,Sorghum
86.0,59.0,35.0,25.78720567,82.11124033,6.946636369,2435.120414,Silty Clay,168,rice
47.0,65.0,67.0,14.9,73.0,6.92,628.0,Loam,227,Wheat
27.5,58.0,52.0,20.0,69.2,6.6,490.0,Clay Loam,66,beans
85.0,21.0,47.0,29.87331077,90.60932469,6.186770318,246.9720481,Loam,89,muskmelon
31.0,33.0,48.0,32.8,55.0,5.9,528.0,Loam,148,Sorghum
71.0,32.0,71.0,12.2,73.0,6.37,503.0,Loam,187,Wheat
62.0,26.0,8.0,34.1,47.0,7.87,550.0,Loam,230,Sorghum
99.0,16.0,30.0,23.52652084,65.44340921,6.392791654,1861.728203,Red Volcanic,242,coffee
18.0,74.0,15.0,24.9035819,22.27512704,5.70836603,1464.727237,Sandy Loam,82,kidneybeans
27.0,0.0,21.0,31.6,52.0,5.94,431.0,Loam,216,Sorghum
27.0,13.0,6.0,13.36050601,91.35608208,7.335158382,1112.266885,Loam,217,orange
126.0,23.0,65.0,26.4,59.0,5.45,816.0,Loam,171,Maize
58.562125173053055,54.28153154031675,77.80635888897842,27.687919595491252,67.21498781884331,5.616185256898104,1326.312496110515,Sandy Loam,140,sweet potato
32.0,120.0,204.0,10.38004759,83.44518113,6.138958698,673.917379,Sandy Loam,155,grapes
132.4,68.7,198.2,23.5,72.1,6.5,850.0,Loam,120,tomato
39.0,140.0,203.0,21.11903604,80.63399198,6.349875906,692.7779761,Sandy Loam,160,grapes
63.0,35.0,92.0,20.0,65.0,7.15,943.0,Loam,182,Tomato
53.34144361569604,37.91375736037165,21.425339885983313,26.255340252313946,68.47556579787307,5.723951382360553,669.4648406262677,Sandy Loam,111,millet
6.0,128.0,200.0,25.96308415,82.57813624,5.838748311,703.1782647,Red Volcanic,162,grapes
109.82059119177806,58.22415129364228,116.17507352572663,18.450570066051053,85.04091543877956,6.442008598831026,1242.1230589110571,Loam,109,potato
52.02219479747385,34.67326575660807,79.29516529680208,23.600697952442445,82.09111793843564,6.962003315717769,1565.842521124193,Sandy Loam,528,avocado
120.0,20.0,45.0,25.66576039,88.6984228,6.114128685,542.2722466,Loam,88,watermelon
135.7,77.6,205.9,26.1,71.3,6.7,860.0,Sandy Loam,120,tomato
66.0,18.0,60.0,26.9,79.0,6.79,663.0,Sandy Loam,166,Cassava
92.0,40.0,30.0,23.35723208,55.18792166,6.026287448,1716.976946,Red Volcanic,237,coffee
95.0,55.0,84.0,25.0,69.8,6.3,1310.0,Red Volcanic,120,passionfruit
60.0,58.0,37.0,26.13871511,79.1188943,6.067302109,1714.892533,Alluvial,162,jute
107.0,58.0,15.0,23.73868041,75.77503808,7.55606399,766.3669195,Loam,169,cotton
100.56252618517367,78.08507471594572,118.6711731933228,12.512579992494295,72.77567171580517,5.959313134345855,1286.7662627180412,Clay,124,potato
163.0,26.0,70.0,21.8,55.0,6.52,1052.0,Clay,281,Tomato
73.58998475724972,72.53624307696901,72.30185775125707,18.276843464773187,83.47481103031491,5.8568674674548316,1255.6239755721547,Loam,127,potato
80.46102264640777,45.046693534096505,124.372267019026,12.427709451685303,74.36307185848698,6.478070603216597,1140.6439906202954,Loam,101,potato
9.0,21.0,32.0,32.26935342,53.56092806,5.870116071,959.4035356,Sandy Loam,181,mango
32.0,137.0,204.0,22.86006627,93.12859895,5.824151693,1177.296726,Loam,189,apple
13.0,74.0,25.0,24.12192608,61.09533545,6.461618577,442.3629285,Loam,102,lentil
50.0,34.0,29.0,21.7,78.0,5.22,2271.0,Silty Clay,253,Tea
39.0,37.0,15.0,28.9973145,83.78911515,6.821747052,598.4499208,Silty Loam,69,mungbean
26.0,135.0,203.0,33.78372897,81.16314317,5.685102769,745.3557341,Loam,166,grapes
72.13045863609644,49.315215234834724,49.20765485886671,23.500233956141503,63.78813156659493,7.204301346442983,777.9465377897963,Loam,60,kale
105.0,14.0,50.0,26.2148837,87.6883982,6.419052193,596.5590798,Loam,88,watermelon
68.0,17.0,63.0,18.1,61.0,6.09,402.0,Sandy Loam,198,Beans
49.0,57.0,81.0,22.8,63.0,7.07,606.0,Loam,223,Maize
44.0,20.0,58.0,20.3,49.0,6.28,447.0,Clay,132,Wheat
26.0,11.0,11.0,13.70319166,90.95589386,7.609348255,1062.944879,Red Volcanic,215,orange
27.4,66.0,61.0,20.5,69.8,6.7,448.0,Loam,66,beans
11.0,122.0,195.0,12.14190714,83.56812483,5.647202395,696.3122027,Red Volcanic,156,grapes
105.0,58.9,81.5,26.8,70.3,6.2,1320.0,Silty Loam,120,passionfruit
66.0,39.0,87.0,16.8,66.5,5.9,690.0,Sandy Loam,120,ribena
15.0,9.0,11.0,11.54785707,94.14861001,7.907956251,1088.289171,Sandy Loam,216,orange
38.0,56.0,25.0,25.74095321,45.38497051,7.88118645,674.3488235,Loam,78,mothbeans
14.0,74.0,15.0,27.99990346,65.57653373,6.493036868,499.4043064,Sandy Loam,103,lentil
62.0,18.0,54.0,22.6,57.0,6.85,790.0,Sandy Loam,148,Maize
64.30813655532023,27.754786799689164,96.69450991423456,27.3016026179179,71.4945185507434,5.607525836843654,1295.0469343732666,Sandy Loam,120,sweet potato
45.992280670242074,45.52313212139949,56.61638042829162,20.853117368635765,77.2489462463504,5.99644628361785,1326.9300399990066,Clay,371,avocado
67.0,67.0,49.0,21.2,73.0,6.48,779.0,Loam,193,Tomato
113.0,28.0,48.0,28.87726019,92.48839665,6.170520518,244.4267592,Loam,89,muskmelon
80.0,19.0,79.0,24.2,65.0,7.21,621.0,Clay,119,Tomato
81.0,30.0,31.0,24.65090184,51.93952357,7.027585559,1351.386537,Loam,225,coffee
32.0,20.0,35.0,26.52166434,98.38227669,5.588655387,1446.261698,Red Volcanic,365,coconut
31.0,144.0,202.0,11.02105378,80.55557235,5.870600622,682.3963161,Sandy Loam,155,grapes
66.9,40.7,90.5,17.3,67.5,6.0,650.0,Silty Loam,120,ribena
28.0,46.0,16.0,29.008124,84.96089355,6.664187809,459.1011391,Loam,69,mungbean
77.2406412046422,40.23325182277161,64.57746444708368,20.601622084307866,79.91034057652755,7.3399605652439766,945.5864688422961,Clay,68,kale
130.0,37.0,43.0,27.4,67.0,7.54,767.0,Clay,160,Tomato
29.0,11.0,5.0,23.13338811,91.94670335,7.639788459,1044.224145,Sandy Loam,214,orange
101.5,55.5,93.2,27.2,66.0,6.9,1560.0,Sandy Loam,120,passionfruit
120.5,70.2,130.0,17.4,72.8,6.8,480.0,Loam,120,cabbage
58.02673432140638,36.14654426676016,41.78927849401437,34.41130470704484,57.07944065663761,7.083250819129393,684.4510279910121,Sandy Loam,108,millet
62.00778317703102,47.386497017823224,66.5192989490969,19.999096997782225,87.04412655524213,5.923921165176838,1884.9421807652986,Clay,1361,macadamia
26.0,35.0,31.0,33.44619894,53.05980465,5.339556562,980.5089394,Sandy Loam,182,mango
13.0,16.0,8.0,34.74004942,93.12316972,6.949838549,1001.967854,Loam,213,orange
119.0,72.0,55.0,25.99069521,83.33983116,6.220643671,1120.777152,Clay Loam,298,banana
34.0,14.0,63.0,26.8,60.0,7.33,858.0,Silty Clay,212,Cassava
45.0,61.0,78.0,19.48649305,16.06240074,6.489389282,815.284269,Sandy Loam,99,chickpea
107.70541711019885,73.14246264157352,74.10858369888678,11.565400459589323,70.07860701646688,5.996623255982373,1448.3628415477303,Loam,125,potato
27.0,72.0,17.0,28.98039357,57.23265151,6.347929353,1207.435664,Red Volcanic,144,pigeonpeas
31.0,79.0,75.0,18.8202251,16.1074793,8.204862075,897.3119396,Sandy Loam,99,chickpea
24.0,142.0,202.0,22.53779727,91.48135786,5.710819862,1018.474768,Silty Loam,183,apple
41.0,14.0,3.0,33.5,37.0,7.88,290.0,Loam,169,Sorghum
23.0,39.0,22.0,29.25649321,81.97952224,6.86483915,420.2483277,Silty Loam,69,mungbean
32.0,36.0,39.0,19.7,80.0,6.01,418.0,Loam,203,Beans
99.0,29.0,55.0,29.19378695,91.46241065,6.660954816,264.8240255,Sandy Loam,89,muskmelon
32.0,13.0,36.0,10.1,28.0,6.76,329.0,Loam,209,Wheat
88.15897685346499,37.728391245935875,64.06855856936498,22.419538094113562,79.26594097244117,6.16164656007583,1167.255477185636,Loam,62,kale
145.3,62.7,198.5,23.4,72.1,6.5,820.0,Loam,120,tomato
65.57339340737789,65.56425330883705,46.69183601766165,22.395220208073656,73.51649414090238,5.09902535164785,1799.5298390090736,Loam,1463,macadamia
35.0,41.0,16.0,26.4,57.0,5.9,510.0,Silty Loam,169,Sorghum
117.0,82.0,45.0,25.29391516,79.29122198,5.614471478,1054.220251,Red Volcanic,296,banana
84.0,65.0,28.0,21.8,67.0,6.64,2813.0,Sandy Loam,209,Tea
31.0,13.0,53.0,23.8,60.0,6.2,173.0,Silty Clay,120,Beans
92.0,35.0,40.0,22.17931888,80.33127223,6.357389366,2000.882787,Clay,160,rice
115.0,12.0,52.0,27.51492243,94.96218673,6.685553129,210.1796432,Loam,89,muskmelon
107.69255588300771,50.18996323762673,62.24876033201571,21.635780612475052,79.53090251277412,7.110006501222851,1069.010909038066,Loam,87,kale
76.0,44.0,45.0,25.4879684,84.48235878,6.740947635,1687.848886,Silty Clay,162,jute
40.0,29.0,14.0,33.0,38.0,7.08,419.0,Sandy Loam,193,Sorghum
133.0,22.0,89.0,17.1,91.0,5.1,2309.0,Loam,179,Tea
39.0,139.0,201.0,41.18664903,81.01783402,5.539980812,686.8895899,Red Volcanic,170,grapes
93.3954408684116,40.05766478711763,72.13261737648631,23.340930681150745,73.06561794714689,7.143681550984524,1041.4188954358165,Loam,68,kale
410.0,95.0,410.0,31.5,85.0,4.9,1500.0,Red Volcanic,120,pineapple
50.0,59.0,47.0,40.76998685,92.09278584,6.747975732,2098.678411,Loam,239,papaya
38.80109259012379,18.551240207009048,27.055156128141082,32.5718729449327,40.18937140367698,7.395375386898982,572.1077631155481,Sandy Loam,96,millet
38.0,135.0,203.0,41.36106301,82.79782954,6.444373116,699.2107482,Red Volcanic,170,grapes
120.0,23.0,55.0,27.84492803,91.60666594,6.732049075,264.7844429,Loam,89,muskmelon
54.58928975840127,46.675335051163735,46.67005715569314,24.755823656516576,65.78636502379939,5.961863300397962,1383.1537900128546,Loam,610,avocado
86.2,49.7,74.3,15.4,68.3,6.4,398.0,Silty Loam,120,onions
70.5,41.3,88.9,17.8,65.5,6.0,640.0,Silty Loam,120,ribena
14.0,18.0,35.0,31.09154239,47.02058367,4.791146778,914.6664318,Sandy Loam,180,mango
119.0,65.0,41.0,20.6,70.0,6.97,949.0,Clay,221,Tomato
46.0,14.0,20.0,28.0,54.0,5.81,265.0,Sandy Loam,156,Sorghum
80.82528619880958,52.44646891829069,76.00100980959743,11.239704016057907,70.35490676370573,5.394459662896665,1489.6632386728527,Loam,122,potato
104.0,18.0,30.0,23.60301571,60.39647474,6.779832611,1409.370415,Red Volcanic,226,coffee
78.0,42.0,10.0,23.9,73.0,6.29,560.0,Loam,139,Beans
108.0,46.0,17.0,24.3017998,84.87668973,6.93221485,650.247867,Loam,166,cotton
22.0,26.0,38.0,22.92052307,85.12912161,6.988035315,1102.437841,Red Volcanic,216,pomegranate
25.0,64.0,20.0,33.15122581,32.45974539,4.807776749,1050.380275,Sandy Loam,141,pigeonpeas
82.0,48.0,36.0,25.79351957,81.76904006,6.352076783,1932.418382,Alluvial,168,jute
68.0,70.0,54.0,31.29986342,92.76039164,6.986228647,547.7830202,Sandy Loam,195,papaya
84.0,40.0,43.0,25.01157559,88.3313023,7.228268228,1694.168014,Clay Loam,162,jute
78.3475228413237,55.16305228437748,101.11835806147752,18.811123577473243,82.61488711890023,6.048823327462831,1038.4359968584226,Clay,121,potato
35.0,55.0,22.0,30.88883074,52.62696801,8.634929739,555.1932414,Loam,80,mothbeans
325.9,80.3,340.2,29.4,77.9,5.3,1280.0,Loam,120,pineapple
25.0,65.0,21.0,33.86351172,68.59232289,6.880245789,692.4464096,Sandy Loam,81,blackgram
260.4,60.5,290.8,25.6,66.5,5.4,1050.0,Loam,120,pineapple
87.81425924131966,40.62096427459259,121.66738484375193,13.845832585343691,89.92273200968651,5.56815133859944,929.3991801615567,Loam,107,potato
59.0,58.0,17.0,28.546224,66.31394098,7.368318809,628.3469851,Loam,79,blackgram
110.0,28.0,46.0,24.29105004,88.04541346,6.49889585,512.6046418,Loam,88,watermelon
39.0,30.0,38.0,20.12644921,87.59629625,6.965156738,1080.65579,Red Volcanic,216,pomegranate
36.0,33.0,17.0,22.7,59.0,7.09,210.0,Loam,208,Beans
24.0,27.0,9.0,18.86883219,93.24688124,6.157135092,1193.936976,Red Volcanic,219,orange
51.0,58.0,61.0,22.7,51.0,6.94,403.0,Sandy Loam,147,Wheat
94.0,72.0,63.0,19.3,78.0,5.4,1920.0,Loam,168,Tea
75.01904779324776,42.30281175351491,85.26201829150332,13.564170515958576,74.48450311576619,5.688345593548846,1482.5454008570305,Sandy Loam,98,potato
43.72714460956937,25.495376005233084,64.41053782217762,28.336363803567565,71.01653446840274,6.454798570795058,1043.3390588830134,Sand,1051,cashew
104.0,74.0,49.0,20.0,74.0,6.29,2946.0,Sandy Loam,239,Tea
131.0,49.0,22.0,25.49848236,79.9751579,7.306918817,670.5961949,Black Cotton,166,cotton
76.03926589689578,53.790323055366734,76.7190917918627,17.941545108501025,89.04315279554649,6.329432475754423,935.9032517429605,Loam,129,potato
135.6,68.9,185.2,23.0,67.2,6.45,720.0,Clay Loam,120,tomato
40.0,64.0,47.0,32.50037548,93.47888842,6.893509446,717.3759526,Sandy Loam,200,papaya
33.0,139.0,203.0,33.34214482,82.51034633,5.693287415,706.8098614,Red Volcanic,166,grapes
37.0,30.0,34.0,27.53907547,53.63549533,6.797779227,993.5408185,Sandy Loam,183,mango
98.0,45.0,23.0,28.4,76.0,6.94,821.0,Silty Clay,146,Maize
32.0,70.0,20.0,20.89342749,46.24856523,6.208843215,1955.697875,Red Volcanic,159,pigeonpeas
76.2,42.5,98.1,18.4,66.2,5.9,750.0,Loam,120,ribena
68.0,38.0,33.0,23.1,53.0,5.72,735.0,Loam,142,Maize
32.0,138.0,197.0,9.535585543,80.73112694,5.908724337,694.4115171,Sandy Loam,154,grapes
113.1,72.0,92.8,22.4,71.3,6.9,492.0,Loam,120,onions
28.7,58.9,75.6,23.0,72.0,7.1,560.0,Loam,67,beans
58.0,70.0,84.0,20.6543203,16.60820843,6.231049028,746.631118,Loam,100,chickpea
95.0,59.0,23.0,21.5,67.0,5.92,928.0,Sandy Loam,208,Maize
95.0,16.0,46.0,27.0767265,90.14362622,6.74669542,244.514648,Loam,89,muskmelon
34.732405350674895,25.74531482036364,68.84913581815356,24.766106083178514,67.72004083357194,6.448304299644253,943.9283229143273,Sand,786,cashew
9.0,60.0,23.0,31.96987867,57.17377029,6.276004336,642.5520357,Sandy Loam,80,mothbeans
98.0,43.0,35.0,25.40785911,76.44048625,7.319952206,1886.372826,Silty Clay,167,jute
22.0,123.0,205.0,32.44577836,83.88504863,5.896343436,687.3932528,Loam,166,grapes
109.0,91.0,53.0,29.66727337,83.51014178,6.010095853,1102.511102,Clay Loam,297,banana
75.0,64.0,20.0,15.9,44.0,6.17,399.0,Loam,183,Wheat
33.6125312830536,38.05844452778214,40.72415494764947,24.038870814707526,66.81406416883436,5.936063970757856,541.4254248078404,Sand,100,millet
118.9,60.2,180.5,24.2,69.8,6.5,780.0,Loam,120,tomato
34.0,29.0,62.0,31.7,81.0,5.16,1135.0,Sandy Loam,149,Cassava
53.0,27.0,30.0,30.2,42.0,5.49,315.0,Sandy Loam,117,Sorghum
73.58760000816686,44.78415932258706,61.92099405503178,21.88610402928273,72.00663665264678,6.418706293125528,1181.7742389201348,Loam,593,avocado
63.0,41.0,45.0,25.29781791,86.8870535,7.121933579,1966.249511,Clay Loam,169,jute
105.0,13.0,51.0,21.2,66.0,7.5,709.0,Loam,211,Tomato
27.0,57.0,24.0,27.33534897,43.35795962,6.09186275,1423.303677,Loam,148,pigeonpeas
0.0,55.0,22.0,22.98666928,20.57940608,5.916779289,1438.584938,Loam,81,kidneybeans
38.0,15.0,27.0,33.7462686,48.50387598,6.777788126,922.6439205,Red Volcanic,180,mango
27.0,59.0,20.0,28.00937423,52.60950014,4.397698806,360.1203025,Sandy Loam,79,mothbeans
36.0,43.0,22.0,27.82684262,87.16679147,6.389882166,583.7249772,Silty Loam,69,mungbean
58.0,73.0,16.0,33.36984395,65.67718163,6.874142175,648.9517488,Sandy Loam,81,blackgram
104.23211842164336,60.00020516636459,127.33948410880001,13.608372627597067,86.1268465282506,5.103743884397457,1058.2020539805264,Loam,121,potato
34.0,35.0,27.0,22.1,39.0,6.79,564.0,Silty Loam,158,Sorghum
83.0,25.0,53.0,26.49195283,80.04678201,6.057697106,577.2799157,Loam,88,watermelon
88.0,39.0,73.0,28.8,72.0,5.93,468.0,Silty Loam,194,Maize
24.37800131969592,30.40687049469761,35.043036991483035,22.717785612973476,48.75903414961382,6.196801746709805,559.7253647650624,Sandy Loam,106,millet
54.0,65.0,47.0,27.92765919,91.55594211,6.721835879,1499.107557,Sandy Loam,222,papaya
35.0,69.0,23.0,16.78791503,24.96881755,5.578410206,754.5328039,Silty Loam,78,kidneybeans
29.0,132.0,204.0,23.08950736,90.22507299,6.0967531,1082.166601,Loam,186,apple
32.59294201972728,40.71494051898071,54.108622291532974,22.01178032504259,74.69049756215169,6.110304950414162,1023.1805674285018,Loam,104,sweet potato
11.0,36.0,31.0,27.92063282,51.77965917,6.47544932,1002.585673,Loam,183,mango
61.0,31.0,85.0,21.0,53.0,6.03,505.0,Silty Clay,197,Maize
49.0,22.0,51.0,15.7,58.0,7.03,507.0,Silty Loam,178,Wheat
84.7,46.4,108.2,17.5,65.9,6.1,730.0,Loam,120,ribena
81.0,41.0,38.0,22.67846116,83.72874389,7.524080076,2009.133156,Silty Clay,160,rice
21.0,6.0,41.0,24.88244467,89.39686219,7.086947687,1071.951707,Red Volcanic,215,pomegranate
57.67417462711579,44.1640761842462,59.35792381691883,24.315639300554295,67.94886905294156,5.632595333002637,1142.7186153632408,Loam,738,cashew
79.11292419647435,67.87358444719258,56.84021786183272,17.97524044307325,89.39239877173947,6.494165961082159,1536.4317464594433,Loam,1713,macadamia
116.0,25.0,50.0,29.26092798,92.92367701,6.088885814,287.0627683,Sandy Loam,89,muskmelon
48.0,26.0,44.0,14.7,81.0,6.54,561.0,Silty Loam,135,Wheat
83.0,22.0,54.0,25.89762315,81.96664832,6.277245254,544.9960057,Loam,88,watermelon
13.0,7.0,43.0,18.20230419,91.12282162,7.013481515,1096.623974,Loam,216,pomegranate
38.0,135.0,203.0,23.76121837,93.661643,5.965551311,1008.25956,Loam,183,apple
36.0,144.0,196.0,23.65167552,94.50528753,6.496934492,1153.611268,Silty Loam,188,apple
84.0,39.0,35.0,23.17714381,52.13864034,6.959404135,1173.113562,Loam,219,coffee
43.0280404209404,34.4039257300642,28.34771090330637,24.612006938421615,57.1438601350945,7.077009679769187,393.32444399459393,Sand,84,millet
37.0,52.0,47.0,43.08022702,93.90305729,6.54277684,2118.529059,Sandy Loam,240,papaya
36.0,65.0,16.0,25.71269843,64.1123333,7.692013657,501.7067771,Loam,102,lentil
97.0,46.0,15.0,15.9,91.0,7.27,771.0,Loam,174,Wheat
89.0,25.0,50.0,27.04863538,91.34685096,6.375923383,250.8146686,Sandy Loam,89,muskmelon
44.579585059031004,35.98102067504719,65.16633031262096,29.13936230599893,68.51910045054048,6.4849090085646,1440.7929993093971,Sandy Loam,125,sweet potato
78.9,41.5,69.8,13.9,72.1,6.2,360.0,Sandy Loam,120,onions
44.0,43.0,70.0,24.2,63.0,6.73,282.0,Sandy Loam,277,Wheat
78.0,31.0,29.0,27.9,59.0,7.24,357.0,Loam,198,Maize
37.0,56.0,44.0,19.1,77.0,7.42,398.0,Clay,169,Maize
92.4,44.7,66.2,15.9,66.3,6.3,410.0,Sandy Loam,120,onions
39.0,17.0,45.0,18.09691127,90.42177379,6.924490731,1048.8189,Loam,214,pomegranate
1.0,30.0,10.0,11.89925671,91.34663797,7.291405641,1035.771468,Red Volcanic,214,orange
34.58956940966871,32.01083895494247,56.04853646187533,27.276828302551372,60.846638020874835,6.079278583071635,1083.1273138363426,Loam,801,cashew
61.0,64.0,52.0,43.30204933,92.83405443,6.641098708,1105.62229,Red Volcanic,211,papaya
22.0,37.0,20.0,27.62749466,86.49366929,6.605733068,392.6137642,Loam,69,mungbean
79.0,43.0,39.0,21.66628296,80.70960551,7.062779015,2108.142087,Silty Clay,162,rice
1.0,27.0,36.0,23.98598756,93.34236582,5.684995235,1049.91282,Red Volcanic,214,pomegranate
40.13543540537029,38.253760411988,40.24796566527803,22.60213913660817,60.09635710123572,6.5074504234097335,336.62731948388165,Sand,84,millet
124.0,60.0,30.0,25.3,89.0,4.82,2202.0,Sandy Loam,207,Tea
32.0,55.0,52.0,37.58899717,91.99740365,6.9677596,1596.577388,Red Volcanic,225,papaya
85.5,60.0,74.0,20.9,63.4,5.7,910.0,Sandy Loam,120,passionfruit
64.0,35.0,23.0,23.02038334,61.89472002,5.680361038,630.3843397,Sandy Loam,105,maize
29.0,71.0,18.0,22.17499963,62.13873825,6.410441476,534.6622584,Sandy Loam,101,lentil
61.40911679963103,55.60416937018747,59.42833927579517,24.905954207343363,76.62177326647415,5.913784328852253,1647.4995675008192,Loam,703,avocado
55.0,63.0,30.0,10.6,69.0,7.13,398.0,Sandy Loam,189,Wheat
110.2,72.4,98.0,20.5,61.7,6.5,410.0,Loam,120,onions
87.54835151250433,56.95602419789442,57.84390601260537,21.02492918009588,68.49003610472117,7.11705033752745,983.841286151256,Loam,64,kale
42.84099245637111,29.485239877345467,57.375547055937204,27.522409444678413,73.29660590440247,6.550959238926047,874.7991390153724,Sandy Loam,842,cashew
102.0,66.5,82.0,24.5,74.2,6.3,1205.0,Clay Loam,120,passionfruit
60.0,37.0,39.0,26.59104992,82.94164078,6.033485257,1612.469997,Clay Loam,160,jute
385.0,98.7,410.6,30.5,81.1,5.9,980.0,Red Volcanic,120,pineapple
110.5,70.1,95.3,17.8,63.7,6.9,460.0,Loam,120,onions
2.0,75.0,22.0,23.89271875,61.78779413,6.658605362,525.5730112,Loam,101,lentil
135.0,43.0,16.0,23.47986888,81.73049149,6.720449769,867.6287924,Loam,171,cotton
34.0,56.0,17.0,33.4126864,35.42910045,4.548202098,1396.702541,Red Volcanic,147,pigeonpeas
72.8,44.8,118.6,21.0,69.9,5.6,590.0,Sandy Loam,120,ribena
9.0,8.0,15.0,14.34320488,94.35734702,7.994465371,1102.223123,Loam,216,orange
103.0,33.0,33.0,26.71717393,50.50148528,7.131435858,1268.073984,Red Volcanic,222,coffee
60.838995175010446,31.178193027057716,85.05118754388113,24.595087915202676,77.39418608787747,5.974477508315171,1286.9921756822569,Sandy Loam,123,sweet potato
115.09151183031409,34.404434544498784,73.61037856506432,17.547854699983667,61.55943857498365,7.1637011329929035,626.8536518415771,Clay,72,kale
9.0,10.0,10.0,22.3551049,93.52211892,6.010391864,1015.164589,Sandy Loam,213,orange
17.0,67.0,18.0,31.2192752,56.46868874,5.611510977,1292.028653,Red Volcanic,145,pigeonpeas
118.0,62.0,42.0,25.1,40.0,7.05,540.0,Silty Loam,198,Wheat
84.0,25.0,79.0,22.9,56.0,7.44,1083.0,Clay,188,Tomato
65.0,45.0,38.0,24.0,58.0,7.39,790.0,Clay,171,Beans
40.0,65.0,49.0,35.32876402,91.06138506,6.678449318,1639.069365,Loam,226,papaya
55.28920135308233,55.09023413341504,72.92006400598564,19.64880676940713,73.2781298909177,6.423110060830715,1106.3553977971133,Clay,650,avocado
32.0,28.0,54.0,23.4,79.0,4.81,945.0,Clay,87,Cassava
7.0,79.0,23.0,19.6365349,19.68751084,5.821649914,966.5888933,Sandy Loam,79,kidneybeans
21.0,17.0,15.0,23.98289638,91.5473145,7.455991072,1184.901697,Loam,219,orange
44.0,47.0,45.0,38.73218907,94.73613484,6.579441304,2181.42147,Red Volcanic,242,papaya
112.0,66.5,110.2,16.1,65.0,6.5,420.0,Silty Loam,120,cabbage
2.0,67.0,18.0,34.51934775,47.52980027,5.921666758,1290.064612,Red Volcanic,145,pigeonpeas
94.0,50.0,43.0,22.0,69.0,6.74,343.0,Clay,245,Beans
25.0,132.0,198.0,22.31944084,90.85174383,5.732757516,1001.173443,Loam,183,apple
33.0,37.0,19.0,27.92678579,86.5543196,7.183189922,434.826194,Sandy Loam,69,mungbean
48.0,61.0,21.0,30.28496619,61.69295127,6.628264883,656.2859526,Clay Loam,80,blackgram
129.7,60.5,170.6,22.1,61.9,6.3,870.0,Sandy Loam,120,tomato
79.0,82.0,60.0,15.8,83.0,4.57,2768.0,Silty Clay,186,Tea
36.0,67.0,20.0,20.39078312,60.47528931,6.924042372,533.1508572,Clay Loam,100,lentil
82.0,26.0,47.0,28.50416396,93.46806467,6.565312653,242.0007242,Loam,89,muskmelon
118.0,88.0,52.0,28.65003945,82.68752542,5.843163161,987.5084366,Red Volcanic,294,banana
22.0,38.0,82.0,31.3,68.0,7.29,1479.0,Silty Clay,143,Cassava
37.0,23.0,28.0,25.61294367,94.3138837,5.740054567,2243.206759,Sandy Loam,365,coconut
8.0,54.0,20.0,28.3340432,80.77275974,7.034214276,387.976407,Loam,69,mungbean
0.0,19.0,33.0,27.1326009,95.23797989,6.234458417,2047.206567,Sandy Loam,365,coconut
113.38479426126901,34.95928576883075,67.16724587515334,18.443878724685696,63.19265410208616,6.349113202203043,1058.3454733262975,Loam,83,kale
77.0,23.0,67.0,12.0,75.0,8.22,440.0,Loam,212,Wheat
43.302667284790985,27.557111258882397,34.41521813625329,23.79154166336878,61.00691178898526,5.518259656063767,577.9458141861392,Loam,92,millet
41.625289816697034,34.139309244960806,63.667798980359336,28.15014583320059,67.32747471985748,6.3710807735591155,616.3574188089179,Sand,750,cashew
110.4,70.9,101.2,17.6,60.9,6.9,365.0,Loam,120,onions
80.19261499184216,50.19912971625717,62.356800285911234,20.968778394195752,70.93204621721814,6.916242445744459,784.7536919142628,Clay,73,kale
32.0,11.0,31.0,29.51611558,92.56492864,6.461225827,1312.116167,Coastal Sandy,365,coconut
112.4,56.9,171.8,22.1,65.4,6.9,630.0,Sandy Loam,120,tomato
34.0,66.0,19.0,32.97030511,60.18122078,7.586642101,734.4678678,Sandy Loam,80,blackgram
41.048448487284176,57.430565943700884,73.30056629658807,29.837412015660483,69.50530134646408,5.620282277261711,777.1513485642118,Clay,98,sweet potato
93.0,22.0,48.0,29.12533739,91.52291141,6.776987974,219.0440445,Sandy Loam,89,muskmelon
31.0,26.0,9.0,11.69894639,93.25638873,7.566165721,1032.005992,Sandy Loam,214,orange
129.8,71.2,121.5,16.3,67.4,6.4,460.0,Clay Loam,120,cabbage
63.12617604118239,30.93581558780983,67.03183201286396,18.60400183042134,81.69344411418841,5.815253097798601,1784.749261553377,Clay,596,avocado
77.91785175711053,61.54005067160635,48.49764997624597,17.864145880313874,62.62786167226491,7.290919153877068,1190.2369394663278,Loam,80,kale
320.1,72.4,290.3,27.9,72.1,5.4,1250.0,Red Volcanic,120,pineapple
34.0,71.0,79.0,17.927806,15.85622899,7.728998197,746.3872762,Loam,98,chickpea
26.84534242178906,17.978697487831464,44.27613641643404,32.62380965249195,47.322304014305395,5.682662504209379,579.2422336512282,Sandy Loam,118,millet
60.145790615617805,34.690278689701735,75.18806273801127,20.448606075747584,63.263403072359864,7.109641857393031,643.5683024699618,Clay,88,kale
215.7,60.5,250.3,23.0,66.7,6.0,1050.0,Red Volcanic,120,pineapple
103.0,27.0,90.0,25.7,65.0,7.14,1021.0,Loam,176,Tomato
82.1,52.6,70.8,13.9,62.5,6.2,355.0,Sandy Loam,120,onions
61.267576198539096,43.44720332479779,61.68882303819962,16.737027348982778,79.11993931220249,7.4177671585800375,853.2129973895691,Loam,67,kale
6.0,124.0,200.0,22.98208095,93.84505029,5.971332179,1095.852253,Sandy Loam,186,apple
80.0109214933056,33.80351170756045,72.52070833417483,22.014499449808778,83.81129513980775,6.428859201708544,925.934702061962,Clay,71,kale
28.0,75.0,21.0,24.7741949,50.54621094,6.007508163,1142.821387,Sandy Loam,142,pigeonpeas
55.0,47.0,66.0,18.5,75.0,6.8,668.0,Sandy Loam,184,Wheat
21.0,26.0,27.0,27.00315545,47.67525434,5.699586972,958.5118326,Red Volcanic,181,mango
128.0,73.0,80.0,22.6,55.0,6.95,1170.0,Sandy Loam,128,Tomato
99.0,6.0,46.0,28.61475136,94.22253035,6.39637861,289.8574189,Sandy Loam,89,muskmelon
60.0,55.0,40.0,24.9949957,88.95692783,7.02777956,1514.935635,Clay Loam,157,jute
210.5,63.9,289.4,26.1,70.5,5.8,1104.0,Sandy Loam,120,pineapple
107.0,21.0,26.0,26.45288458,55.32222678,7.235070264,1446.861336,Red Volcanic,228,coffee
36.48065217464226,22.331805532857274,31.81746626317844,31.909990484587006,48.59006182549652,6.416813390593955,426.47644232767107,Sandy Loam,78,millet
103.63426092634478,45.67115482535663,76.8248265428298,18.461729784000337,78.95115077211504,5.19735848630372,1462.0117972949388,Loam,135,potato
24.0,128.0,196.0,22.75088787,90.69489172,5.521466996,1104.317855,Silty Loam,186,apple
7.0,77.0,18.0,20.5591255,60.54880693,6.655918078,1910.895109,Loam,158,pigeonpeas
55.89473842212565,54.90141248762711,50.55072734438341,20.828417978656745,82.42675118034441,5.793954306997477,1633.2032563766,Loam,1619,macadamia
103.0,71.0,24.0,18.5,58.0,6.13,343.0,Silty Clay,107,Tomato
13.0,61.0,24.0,18.29783597,69.6897615,7.629910253,493.9111479,Clay Loam,99,lentil
17.0,64.0,18.0,36.75087487,58.25799145,6.07938452,1246.028153,Red Volcanic,144,pigeonpeas
114.0,27.0,48.0,27.82054812,93.03555162,6.528404378,263.2405487,Sandy Loam,89,muskmelon
32.0,60.0,83.0,19.69141713,19.44225438,8.829273328,917.6071648,Clay Loam,99,chickpea
6.0,13.0,9.0,34.51423957,90.56151463,7.786725333,1183.271968,Loam,219,orange
60.0,38.0,17.0,18.41932981,64.23580251,6.474476516,764.1312437,Silty Loam,109,maize
103.2,66.0,105.6,16.5,64.1,6.5,420.7,Loam,120,cabbage
106.0,22.0,29.0,10.6,50.0,7.48,397.0,Loam,118,Wheat
101.0,31.0,26.0,26.70897548,69.71184111,6.861235184,1588.608887,Red Volcanic,232,coffee
64.29626879522542,35.45091762071354,56.22691260807563,16.102931001116502,84.45986326789341,6.203968451926203,1557.3875827365664,Clay,1759,macadamia
37.67793091522701,37.18217103507243,45.46453389067837,34.3860382066684,40.71797637757678,5.888860607460949,341.7688829662129,Sandy Loam,97,millet
25.0,76.0,17.0,31.74105409,68.63525428,7.241148507,623.061735,Clay Loam,80,blackgram
21.0,21.0,30.0,27.69819273,51.41593238,5.403908328,1007.720705,Red Volcanic,183,mango
38.23507561759121,54.760936663403285,68.97382420056712,28.515793585660248,65.95282323860337,6.208150645008523,970.8934393575287,Clay,140,sweet potato
107.0,22.0,54.0,27.99611732,90.84660317,6.630301421,216.1893763,Sandy Loam,89,muskmelon
17.0,136.0,196.0,23.87192332,90.49939035,5.882155988,1030.548094,Silty Loam,184,apple
131.0,60.0,17.0,25.32023717,81.79475917,7.425041316,834.6532547,Clay Loam,170,cotton
102.3,58.9,186.7,22.7,63.9,6.2,610.0,Clay Loam,120,tomato
215.7,52.1,210.4,24.3,66.8,6.0,980.0,Sandy Loam,120,pineapple
12.0,23.0,49.0,28.3,69.0,7.13,323.0,Loam,207,Sorghum
87.00816442331822,64.08549308318385,73.58097625342542,22.17508502065335,87.19666650340798,6.357250409448134,1866.9991282686876,Loam,1207,macadamia
78.0,40.0,38.0,26.46428311,83.85642678,7.549873681,2482.256491,Clay,169,rice
74.3,37.9,90.6,18.7,65.5,5.7,720.0,Silty Loam,120,ribena
27.0,69.0,22.0,17.91652287,24.90814655,5.932323085,691.4681022,Loam,78,kidneybeans
52.0,24.0,8.0,35.9,69.0,7.36,416.0,Sandy Loam,190,Sorghum
22.0,23.0,44.0,20.13037175,89.31505137,6.143874691,1073.416913,Sandy Loam,215,pomegranate
78.60607003364679,48.368916285031425,69.82050349301392,17.455351867434597,81.1343556898806,6.683655665308244,624.0770533813,Loam,76,kale
52.0,58.0,16.0,30.64095781,61.14508627,7.167435834,713.6947525,Sandy Loam,80,blackgram
113.0,13.0,69.0,19.6,69.0,7.07,540.0,Silty Loam,215,Wheat
61.0,68.0,50.0,35.21462816,91.49725058,6.793245417,2430.745066,Loam,249,papaya
69.0,37.0,42.0,23.05804872,83.37011772,7.073453503,2510.549998,Clay Loam,170,rice
79.0,59.0,17.0,20.37999665,63.73849998,6.644205485,1085.054416,Loam,117,maize
114.0,40.0,17.0,24.32630461,80.13456404,6.363406102,694.5072055,Clay Loam,167,cotton
75.82833022477777,33.05886789472418,45.47993173398475,23.36774408308166,77.75308773627344,6.791467496877395,1077.6186840475623,Clay,640,avocado
79.0,51.0,16.0,25.33797709,68.49835977,6.586244581,964.6380213,Loam,114,maize
59.0,55.0,79.0,20.36720401,16.89574311,8.766128654,822.545577,Sandy Loam,100,chickpea
5.0,8.0,5.0,11.03367937,92.22706805,6.562594972,1127.715925,Sandy Loam,217,orange
51.05991830335236,34.664979017689106,42.61177903282483,30.136322741454233,50.118419463469294,6.982143478723952,361.3087799007958,Loam,104,millet
95.3,49.8,76.4,21.8,65.9,5.9,1040.0,Silty Loam,120,passionfruit
131.0,32.0,71.0,21.3,44.0,6.52,401.0,Sandy Loam,221,Wheat
111.0,29.0,31.0,26.05968403,52.31098539,6.136286518,1613.432535,Loam,233,coffee
7.0,40.0,17.0,31.2123945,40.92604945,8.532078733,537.8769958,Loam,80,mothbeans
71.94181781358478,46.44189932899343,83.18119692714978,14.344349079972712,76.19513341918051,5.783725229607126,1075.098362462762,Loam,119,potato
32.0,56.0,18.0,20.0467711,65.84395319,7.135251532,460.5333124,Loam,100,lentil
40.96890250620715,35.20430816946492,96.00649716741907,25.744385859239273,77.59100283430685,6.475719636510403,1038.1918149049136,Clay,116,sweet potato
42.066881753214254,39.51448294168475,48.19656035117176,25.077367135313057,63.38862610681916,6.169986234825679,577.5276336418608,Sandy Loam,103,millet
68.4,34.5,92.1,17.3,66.8,5.9,750.0,Loam,120,ribena
45.0,48.0,46.0,23.9,43.0,5.34,323.0,Sandy Loam,270,Beans
20.076990666638935,18.51810415230797,33.940191805277045,29.300220718495183,62.45832611457162,7.111608653949107,617.8990247419263,Sandy Loam,107,millet
71.0,54.0,16.0,22.61359953,63.69070564,5.749914421,877.5953857,Silty Loam,111,maize
132.5,66.8,198.2,23.1,72.0,6.6,820.0,Loam,120,tomato
71.61190038806755,66.88805925413385,78.56009298456325,14.984988323319302,76.0913366579816,6.276448020084455,1393.57438349666,Sandy Loam,117,potato
54.0,17.0,36.0,23.4,61.0,6.36,619.0,Silty Loam,226,Wheat
25.0,51.0,18.0,27.77799528,54.82130787,9.45949344,502.8438729,Sandy Loam,79,mothbeans
60.5,33.2,85.9,15.9,66.4,5.6,640.0,Sandy Loam,120,ribena
88.6,52.7,98.9,19.0,69.3,6.1,965.0,Loam,120,ribena
126.0,37.0,21.0,25.84997269,84.16855231,6.61448588,770.3421249,Black Cotton,169,cotton
56.0,1.0,39.0,30.4,36.0,6.45,400.0,Loam,202,Sorghum
49.0,7.0,75.0,18.4,66.0,7.01,590.0,Clay,207,Wheat
52.0,68.0,78.0,17.48504075,16.96070581,6.89655198,860.5078037,Clay Loam,98,chickpea
22.0,9.0,48.0,20.3,81.0,7.14,636.0,Loam,204,Cassava
20.0,50.0,22.0,30.99694676,46.42693735,9.406887533,383.1597852,Sandy Loam,80,mothbeans
114.70911771582792,50.659584929303236,56.24363243190305,23.043646471849854,61.30889358968266,6.201035146099471,1066.2871258199402,Sandy Loam,88,kale
14.0,23.0,25.0,26.18552389,96.96637916,5.612122797,1354.186222,Red Volcanic,365,coconut
35.0,80.0,25.0,28.09269012,44.93322042,4.895927306,1971.144011,Sandy Loam,159,pigeonpeas
78.4,60.0,70.6,16.5,63.7,6.5,375.0,Sandy Loam,120,onions
90.7,47.1,85.6,20.2,71.1,6.0,940.0,Loam,120,ribena
14.0,139.0,197.0,21.72484506,92.83975602,6.056529526,1216.961761,Loam,190,apple
84.0,45.0,55.0,22.7,62.0,5.25,439.0,Sandy Loam,200,Beans
46.66299818042873,39.688698523791096,59.97387848205366,25.63875536688065,72.6834306479431,6.002503299998595,1413.8680946973193,Sandy Loam,128,sweet potato
3.0,23.0,30.0,29.70143197,95.65754365,6.078807239,2151.968037,Coastal Sandy,365,coconut
53.0,27.0,47.0,25.8,75.0,5.67,794.0,Loam,211,Beans
79.0,42.0,37.0,24.87300744,82.84022551,6.587918708,2956.094492,Silty Clay,179,rice
37.0,27.0,49.0,26.7,54.0,6.97,264.0,Loam,141,Sorghum
108.97033785538041,55.373327613460575,43.81071637007299,21.218666839872924,63.56569716807537,6.724696090232438,1088.7324173405384,Loam,65,kale
33.0,12.0,15.0,30.25578031,92.03272799,6.052318465,1167.173125,Red Volcanic,218,orange
40.0,58.0,15.0,29.46416042,87.60890009,6.978400282,431.5411472,Loam,69,mungbean
2.0,38.0,18.0,27.53632932,89.92908171,6.619891498,454.8591922,Silty Loam,69,mungbean
117.0,25.0,53.0,29.11858526,92.12543021,6.413927319,245.2020164,Sandy Loam,89,muskmelon
79.6,45.5,105.0,19.3,62.8,6.0,820.0,Loam,120,ribena
62.96165825619423,66.1330822618346,76.0762005959464,23.881825223289837,75.79544834151889,5.145148119363447,1849.2969829035242,Clay,1191,macadamia
50.717807045412655,37.71058527934227,38.09122405800545,27.4555435371528,41.06709161730087,6.252936325707011,597.3868711372892,Sandy Loam,105,millet
108.0,24.0,31.0,24.12832546,56.18107663,6.431899748,1472.757818,Red Volcanic,229,coffee
68.61190135198073,49.25105846873407,67.70305951292886,24.011246933091357,79.95870531820853,6.069838128882658,1284.2034325408908,Loam,147,sweet potato
75.76029681963183,71.27823205583483,125.83315310553937,11.768654211999664,80.70928488403408,5.034411064695023,1180.5934332141092,Clay,139,potato
32.5,68.0,58.0,21.3,68.7,6.8,482.0,Loam,67,beans
5.0,23.0,15.0,25.66901098,92.04670813,7.408939392,1125.424199,Sandy Loam,217,orange
32.0,68.0,19.0,24.62835037,18.18325169,5.514234138,1497.441028,Sandy Loam,82,kidneybeans
72.5878349406834,68.75085984774867,78.22506215177404,22.225415347620633,88.0748591341178,6.112288085666746,1653.403689455166,Loam,1306,macadamia
22.0,60.0,24.0,18.78226261,20.24768314,5.630664753,1042.570723,Silty Loam,79,kidneybeans
90.0,57.0,24.0,18.92851916,72.80086137,6.158860284,823.4162918,Sandy Loam,110,maize
35.0,58.0,20.0,29.38538562,63.47742011,5.761702519,900.5422663,Loam,138,pigeonpeas
41.590487679644326,38.31818704099612,56.60841714254351,22.73821128137022,81.69459743217844,6.623150541190493,1195.7774026406837,Loam,587,avocado
44.0,77.0,21.0,32.63918668,61.3009051,7.326980454,618.3876146,Loam,80,blackgram
20.0,72.0,15.0,36.00415838,56.01334416,7.313517308,1348.596466,Sandy Loam,146,pigeonpeas
67.0,43.0,38.0,25.21622704,70.88259632,7.299304715,1958.645552,Clay Loam,168,jute
107.0,26.0,55.0,19.8,56.0,5.68,725.0,Loam,200,Maize
93.3,52.0,115.7,19.8,70.1,5.9,770.0,Loam,120,ribena
101.0,20.0,48.0,24.6774157,82.75411437,6.206247494,570.5709413,Loam,88,watermelon
126.0,46.0,25.0,24.43847399,81.69801729,6.757457943,607.9645852,Loam,165,cotton
81.0,6.0,55.0,24.88910524,85.87059083,6.110142735,517.0699144,Sandy Loam,88,watermelon
35.0,140.0,197.0,16.77557314,82.75241875,6.106190557,667.6285469,Red Volcanic,158,grapes
145.3,85.2,140.5,18.6,65.8,6.9,580.0,Clay Loam,120,cabbage
30.0,75.0,81.0,19.41789736,16.80472243,6.408437886,684.951189,Sandy Loam,99,chickpea
67.0,34.0,46.0,14.1,42.0,6.89,630.0,Loam,213,Wheat
89.95538447657825,46.60387107533778,110.18085293248984,10.078146621432401,72.38422592852733,5.5885714912055535,1124.6593285378417,Clay,136,potato
37.0,24.0,13.0,19.14381903,90.71037456,7.8546243,1080.230792,Loam,216,orange
8.0,6.0,33.0,28.27804288,93.64761266,6.095261013,1719.457959,Red Volcanic,365,coconut
210.5,58.3,260.7,23.8,68.9,5.2,1010.0,Sandy Loam,120,pineapple
6.0,37.0,17.0,28.08657178,80.35005927,6.760694228,381.4476781,Loam,69,mungbean
1.0,76.0,17.0,28.43430726,52.10010827,6.012719118,1470.414824,Sandy Loam,149,pigeonpeas
33.6,80.0,77.0,23.0,74.2,6.9,589.0,Silty Loam,67,beans
37.0,50.0,23.0,29.65296893,88.48587386,6.5304707,560.1913159,Loam,69,mungbean
105.0,53.4,161.3,22.0,62.4,6.2,650.0,Clay Loam,120,tomato
99.0,38.0,21.0,22.88330922,71.59722446,6.352471866,677.2777298,Loam,106,maize
42.15899487024564,56.95771062828403,59.4720695830403,20.278750269327237,66.33335350133774,5.846284570877057,1188.8354379329292,Sandy Loam,446,avocado
89.7,55.3,75.6,18.7,61.8,6.6,395.0,Silty Loam,120,onions
61.0,51.0,26.0,15.7,63.0,6.92,331.0,Clay,178,Wheat
85.9,49.2,96.7,19.4,71.2,6.3,710.0,Loam,120,ribena
18.0,27.0,41.0,22.36509395,92.30882391,7.175344328,1048.216333,Sandy Loam,214,pomegranate
34.0,59.0,18.0,23.38002569,21.98879437,5.744117663,876.6898664,Silty Loam,81,kidneybeans
18.0,66.0,22.0,25.87990287,67.55109024,6.347379185,478.9645224,Loam,102,lentil
56.0,42.0,23.0,28.3,75.0,5.75,362.0,Clay,238,Maize
69.0,32.0,37.0,16.4,70.0,5.01,2860.0,Sandy Loam,142,Tea
78.0,14.0,114.0,18.5,75.0,6.94,645.0,Silty Clay,201,Tomato
127.0,37.0,30.0,25.8,58.0,6.1,547.0,Sandy Loam,174,Tomato
68.0,8.0,57.0,18.4,45.0,6.36,548.0,Silty Loam,164,Wheat
29.5,65.0,60.4,20.7,70.1,6.4,455.0,Sandy Loam,66,beans
89.0,28.0,65.0,24.1,66.0,6.28,2055.0,Loam,177,Tea
41.31085669650716,48.14702157321594,57.26243864306957,26.74872256511815,64.87865748826626,6.363647069699569,1138.697491771505,Loam,107,sweet potato
106.0,20.0,51.0,29.73019662,90.97015715,6.342573112,204.9035619,Loam,89,muskmelon
102.37121585756614,70.31463157197732,70.29278864991471,15.190778988590043,83.01602599010081,5.732635342518755,1162.9517986416304,Loam,105,potato
38.974617539651035,54.27568710416373,76.77661658686888,29.15536513746009,60.312955258296974,6.028109521171695,1173.0460323962625,Sandy Loam,132,sweet potato
75.30113202263247,70.47522895685061,111.77290439056532,12.157135136322612,81.82156001574873,5.236485091974316,1489.260757200931,Loam,106,potato
11.0,6.0,25.0,28.69164799,96.65248672,6.081568052,1789.635457,Red Volcanic,365,coconut
16.0,29.0,13.0,32.31944397,93.67804556,6.196907944,1176.236473,Loam,219,orange
109.0,33.0,59.0,24.8,70.0,6.25,811.0,Sandy Loam,124,Maize
97.0,60.0,79.0,21.0,63.0,6.3,520.0,Loam,120,onions
78.0,42.0,42.0,20.13017482,81.60487287,7.628472891,2627.173405,Clay Loam,172,rice
9.0,17.0,32.0,25.94951662,93.40548703,5.842317989,1720.540491,Red Volcanic,365,coconut
31.0,27.0,47.0,35.5,44.0,6.74,369.0,Clay,155,Sorghum
115.0,9.0,52.0,29.06785065,90.97685539,6.019372459,291.194739,Loam,89,muskmelon
15.0,133.0,199.0,23.99686172,91.61001707,5.824778636,1176.102915,Loam,189,apple
130.6,88.4,125.1,19.1,75.2,7.0,540.0,Loam,120,cabbage
89.0,25.0,54.0,24.69368934,85.56967628,6.353107393,489.9390828,Loam,88,watermelon
82.4,59.6,83.1,16.4,66.2,6.4,390.0,Loam,120,onions
34.0,21.0,83.0,23.5,97.0,4.76,1301.0,Loam,153,Cassava
86.0,40.0,33.0,26.1387869,52.26311691,7.432322234,1363.027766,Loam,225,coffee
49.0,26.0,35.0,15.5,51.0,6.07,725.0,Clay,168,Wheat
37.95899289051598,45.49002489644592,92.8948238265277,24.745772427726983,75.55160683436831,6.312731266983092,1045.0831170853112,Sandy Loam,122,sweet potato
101.2,60.5,105.3,15.8,65.4,6.4,410.0,Loam,120,cabbage
98.0,58.0,89.0,19.7,51.0,6.95,675.0,Loam,158,Wheat
81.0,49.0,20.0,18.04185513,60.61494304,5.513697923,1042.321615,Sandy Loam,116,maize
14.0,19.0,14.0,17.68408797,94.35815354,6.699164936,1080.638166,Sandy Loam,216,orange
5.0,21.0,38.0,22.43377991,90.3396556,6.107054808,1124.59697,Sandy Loam,217,pomegranate
7.0,144.0,197.0,23.8494014,94.34814995,6.133220586,1140.512495,Sandy Loam,188,apple
37.0,73.0,21.0,29.50304807,63.46513414,5.560224583,1895.208915,Sandy Loam,157,pigeonpeas
98.0,60.0,78.0,27.0,74.3,6.3,1200.0,Loam,120,passionfruit
12.0,31.0,26.0,35.7877738,51.94190321,5.395275719,1002.160615,Sandy Loam,183,mango
97.0,59.0,43.0,26.35927159,84.04403589,6.286500176,2713.586137,Clay Loam,174,rice
50.0,32.0,82.0,32.1,88.0,7.41,852.0,Silty Loam,141,Cassava
105.0,77.0,52.0,29.16226551,76.16151562,5.816622479,1000.075679,Red Volcanic,295,banana
5.0,19.0,25.0,27.3511056,54.43945147,6.441328044,962.7792547,Red Volcanic,182,mango
80.0,15.0,28.0,23.11438731,68.00096043,6.703270635,1618.944624,Loam,233,coffee
109.0,10.0,53.0,26.81938687,87.8274604,6.551750306,460.6193778,Loam,88,watermelon
118.3,64.1,101.6,20.5,61.4,6.8,520.0,Loam,120,onions
75.0,30.0,30.0,9.9,63.0,7.31,755.0,Clay,188,Wheat
6.0,66.0,15.0,34.93174223,30.40046769,6.345806011,1592.649827,Red Volcanic,151,pigeonpeas
11.0,72.0,22.0,29.37735586,44.82294584,6.842744374,1724.0168,Red Volcanic,154,pigeonpeas
18.0,5.0,11.0,20.87947369,90.93756231,6.251586885,1024.550786,Sandy Loam,214,orange
68.0,69.0,61.0,22.6,47.0,7.36,701.0,Silty Loam,233,Wheat
43.69375388865483,45.46953192797903,59.070497369639845,17.486875338031222,83.55612960282912,6.2029679607960535,1109.9311620663555,Loam,551,avocado
29.959525043015887,18.159793750044194,39.05363851262224,32.533485719552345,49.34005585365205,5.963725335026071,661.7155093411802,Sandy Loam,78,millet
45.0,57.0,47.0,23.16855863,90.78821158,6.656458831,1616.892093,Red Volcanic,226,papaya
33.0,60.0,15.0,28.95172351,81.67085323,6.510840928,565.1103293,Loam,69,mungbean
47.524852238941776,53.213893913489635,98.07593631886166,28.290882894900328,74.47447346191676,5.625787093745016,1265.9647487140417,Clay,103,sweet potato
38.0,12.0,44.0,28.2,81.0,5.41,444.0,Loam,127,Beans
93.0,43.0,38.0,23.61475336,86.14290267,6.987332927,1502.355238,Clay Loam,157,jute
23.0,62.0,19.0,16.51783455,20.4555596,5.609435128,987.7794225,Loam,78,kidneybeans
50.76709064012914,44.96178600314158,99.28631229882235,28.415157569249132,62.923925380838774,6.231550571576207,904.988439618269,Sandy Loam,99,sweet potato
64.0,49.0,64.0,12.5,47.0,6.71,777.0,Loam,167,Wheat
90.0,42.0,43.0,20.87974371,82.00274423,6.502985292,2029.355362,Clay,160,rice
97.0,22.0,26.0,23.60567546,59.68849145,6.074190142,1851.568059,Clay Loam,241,coffee
72.0,20.0,61.0,22.0,48.0,6.18,692.0,Silty Clay,137,Wheat
20.0,40.0,15.0,29.57329479,88.07505524,7.199495368,450.4467075,Sandy Loam,69,mungbean
4.0,41.0,20.0,28.14720892,83.8001509,6.647965508,374.4800463,Loam,69,mungbean
57.0,33.0,40.0,20.4,70.0,5.72,662.0,Silty Loam,191,Maize
30.2,68.5,62.0,22.4,64.8,6.9,410.0,Clay Loam,67,beans
295.0,63.2,320.1,28.6,76.9,5.7,1052.0,Red Volcanic,120,pineapple
75.0,56.0,44.0,25.2746335,73.7459581,6.109478059,1680.432282,Alluvial,162,jute
51.14832478394665,36.59585922351291,48.474051853579624,22.56417162611834,59.08439657610212,5.587997531800281,492.67656333014895,Sand,85,millet
61.0,54.0,76.0,25.0,74.0,7.07,1095.0,Sandy Loam,307,Tomato
108.0,66.0,85.0,16.8,64.0,6.4,470.0,Sandy Loam,120,onions
0.0,49.0,18.0,29.68361658,87.93598094,6.990095452,418.2490236,Loam,69,mungbean
28.4,54.2,61.5,21.3,68.7,6.8,520.0,Loam,67,beans
107.0,31.0,31.0,23.17124551,52.97841162,6.766184468,1531.201644,Clay Loam,231,coffee
68.0,58.0,38.0,23.22397386,83.03322691,6.336253525,2212.091958,Clay,164,rice
113.0,6.0,52.0,27.76317235,90.35567642,6.740983646,252.1609113,Loam,89,muskmelon
81.0,45.0,35.0,26.52872817,80.12267476,6.158376967,2189.163567,Clay Loam,163,rice
24.0,80.0,22.0,16.71170642,19.17651433,5.635993966,967.7285817,Sandy Loam,78,kidneybeans
40.0,51.0,17.0,28.66086349,86.12194568,6.860602782,500.1534317,Loam,69,mungbean
8.0,28.0,37.0,23.88404783,86.20613842,6.082571701,1083.121789,Loam,216,pomegranate
28.0,58.0,24.0,19.72702528,18.28173015,5.748190463,1437.630894,Loam,79,kidneybeans
11.0,10.0,45.0,22.63045168,88.45577158,6.397995609,1090.357597,Sandy Loam,216,pomegranate
330.0,90.0,380.0,31.0,79.5,5.7,1000.0,Sandy Loam,120,pineapple
2.0,38.0,25.0,26.8,54.0,7.3,426.0,Sandy Loam,205,Sorghum
110.31773640849502,58.947623820405965,73.37730431272459,15.846884660516412,79.60867938801334,7.131847127725017,977.3174394119534,Loam,83,kale
43.0,37.0,52.0,26.7,66.0,5.07,1360.0,Clay,238,Cassava
59.224239092250315,37.45101713993172,52.60394882698368,25.171555218766137,82.93226986143881,6.701591350549304,848.2348525104638,Sandy Loam,859,cashew
115.0,70.0,118.0,17.3,63.9,6.6,470.0,Silty Loam,120,cabbage
41.747671372731205,48.57165484102133,37.364386998343356,27.807566322956653,73.45315923122598,7.236928423159982,697.2897405151623,Loam,887,cashew
165.0,90.1,210.0,25.6,74.0,6.8,950.0,Red Volcanic,120,tomato
133.0,47.0,24.0,24.40228894,79.19732001,7.231324765,908.022356,Black Cotton,172,cotton
17.0,11.0,32.0,28.74013335,93.39676499,5.620733794,1567.650823,Coastal Sandy,365,coconut
74.0,48.0,17.0,21.63162756,60.27766379,6.430616465,692.1803098,Sandy Loam,107,maize
91.0,7.0,52.0,25.07803672,83.46230461,6.405054243,563.9962921,Sandy Loam,88,watermelon
83.0,58.0,23.0,19.74213321,59.66263104,6.381201909,655.0861389,Sandy Loam,106,maize
97.0,7.0,63.0,19.8,61.0,7.13,582.0,Silty Loam,180,Maize
7.0,45.0,22.0,25.50634557,44.8302551,9.926212291,743.2635105,Loam,78,mothbeans
47.76434021625958,41.575987616105195,76.92038060727674,18.391236500825844,76.42680954620619,5.845497844422755,1083.8081650977501,Loam,594,avocado
11.0,78.0,22.0,23.89756791,22.74378977,5.940546818,1126.616435,Silty Loam,81,kidneybeans
49.0,55.0,53.0,38.4418717,93.63739039,6.544029776,777.1566883,Red Volcanic,202,papaya
22.0,16.0,27.0,29.1797902,90.27214288,6.006784979,1889.252083,Sandy Loam,365,coconut
94.0,50.0,37.0,25.66585205,80.66385045,6.94801983,2095.869708,Silty Clay,161,rice
102.0,46.0,39.0,21.8,67.0,5.72,538.0,Silty Loam,157,Maize
25.0,76.0,24.0,15.33042636,24.91506728,5.56503533,1353.315583,Silty Loam,77,kidneybeans
87.60459991876242,69.94764014667925,44.80319380079464,22.571198644665476,68.40695209631146,6.291641060757711,1052.4908005788993,Clay,84,kale
108.0,36.0,19.0,22.78249615,77.51235009,7.238566893,646.1444234,Black Cotton,166,cotton
93.0,53.0,40.0,20.4,68.0,6.3,366.0,Silty Clay,174,Maize
58.0,55.0,47.0,26.05375792,93.69111672,6.742490027,2406.863901,Sandy Loam,248,papaya
85.64970401441661,64.31448064210996,82.35761423259818,17.534127011148975,89.90215459165529,6.20488521676123,1894.9767333211646,Clay,1421,macadamia
27.0,56.0,20.0,19.25975367,20.51346956,5.542690119,949.533526,Loam,79,kidneybeans
89.0,50.0,49.0,10.3,67.0,7.65,731.0,Loam,216,Wheat
30.0,44.0,16.0,29.73013036,82.89166381,6.442335593,509.1511275,Sandy Loam,69,mungbean
110.0,25.0,54.0,28.91105641,90.78413842,6.425930938,234.4398467,Loam,89,muskmelon
88.3553407368363,72.02318665766116,87.53748892722578,17.81633298584379,78.59179289239462,5.735848188185004,1031.78889948603,Clay,90,potato
27.0,80.0,15.0,19.07096165,21.21092266,5.788386951,862.1917578,Sandy Loam,79,kidneybeans
40.15709554963599,36.63546738977181,65.45260629081474,25.28655993334816,65.31766040687046,6.733200749646453,763.3420496727596,Sandy Loam,1046,cashew
84.0,18.0,46.0,27.08808014,93.42402083,6.781050373,253.2159689,Loam,89,muskmelon
21.0,135.0,198.0,23.86087054,94.92048112,5.765015126,1050.241329,Silty Loam,185,apple
52.0,60.0,79.0,19.45339934,18.23490739,8.380185271,756.317566,Clay Loam,99,chickpea
42.0,62.0,75.0,18.17912258,18.90426935,7.010570541,818.4997529,Sandy Loam,99,chickpea
22.0,19.0,49.0,26.8,55.0,7.28,402.0,Silty Loam,172,Sorghum
62.43406991546804,36.22865866997219,48.691445662426915,18.102748536096524,76.90198968119535,6.389342320371201,1347.1649270108492,Loam,1663,macadamia
23.0,7.0,34.0,26.1055118,91.52421214,5.852038202,1341.279669,Sandy Loam,365,coconut
54.0,61.0,77.0,18.81198127,15.21618225,6.206582193,775.429424,Clay Loam,99,chickpea
38.0,120.0,197.0,17.5438296,82.94703302,6.323722572,737.7063744,Loam,158,grapes
43.0,50.0,48.0,28.28222883,91.37059792,6.63016515,1792.720807,Sandy Loam,231,papaya
33.0,15.0,13.0,19.9,46.0,6.33,577.0,Silty Loam,152,Wheat
62.0,15.0,23.0,34.4,32.0,8.07,589.0,Loam,271,Sorghum
95.0,55.0,42.0,26.79533926,82.1480873,5.950660556,1933.473987,Silty Clay,158,rice
43.0,68.0,81.0,17.47809436,17.93253975,6.761599706,789.2060234,Clay Loam,98,chickpea
116.23988256919665,64.59518387396335,68.15865214524854,21.131473859978286,82.42444280917405,6.008486966315458,774.7689609093713,Clay,82,kale
89.0,54.0,38.0,24.51588066,83.5352163,6.685346424,2304.462359,Clay,166,rice
161.0,92.5,251.0,24.9,72.6,6.7,590.0,Sandy Loam,120,tomato
100.0,52.0,19.0,23.45969093,82.44777468,7.903528673,935.0153555,Loam,173,cotton
11.0,143.0,197.0,22.98458907,93.3204487,5.875718516,1221.952483,Sandy Loam,190,apple
69.45589587288461,44.28260283190774,40.90827847620216,22.12069185000782,68.48072611598005,6.889895845722894,1026.6627601631146,Loam,371,avocado
71.0,46.0,40.0,20.2801937,82.1235421,7.236705436,1919.535738,Clay,158,rice
3.0,18.0,31.0,31.65333432,48.20662669,6.392313973,910.9745581,Sandy Loam,180,mango
118.0,40.0,35.0,26.35034208,58.50650238,7.460174812,1215.586297,Clay Loam,220,coffee
24.0,50.0,27.0,24.3,59.0,7.21,404.0,Loam,163,Beans
34.92841925126554,27.511365219663418,30.62604743670537,33.66935126472986,68.19791262937346,7.476873511080718,443.6387441351186,Loam,80,millet
22.0,79.0,17.0,21.42451099,20.39659714,5.912289889,1165.206923,Sandy Loam,80,kidneybeans
53.300056811725625,15.646154045248206,33.69871346320903,24.01852993643773,44.67774945204341,5.919004324043673,653.3719273698487,Sandy Loam,108,millet
32.0,32.0,120.0,30.2,78.0,7.18,715.0,Loam,180,Cassava
82.0,24.0,26.0,24.31274458,53.57285558,6.089443603,1844.103931,Red Volcanic,241,coffee
110.2,55.9,88.1,16.6,67.0,6.5,445.7,Loam,120,onions
109.0,36.0,18.0,25.40059227,76.53237965,7.524707577,625.138867,Black Cotton,165,cotton
84.0,49.0,66.0,20.9,66.5,5.7,890.0,Red Volcanic,120,passionfruit
111.0,26.0,63.0,28.9,57.0,5.83,646.0,Clay,130,Maize
43.15154680250245,40.99055017389699,41.64855772991129,27.63660319640269,67.11016788044579,6.864024789051303,816.4790089165709,Sandy Loam,836,cashew
28.0,68.0,19.0,34.63880966,61.38597868,7.69950698,724.3169115,Loam,81,blackgram
20.0,73.0,22.0,16.03768615,22.33195853,5.976312538,1303.900798,Sandy Loam,78,kidneybeans
125.2,52.6,160.2,21.5,61.8,6.2,690.0,Loam,120,tomato
26.0,63.0,17.0,29.87854588,65.73085206,6.950300686,449.5654782,Clay Loam,104,lentil
26.0,52.0,23.0,29.98835437,49.60384796,4.931890506,529.2929636,Sandy Loam,79,mothbeans
25.0,40.0,21.0,27.73329078,81.13903037,6.248900919,441.7580911,Sandy Loam,69,mungbean
95.0,12.0,46.0,26.21667586,81.01009354,6.32281728,546.5423596,Sandy Loam,88,watermelon
9.0,122.0,201.0,29.58748357,80.91934392,5.570290539,680.6417307,Sandy Loam,164,grapes
114.0,94.0,53.0,26.33544853,76.8532006,6.190757459,1186.858263,Clay Loam,299,banana
28.229046535012824,39.353004377166656,45.89125825781528,25.422421629437096,62.27294931925993,6.2856623932182645,359.3678567370573,Sand,112,millet
7.0,23.0,35.0,19.75088482,88.71691157,7.054313823,1025.538035,Loam,214,pomegranate
26.0,80.0,18.0,19.32509638,23.3334788,5.581021521,1047.783947,Silty Loam,79,kidneybeans
86.0,76.0,54.0,29.3159075,80.11585705,5.926824754,901.0978128,Clay Loam,292,banana
72.0,65.0,72.0,21.8,89.0,5.34,2496.0,Sandy Loam,161,Tea
26.5,58.3,64.8,18.9,64.5,6.7,420.0,Loam,66,beans
106.64408222072227,65.32005610564397,72.29919660019408,19.897169968822727,62.673531833744285,6.796017683244105,1147.7979227382002,Clay,83,kale
35.0,72.0,21.0,34.03619494,64.28791388,7.741418772,668.5510868,Loam,81,blackgram
210.7,62.2,300.5,26.7,71.2,5.2,990.0,Loam,120,pineapple
116.36463026032908,30.133785768609044,43.82269960872889,22.50977448019714,63.305808985976576,6.463485872497842,766.1172094569154,Sandy Loam,87,kale
54.0,62.0,80.0,17.48911699,16.39055394,7.489545074,794.5758333,Clay Loam,98,chickpea
50.0,33.0,17.0,34.7,65.0,7.24,671.0,Loam,163,Sorghum
50.48863566573175,44.55049888020846,57.02001776806588,22.83071228193221,82.77638729673787,6.420852726941324,1519.1476301124333,Clay,717,avocado
13.0,61.0,22.0,19.44084326,63.27771461,7.728832424,468.3130119,Loam,99,lentil
32.0,57.0,22.0,28.6899851,87.50436797,6.769415888,445.6598352,Silty Loam,69,mungbean
40.0,30.0,35.0,20.89273273,91.07776977,6.269663963,1044.407083,Sandy Loam,214,pomegranate
1.0,17.0,6.0,10.78689755,91.38411917,6.8198271,1175.293447,Sandy Loam,219,orange
36.0,25.0,16.0,28.3,37.0,6.66,577.0,Sandy Loam,215,Sorghum
30.0,11.0,44.0,31.3,48.0,7.25,447.0,Loam,195,Sorghum
98.0,8.0,51.0,26.1793464,86.52258079,6.25933595,494.3050977,Loam,88,watermelon
31.0,12.0,48.0,21.0,69.0,7.86,414.0,Loam,190,Wheat
85.0,27.0,97.0,23.0,75.0,5.57,573.0,Loam,117,Tomato
28.0,59.0,22.0,30.90607799,52.79913039,7.05181629,1709.919828,Loam,154,pigeonpeas
5.0,68.0,20.0,18.72987676,61.33186249,5.001038726,1398.710041,Loam,147,pigeonpeas
106.0,70.0,55.0,25.86824781,78.52399914,5.74055541,1163.019555,Clay Loam,299,banana
61.15678911283533,49.09214463539356,77.13508816806728,20.34414195192766,77.23540788951804,6.045457222280025,1315.7086839791966,Sandy Loam,1315,macadamia
130.5,72.8,128.0,17.2,68.5,6.8,510.0,Loam,120,cabbage
11.0,27.0,30.0,27.69637763,48.5622488,6.39474303,898.5646496,Loam,179,mango
49.0,39.0,61.0,11.9,32.0,6.5,475.0,Sandy Loam,210,Wheat
115.7,72.3,122.0,17.0,69.5,6.8,460.0,Silty Loam,120,cabbage
80.0,38.0,85.0,14.9,76.0,8.05,514.0,Silty Loam,111,Wheat
106.4,65.9,102.8,16.2,64.5,6.6,412.0,Clay Loam,120,cabbage
108.0,88.0,55.0,26.28845991,83.390039,5.891458107,1138.729798,Clay Loam,298,banana
28.7411411358733,40.903848805735294,38.95170190901344,30.615781634222856,68.07280375776894,6.833168071028237,402.48452241586597,Sand,90,millet
17.0,20.0,53.0,29.7,75.0,5.54,1311.0,Sandy Loam,256,Cassava
108.9,66.3,112.4,16.5,73.1,6.4,465.0,Silty Loam,120,cabbage
63.63726185872932,49.961168579522564,75.58686019601207,21.258988012388404,83.46078690178977,6.706365237195855,1132.0117240122117,Clay,511,avocado
79.0,4.0,56.0,24.3,66.0,6.77,689.0,Loam,172,Maize
64.6289268080845,34.39441975764381,56.77076421059769,18.434327998922775,71.48173882305574,5.927342005542522,1174.6294479373416,Sandy Loam,378,avocado
36.0,56.0,20.0,25.4123765,49.66474269,7.437078236,318.7416982,Loam,78,mothbeans
82.44839871808313,41.7825335917468,81.61562803166632,17.228016774811948,83.61415263456169,6.019177358856339,1613.5216351176437,Loam,1517,macadamia
81.0,40.0,45.0,25.7629429,80.76238215,6.427726565,1745.071843,Silty Clay,163,jute
2.0,30.0,30.0,26.00175125,94.79998418,6.331051715,2095.40094,Coastal Sandy,365,coconut
100.0,18.0,52.0,26.20234499,80.38266489,6.87606733,564.7941847,Loam,88,watermelon
59.0,38.0,45.0,25.4,49.0,5.98,575.0,Silty Clay,244,Maize
27.3,60.0,70.0,21.0,69.5,6.8,530.0,Silty Loam,67,beans
83.0,10.0,53.0,24.92994759,85.00802358,6.195142279,487.5859458,Loam,88,watermelon
32.748605420395315,23.75869318014615,63.72318979006933,26.180248712729107,68.12286974364687,7.1829379829805,973.0751235130334,Sandy Loam,786,cashew
81.0,15.0,8.0,23.3,72.0,5.42,392.0,Silty Loam,184,Beans
43.460058755706484,37.80103607250081,40.73893715181862,26.005279234374672,69.36363044505875,7.030866472717238,893.3676387755568,Sand,872,cashew
58.00852104642227,38.6128566066593,64.69779605112623,22.86706413418044,81.26055125251423,6.552123609208444,1051.0399044214967,Loam,387,avocado
39.0,64.0,53.0,23.0124018,91.07355541,6.598860305,2083.357976,Sandy Loam,239,papaya
7.0,17.0,26.0,34.89226666,48.75613373,6.414526606,916.3074547,Red Volcanic,180,mango
140.5,88.6,149.2,19.0,74.5,6.9,540.0,Silty Loam,120,cabbage
35.903257911256105,31.4936247302495,99.13217593332689,26.763055023301433,71.56011388084899,5.913799832364228,981.3992820498439,Sandy Loam,148,sweet potato
93.0,85.0,49.0,27.96799119,79.28625709,5.694243847,1194.765557,Red Volcanic,299,banana
46.0,5.0,51.0,17.2,43.0,8.15,553.0,Clay,168,Wheat
245.6,78.4,320.2,28.1,75.3,5.6,1250.0,Loam,120,pineapple
50.0,26.0,96.0,21.0,65.0,6.58,859.0,Silty Clay,145,Cassava
34.0,76.0,80.0,20.65691793,15.84572566,7.985417393,652.3811143,Sandy Loam,100,chickpea
28.0,20.0,35.0,26.1,70.0,7.13,539.0,Loam,147,Sorghum
110.2,70.1,112.3,17.0,60.5,6.5,480.0,Loam,120,cabbage
102.4,58.9,74.1,17.6,63.9,6.5,410.0,Loam,120,onions
40.56940751665523,35.23646850777301,71.50468740958436,16.915290405130623,65.23636594400782,6.8572069059200444,1612.6060682587142,Sandy Loam,449,avocado
42.0,79.0,23.0,27.71678273,63.29103387,6.781841984,685.6507978,Loam,79,blackgram
8.0,59.0,18.0,29.50523036,35.72032498,6.216814453,1878.961851,Loam,157,pigeonpeas
95.0,60.0,85.0,26.4,72.0,6.2,1300.0,Loam,120,passionfruit
51.977735502589475,29.393616556419026,30.495958438341617,23.74763419532556,40.03116259723255,5.950406656538705,349.5506568745098,Sandy Loam,84,millet
11.0,45.0,19.0,28.70012137,44.359648,3.828031463,441.1622138,Sandy Loam,79,mothbeans
84.0,68.0,82.0,25.6,71.3,6.5,1320.0,Loam,120,passionfruit
30.0,70.0,79.0,20.26942271,19.96978871,7.313122235,696.4449182,Loam,100,chickpea
35.2,71.5,66.0,23.1,64.2,6.5,460.0,Silty Loam,67,beans
48.0,25.0,70.0,18.5,73.0,6.69,1062.0,Loam,181,Tomato
52.0,63.0,19.0,29.58949031,68.32176769,6.928898659,675.3021213,Clay Loam,79,blackgram
18.0,26.0,31.0,32.6112614,47.74916499,5.418475257,911.0190759,Red Volcanic,180,mango
53.0,25.0,72.0,28.3,60.0,5.93,648.0,Clay,145,Maize
18.0,125.0,203.0,22.44307715,91.59234006,6.160267496,1025.565807,Loam,184,apple
105.1,68.2,92.7,20.4,63.8,6.8,412.0,Sandy Loam,120,onions
44.2229678087212,28.430105491312947,86.4124571652184,25.538562009028297,70.72687338574615,6.094435927875403,930.0947236146337,Sandy Loam,130,sweet potato
89.0,28.0,33.0,26.44414097,53.83876189,6.993236001,1753.723314,Red Volcanic,238,coffee
69.80260884634987,56.96684465116908,49.564180698102795,18.40948385774453,70.50348445295712,6.493832119296077,1630.413993102109,Loam,1184,macadamia
110.0,53.0,57.0,17.5,79.0,5.36,2003.0,Clay,126,Tea
105.0,88.0,54.0,25.78749808,84.51194224,6.020445317,1142.005455,Red Volcanic,298,banana
73.86302999381486,77.1287701891639,87.22513517520429,16.171036685169753,74.6886221944369,5.1231941195191455,1356.278611110076,Clay,115,potato
14.0,8.0,43.0,21.92513945,94.46485312,7.051654924,1117.162016,Red Volcanic,217,pomegranate
47.0,11.0,62.0,28.3,73.0,7.44,252.0,Loam,169,Sorghum
23.0,70.0,15.0,34.6008247,63.11296779,7.403623355,604.1790253,Loam,81,blackgram
129.0,60.0,22.0,24.58453146,79.12404171,5.947448589,719.4608134,Clay Loam,167,cotton
95.2,58.3,118.6,20.3,71.8,5.7,820.0,Loam,120,ribena
72.0,46.0,73.0,12.1,76.0,6.87,418.0,Loam,133,Wheat
62.0,27.0,44.0,21.0,72.0,7.18,400.0,Silty Loam,197,Maize
28.0,76.0,82.0,20.56601874,14.25803981,6.654425315,837.5937135,Clay Loam,100,chickpea
117.3198684138527,57.81367439828411,45.85527466748411,21.138155917970927,62.83709564319908,7.397714909864126,1083.5099517874196,Clay,80,kale
2.0,38.0,33.0,32.38697531,53.2328243,4.691396195,902.1633216,Sandy Loam,180,mango
36.0,23.0,113.0,28.1,76.0,5.46,895.0,Loam,225,Cassava
29.751104870494753,39.905673559655554,49.223593544204924,28.197635653956183,68.67564457364838,6.6058699061309945,328.61102336700696,Loam,104,millet
44.0,50.0,42.0,21.3,55.0,7.94,821.0,Silty Clay,225,Wheat
57.0,60.0,17.0,26.23773129,67.88521396,7.504608385,735.8663968,Sandy Loam,78,blackgram
102.0,37.0,25.0,25.31468463,77.91757121,5.907930899,728.2902109,Clay Loam,168,cotton
35.75732276943849,40.97628230155708,31.17547177613056,31.10771474053914,64.68730451129764,7.163016606565828,473.2527264903339,Sandy Loam,88,millet
121.0,36.0,24.0,23.66457347,81.69105088,7.352401887,993.6898373,Black Cotton,174,cotton
92.0,30.0,17.0,19.1,64.0,5.64,411.0,Sandy Loam,209,Maize
89.0,47.0,62.0,26.7,48.0,5.57,441.0,Silty Clay,244,Maize
142.7,68.4,198.1,23.5,72.0,6.6,821.0,Loam,120,tomato
95.54389176373083,45.317454515645636,124.57079056710546,17.384152475781704,77.5187642332535,5.019351248448556,1032.8266188321493,Clay,92,potato
3.0,26.0,39.0,24.38318965,91.19431555,7.079973241,1036.012114,Sandy Loam,214,pomegranate
105.0,46.0,48.0,17.2,78.0,4.52,2848.0,Sandy Loam,169,Tea
108.0,22.0,46.0,26.17668721,86.7295205,6.121168559,533.3484977,Loam,88,watermelon
90.0,20.0,43.0,10.5,56.0,5.92,699.0,Loam,197,Wheat
118.0,21.0,51.0,24.42998931,86.33904774,6.678805092,485.8241822,Loam,88,watermelon
28.0,6.0,40.0,22.10621387,91.34039616,6.769855664,1068.704803,Loam,215,pomegranate
48.0,55.0,24.0,24.5,77.0,6.03,415.0,Silty Loam,168,Maize
86.0,50.0,56.0,11.1,67.0,6.54,781.0,Loam,163,Wheat
77.0,51.0,44.0,23.25583402,82.7015932,7.124333547,1662.160846,Alluvial,161,jute
44.0,59.0,78.0,20.67526473,19.85388984,7.599033472,847.8344008,Clay Loam,100,chickpea
118.4,61.7,172.3,21.9,63.5,6.4,700.0,Loam,120,tomato
76.9,44.1,103.3,18.3,60.7,5.9,710.0,Loam,120,ribena
59.14985842110004,57.027688696679476,63.87732673023436,23.496030168435713,63.31107487834231,5.884484596694792,1018.8602378792334,Clay,122,sweet potato
120.2,58.9,190.3,23.0,68.5,6.7,650.0,Sandy Loam,120,tomato
110.0,26.0,29.0,26.4,63.0,5.7,724.0,Loam,177,Maize
16.0,41.0,22.0,23.8,45.0,6.12,338.0,Loam,162,Sorghum
106.0,48.0,63.0,27.1,67.0,6.48,666.0,Sandy Loam,137,Tomato
120.0,44.0,30.0,24.8,76.0,7.1,741.0,Loam,128,Maize
85.0,60.0,64.0,23.5,53.0,5.78,739.0,Sandy Loam,213,Maize
31.719755753954942,57.49846418524204,53.97039589957265,29.621778447467268,72.9739650391396,6.0514211323719245,853.8555252032694,Loam,107,sweet potato
94.0,18.0,42.0,28.2,62.0,6.45,518.0,Loam,150,Maize
106.0,21.0,35.0,25.627355,57.04151119,7.428523634,1885.506536,Red Volcanic,242,coffee
36.477941734608365,49.86885480190229,45.89920236797648,26.420934082964727,66.11704090792738,7.433461112286691,991.0089301987941,Sandy Loam,909,cashew
14.0,5.0,52.0,20.9,53.0,5.1,821.0,Silty Loam,189,Cassava
81.0,56.0,36.0,23.39605743,72.60512854,7.097586415,1747.876411,Alluvial,163,jute
106.0,18.0,62.0,18.5,58.0,6.42,860.0,Sandy Loam,146,Maize
118.4,72.5,96.1,28.9,78.2,6.8,1640.0,Clay Loam,120,passionfruit
100.0,17.0,48.0,29.72791119,94.29753295,6.367800632,265.2364146,Sandy Loam,89,muskmelon
280.4,70.9,300.5,27.8,75.5,5.6,1180.0,Loam,120,pineapple
57.0,23.0,23.0,22.1,55.0,6.72,478.0,Sandy Loam,145,Beans
28.4,62.1,54.7,21.3,68.5,6.7,510.0,Loam,67,beans
110.5,51.9,165.6,22.1,63.8,6.6,610.0,Clay Loam,120,tomato
14.0,76.0,20.0,29.05941162,62.10652364,7.042474679,365.011366,Loam,104,lentil
55.0,66.0,22.0,30.91219459,68.79427388,7.747775263,666.3830637,Loam,80,blackgram
86.0,49.0,71.0,22.3,65.0,6.7,365.0,Silty Loam,120,onions
116.0,36.0,25.0,27.57847581,58.52534263,6.172090205,1566.810374,Red Volcanic,232,coffee
79.0,20.0,7.0,17.7,52.0,6.92,522.0,Loam,222,Wheat
39.0,60.0,15.0,35.09357419,30.98685456,5.004074624,1169.106908,Loam,143,pigeonpeas
6.0,140.0,205.0,17.66558428,82.92903419,6.313085601,698.671263,Loam,158,grapes
24.0,6.0,32.0,28.11321494,90.01734526,6.387067562,1724.813641,Coastal Sandy,365,coconut
89.638867767404,54.37615807610858,76.41314945785535,19.05205574835583,88.2812358724176,5.919683954259499,1044.1894468196533,Sandy Loam,122,potato
0.0,17.0,42.0,23.20242586,91.19442671,6.859840821,1090.946323,Loam,216,pomegranate
66.0,60.0,37.0,26.5,47.0,7.53,548.0,Loam,149,Maize
94.52466449684943,76.34311486942069,91.27047096495247,10.556397939543888,74.22447225315526,5.3081733765866845,1165.2853395610493,Clay,106,potato
78.0,29.0,38.0,22.0,60.0,6.2,516.0,Clay,209,Beans
67.19281079114242,38.494134379077636,78.98742638362465,23.307482425140883,77.87615937003908,5.289461135506765,1856.4077215991508,Loam,1112,macadamia
60.369118990647245,51.13741151005676,62.10301340453198,23.40307442474888,73.81967530400158,6.321884766172437,1009.9424716165056,Clay,66,kale
34.0,60.0,22.0,17.66148158,18.15302753,5.635231778,1006.711761,Loam,78,kidneybeans
115.0,66.0,59.0,17.0,45.0,7.92,341.0,Silty Loam,164,Wheat
87.0,38.0,29.0,25.20406808,57.88370456,6.652642579,1561.457255,Red Volcanic,232,coffee
10.0,24.0,34.0,28.0,79.0,5.73,1102.0,Loam,222,Cassava
80.0,52.0,39.0,26.41915161,76.85691248,7.165696848,1972.101782,Clay Loam,169,jute
117.0,10.0,31.0,19.0,44.0,6.22,349.0,Silty Loam,223,Maize
14.0,29.0,32.0,35.63627319,48.97047762,6.942520105,975.1952041,Red Volcanic,182,mango
98.0,58.0,168.0,21.4,62.5,6.4,650.0,Clay Loam,120,tomato
101.0,30.0,25.0,29.0,81.0,6.24,939.0,Clay,171,Maize
123.0,39.0,24.0,25.00755095,78.17952126,7.453106264,860.6411872,Loam,171,cotton
36.0,128.0,204.0,25.23542319,80.68700527,5.695792761,670.3840888,Loam,162,grapes
99.0,15.0,27.0,27.41711238,56.63636248,6.086922359,1279.2461,Clay Loam,222,coffee
2.0,24.0,34.0,28.89409382,54.80750249,6.472774648,947.6322976,Sandy Loam,181,mango
5.0,25.0,6.0,30.72119881,94.01331956,6.011302181,1068.118019,Sandy Loam,215,orange
4.0,18.0,37.0,22.91843172,85.40695044,7.13147457,1062.817706,Red Volcanic,215,pomegranate
23.0,57.0,19.0,32.83963757,67.99803573,7.251000789,734.0452716,Clay Loam,80,blackgram
72.0,41.0,36.0,24.09874353,80.57226761,6.187746776,1768.604109,Clay Loam,164,jute
34.0,133.0,202.0,15.31413469,80.09711412,5.804799142,748.2144653,Sandy Loam,157,grapes
100.0,52.0,31.0,19.1,82.0,6.44,1191.0,Clay,188,Tea
84.0,37.0,42.0,25.49674786,81.13449097,6.691074249,1699.288234,Clay Loam,162,jute
35.22967417084715,27.047658117366232,43.80859794350196,23.316171996507364,47.791334230394526,6.012252349601903,582.9715512657126,Loam,78,millet
29.0,21.0,45.0,23.40981539,93.13277,6.749260456,1052.240743,Loam,215,pomegranate
25.5,54.0,41.8,18.9,61.5,6.3,410.0,Silty Loam,66,beans
57.99481743192738,36.11788828745402,66.86575021509015,28.146052533963914,63.760490751093386,5.7180141835716745,903.144344925913,Loam,859,cashew
39.0,52.0,53.0,32.51247398,94.65904123,6.704204398,510.7048113,Sandy Loam,194,papaya
39.03295342040404,24.475507692354807,54.508138887120666,25.220743477382122,75.6559914705021,6.446401560221628,819.6191153520392,Sand,756,cashew
67.0,60.0,25.0,24.92162194,66.78627406,5.750254943,1092.162279,Sandy Loam,117,maize
60.2,29.8,88.4,16.5,63.7,5.6,690.0,Sandy Loam,120,ribena
44.0,43.0,56.0,19.8,73.0,6.15,579.0,Sandy Loam,156,Beans
10.0,37.0,22.0,28.7275267,89.12760359,7.069747814,585.2974279,Sandy Loam,69,mungbean
113.0,38.0,25.0,22.00085141,79.47270984,7.388265888,904.2224164,Clay Loam,172,cotton
51.79730418767097,51.410804613717325,74.47395149457896,18.190359164466706,82.51852893296366,6.938594894319491,1791.917626353637,Clay,672,avocado
80.51503751653784,41.91165292486912,73.57230733641536,12.45890018982767,77.57981918233543,5.99314188193043,1316.7450947052746,Loam,117,potato
24.0,45.0,19.0,26.85851927,48.8246387,5.952384957,347.426459,Loam,78,mothbeans
61.47675837703044,41.12159155013896,110.63218172616475,19.504660661940697,81.61391730854254,6.215328401142614,1148.5081247801281,Clay,129,potato
44.0,44.0,43.0,14.2,70.0,6.63,703.0,Loam,137,Wheat
58.0,2.0,44.0,25.4,75.0,6.11,706.0,Silty Loam,132,Beans
83.24314548344061,46.65619804721302,54.22230311893314,15.960135625671175,84.12115624505434,5.0216489023231174,1943.5095595742046,Loam,1168,macadamia
54.65464523406878,43.048755676957015,83.09755080458551,20.199450667686367,81.11083627793262,5.870094287947186,1892.588044228663,Loam,1168,macadamia
100.0,80.0,52.0,27.53911354,77.25629897,6.049801781,1103.262123,Clay Loam,297,banana
29.0,17.0,29.0,29.20394909,95.66997327,5.959493188,2112.506267,Sandy Loam,365,coconut
31.438131869620435,51.294240362433754,83.29901712431383,25.740437922175598,68.1959567196305,6.473931521793693,1100.0924407584337,Sandy Loam,117,sweet potato
85.0,50.0,72.0,21.9,63.4,5.8,860.0,Red Volcanic,120,passionfruit
126.0,78.3,132.0,17.8,69.9,6.7,490.0,Silty Loam,120,cabbage
23.0,37.0,24.0,28.77833449,44.2252605,7.991902443,339.5825723,Sandy Loam,79,mothbeans
125.0,28.0,73.0,27.7,69.0,5.88,562.0,Loam,147,Maize
78.69595883867964,60.02422975014824,71.34407733399865,16.667081794383222,76.42217985012937,5.599146136045069,1159.6693333845978,Loam,99,potato
241.8,58.3,305.1,24.8,69.2,5.0,980.0,Red Volcanic,120,pineapple
34.980930683353165,26.97834767313372,42.024998401708146,30.504956541061922,69.61852574246629,7.071098172264557,504.664380802625,Sandy Loam,96,millet
32.0,57.0,18.0,15.53834801,23.75560241,5.695422863,1073.850593,Loam,77,kidneybeans
106.0,85.0,53.0,27.1994597,78.8086068,5.91505509,997.2430835,Loam,294,banana
76.0,14.0,27.0,31.2,51.0,7.48,433.0,Loam,276,Maize
69.0,26.0,22.0,20.8,54.0,6.94,600.0,Sandy Loam,87,Maize
84.2,70.5,75.0,14.8,68.9,6.2,360.0,Silty Loam,120,onions
84.0,50.0,44.0,25.48591986,81.40633547,5.935344406,1826.549356,Clay Loam,156,rice
80.0,15.0,58.0,20.7,73.0,5.23,530.0,Silty Loam,97,Beans
111.0,41.0,71.0,10.4,41.0,6.24,578.0,Loam,152,Wheat
37.0,65.0,16.0,22.8352024,18.97267518,5.683548308,635.9276673,Silty Loam,81,kidneybeans
36.14083740416669,39.132616202341445,42.52379291524108,26.101742318857795,42.702873956954626,6.403967174398165,349.4721274198025,Sandy Loam,105,millet
42.79679935030127,22.23228875076131,54.36875240229591,24.73101286173401,66.2400567487548,5.72000323778847,634.5108746847627,Loam,743,cashew
16.0,143.0,204.0,23.71475278,91.53331177,5.631333387,1218.961665,Loam,190,apple
27.8,66.2,58.9,21.2,67.9,6.7,492.0,Clay Loam,67,beans
36.55335520451222,34.363992190363405,42.450126758301735,31.225111252957703,46.16977757069212,7.352471136097175,458.4158064575285,Sandy Loam,104,millet
86.0,40.0,39.0,25.72100868,88.16513579,6.207459637,1756.086697,Silty Clay,163,jute
99.33717360434173,76.56489471717194,129.63544690045137,17.97616737910998,84.41099354068817,5.00260768933352,1172.048639497579,Sandy Loam,123,potato
140.5,72.3,196.8,23.4,68.2,6.6,820.0,Loam,120,tomato
140.0,72.0,200.0,24.7,69.2,6.6,800.0,Red Volcanic,120,tomato
35.0,64.0,15.0,28.47442276,63.53604453,6.500144962,695.274407,Clay Loam,79,blackgram
0.0,69.0,21.0,25.86928193,61.88321072,7.072923306,366.8284038,Sandy Loam,102,lentil
20.0,79.0,77.0,18.54988627,16.02542689,7.64867466,763.2565249,Sandy Loam,99,chickpea
59.08274055082833,31.022337718325314,58.72722675559776,26.224692694911038,60.98714835307922,6.25337645500927,1317.1333708724962,Loam,127,sweet potato
8.0,139.0,199.0,29.36947679,81.53996362,6.336426667,661.3442813,Sandy Loam,164,grapes
32.0,55.0,51.0,29.60718808,93.15642801,6.57398033,626.8710535,Sandy Loam,197,papaya
81.0,39.0,75.0,22.0,61.0,5.55,271.0,Sandy Loam,204,Beans
25.8,52.0,58.0,20.1,66.7,6.7,490.0,Sandy Loam,66,beans
131.0,38.0,19.0,23.86814008,75.68339729,6.814341946,904.547185,Black Cotton,172,cotton
63.0,16.0,39.0,22.7,80.0,6.55,369.0,Loam,188,Beans
35.0,57.0,25.0,27.0956288,42.26206161,8.340398059,711.271039,Loam,79,mothbeans
110.5,88.1,115.9,16.7,62.3,6.5,510.0,Silty Loam,120,cabbage
13.0,30.0,37.0,20.86474944,91.61793636,6.277148771,1068.685636,Red Volcanic,215,pomegranate
78.74759538265717,70.20230769568118,91.62699876131992,11.904159317743247,81.11494049353098,5.914403554487584,1348.1467777591115,Loam,134,potato
77.0,41.0,31.0,15.4,61.0,7.94,257.0,Loam,95,Wheat
98.0,26.0,52.0,27.33897716,90.69759008,6.150090899,286.9113835,Sandy Loam,89,muskmelon
4.0,134.0,200.0,28.57828803,80.95628959,5.840256272,733.4232097,Loam,164,grapes
61.32842876725621,47.56796336092138,67.77680354815074,25.479381829273233,65.28448526352307,5.9794425424865425,1324.6500099275122,Sandy Loam,449,avocado
50.0,74.0,17.0,27.10053268,63.36085585,6.5408208,738.4949872,Clay Loam,79,blackgram
60.0,36.0,43.0,23.43121862,83.06310136,5.286203711,2199.048349,Silty Clay,163,rice
70.0,47.0,58.0,22.3,63.0,5.5,264.0,Sandy Loam,281,Beans
71.0,32.0,30.0,22.6,63.0,5.48,479.0,Clay,129,Beans
46.323844865189145,35.312910719015875,60.66931032123088,29.26200423737117,68.30002840484143,5.961792242534425,1461.7544862740906,Clay,91,sweet potato
22.1,55.0,49.0,18.9,62.4,6.3,410.0,Clay Loam,66,beans
86.0,18.0,45.0,28.96586565,90.71832938,6.566759102,222.5838137,Sandy Loam,89,muskmelon
67.0,43.0,39.0,26.04371967,84.96907151,5.999969026,1867.536773,Clay Loam,157,rice
125.7,74.2,128.5,17.3,71.4,6.8,482.0,Loam,120,cabbage
67.66032698051455,43.81775730325232,115.82936445160436,11.097454231030541,78.48976694039638,5.6950687300584555,1261.8608024852497,Loam,139,potato
48.9281791221229,38.910622734278384,87.66506742803028,21.635564479118198,65.47230252660738,6.492351699160333,899.4936386363952,Sandy Loam,95,sweet potato
30.0,65.0,82.0,20.71424384,15.27824066,7.103798069,767.7888672,Sandy Loam,100,chickpea
8.0,58.0,17.0,28.75273118,69.15640149,7.286049978,351.5426171,Loam,104,lentil
80.0,75.0,63.0,26.1,53.0,5.85,1121.0,Loam,151,Tomato
62.0,18.0,32.0,21.0,49.0,7.09,647.0,Clay,139,Beans
28.5,58.2,60.1,21.3,68.4,6.8,510.0,Loam,67,beans
71.64003854097122,31.75929783769846,74.27078788978312,17.05411720498045,77.2252912699706,6.9932412091806135,1579.8689494295847,Loam,686,avocado
10.0,5.0,42.0,20.24104904,91.08706822,6.887005997,1092.537734,Red Volcanic,216,pomegranate
125.0,70.0,94.0,20.1,66.7,6.4,480.0,Loam,120,onions
30.077919180478524,33.16952399080677,40.424635688533506,28.94248171357283,61.19446826585421,6.6596486890517355,548.3046724828888,Loam,117,millet
22.0,44.0,24.0,24.30935081,56.32938343,6.030447288,589.9536268,Sandy Loam,78,mothbeans
33.0,58.0,24.0,35.45790488,68.75810535,5.269504214,1086.333046,Sandy Loam,141,pigeonpeas
38.41378229321581,29.688560295504267,50.35454143904444,29.22916180829987,79.7923412864512,6.8889438511801675,1098.0603033573764,Sandy Loam,985,cashew
78.29721512429163,50.34349227254868,62.71249439876901,20.812436012972398,77.85780352085473,6.847012753839003,715.8205592457666,Loam,67,kale
93.0,20.0,47.0,27.0,80.0,5.21,569.0,Clay,192,Beans
107.0,55.0,71.0,9.4,56.0,6.31,811.0,Silty Clay,118,Wheat
97.0,25.0,50.0,26.22005978,80.90127035,6.093814669,490.8553937,Loam,88,watermelon
99.0,14.0,38.0,22.8,57.0,7.63,967.0,Sandy Loam,229,Maize
87.4,50.1,72.3,23.7,71.2,5.9,930.0,Sandy Loam,120,passionfruit
42.0,59.0,55.0,40.10207731,94.35110201,6.979102243,1491.199989,Sandy Loam,222,papaya
63.9227028557718,59.34062887883657,61.5742229466536,19.381925214216082,84.90993305685106,6.474805812796061,714.0294125775201,Loam,73,kale
17.0,56.0,17.0,27.94293692,45.41393636,5.9565851,696.6289997,Sandy Loam,79,mothbeans
63.0,47.0,35.0,26.98582182,89.05587886,7.432768147,1938.778713,Alluvial,168,jute
100.0,40.0,35.0,27.56441788,54.41094079,6.955787351,1778.16092,Clay Loam,239,coffee
63.0,7.0,37.0,19.0,80.0,6.71,358.0,Silty Loam,89,Beans
39.0,73.0,24.0,25.65842532,61.18235808,7.22405917,692.8607828,Loam,78,blackgram
150.3,90.8,230.5,25.0,75.9,6.4,910.0,Red Volcanic,120,tomato
104.79466304084403,44.86124916869826,115.79134876168324,14.606521528410752,72.01514309076077,6.35725065172216,972.7339887526771,Loam,110,potato
78.0,35.0,44.0,26.54348085,84.67353597,7.072655622,1836.222657,Clay Loam,156,rice
24.10471039518814,15.4930221416071,27.342743857106605,24.0235108201852,44.179845643067026,6.716989752321585,495.26868320335115,Sandy Loam,92,millet
28.0,10.0,30.0,29.8690834,91.14723422,6.305740522,1927.678575,Sandy Loam,365,coconut
54.0,16.0,62.0,27.4,80.0,6.02,313.0,Loam,121,Beans
260.4,68.7,210.9,24.8,68.9,4.9,980.0,Red Volcanic,120,pineapple
119.3464115103043,47.65006835209752,78.93271475512438,20.150952006435105,77.98350532225703,7.471446111327145,1137.7011890703925,Loam,61,kale
49.64449371731223,23.64708217883772,67.61849644231327,28.994664420102687,75.60490988384977,5.623265433447484,679.3112892037192,Sandy Loam,917,cashew
20.0,30.0,56.0,20.8,92.0,6.2,1411.0,Loam,129,Cassava
93.0,24.0,45.0,23.4,64.0,6.3,639.0,Sandy Loam,187,Beans
5.0,55.0,18.0,33.50876355,45.70976142,7.322097972,1266.738117,Red Volcanic,145,pigeonpeas
157.2,89.6,210.5,25.1,78.6,6.8,910.0,Red Volcanic,120,tomato
107.34215071025811,36.9035780893999,50.56922319671376,21.80032073007601,68.33855476326028,6.216580961861293,1169.5935139290032,Loam,85,kale
27.0,139.0,205.0,22.48403042,93.40819246,5.772179946,1055.473627,Loam,185,apple
106.0,46.0,20.0,23.43821725,78.63388824,6.200671976,811.5072105,Clay Loam,170,cotton
38.0,19.0,31.0,34.73823882,49.08864345,5.855119268,906.5022183,Loam,180,mango
102.0,46.0,19.0,22.77076388,82.5993307,6.631005298,814.9543437,Clay Loam,170,cotton
87.22070205431154,65.0488178059588,112.21198363467394,18.137860176211014,71.95141463353008,5.879418620231355,1069.6744493022395,Loam,98,potato
57.0,45.0,22.0,28.8,51.0,6.51,606.0,Sandy Loam,201,Beans
240.0,65.0,290.0,25.8,70.3,5.0,1150.0,Loam,120,pineapple
73.0,57.0,41.0,21.44653958,84.94375962,5.824709117,2722.017204,Silty Clay,174,rice
0.0,123.0,205.0,22.02775403,92.96129462,5.790993052,1211.349176,Silty Loam,190,apple
102.0,24.0,54.0,27.72338349,90.93897939,6.698468621,228.1863447,Loam,89,muskmelon
112.0,68.0,78.0,27.1,78.0,7.48,276.0,Sandy Loam,181,Tomato
33.33992633053814,26.775667179205712,27.050081045370806,33.91310767567758,54.37813968502455,7.161139312279491,450.0999997929772,Sand,92,millet
30.4,59.2,55.9,21.0,70.5,6.6,480.0,Sandy Loam,67,beans
17.0,6.0,38.0,25.0,36.0,6.12,536.0,Sandy Loam,157,Sorghum
149.5,81.3,233.0,26.4,75.1,6.9,660.0,Clay Loam,120,tomato
119.0,31.0,91.0,17.0,82.0,5.44,2826.0,Loam,236,Tea
51.0,18.0,25.0,23.6,56.0,6.59,654.0,Loam,134,Maize
82.0,23.0,49.0,26.81383586,87.21986949,6.873283991,517.0497792,Sandy Loam,88,watermelon
19.0,120.0,195.0,18.73932187,81.12109244,5.931538447,735.5807954,Sandy Loam,159,grapes
150.0,61.0,31.0,22.2,55.0,7.28,673.0,Loam,189,Tomato
120.0,48.0,73.0,16.9,51.0,7.54,370.0,Clay,189,Wheat
34.0,48.0,48.0,41.04224355,91.37258067,6.805277038,1815.27598,Loam,231,papaya
99.0,77.0,52.0,19.7,81.0,5.97,264.0,Loam,210,Tomato
117.0,19.0,55.0,28.80311922,91.78336933,6.121745389,251.6359891,Sandy Loam,89,muskmelon
56.0,11.0,61.0,23.3,88.0,6.81,739.0,Silty Loam,111,Cassava
44.079749806666804,41.72354652136237,45.910480441221,19.889817429596427,82.6536834804151,6.6691948723990695,1521.1084009464435,Loam,620,avocado
100.60301664225369,43.26062417245779,73.97391210433842,16.667906599497535,83.1422118973199,6.695673986107545,800.7612689601722,Sandy Loam,68,kale
20.0,122.0,204.0,11.7976469,80.86325389,6.487369687,650.6962486,Loam,155,grapes
101.4,60.5,102.3,15.7,63.9,6.4,395.2,Loam,120,cabbage
29.0,75.0,75.0,19.62416326,18.71483156,7.064790365,884.585692,Loam,99,chickpea
126.0,62.0,28.0,23.9,88.0,6.53,434.0,Loam,186,Tomato
42.27931613093561,24.209650720085627,39.749276495850715,28.743071721057664,61.047805887769385,6.762608279974623,1075.4024795692758,Sand,1080,cashew
112.0,49.0,25.0,25.68959532,77.90621048,6.470135478,661.9426787,Loam,166,cotton
31.0,70.0,77.0,20.88818675,14.32313811,6.492546046,904.6228334,Sandy Loam,100,chickpea
79.0,27.0,88.0,29.1,55.0,5.45,1165.0,Loam,160,Tomato
34.0,47.0,44.0,18.2,76.0,7.22,656.0,Clay,122,Wheat
104.0,73.0,46.0,29.1400919,80.1190228,6.28236237,904.5142867,Red Volcanic,292,banana
35.0,64.0,78.0,17.92845928,14.27327988,7.496645259,853.7378769,Clay Loam,98,chickpea
101.0,11.0,51.0,25.50736962,84.24340241,6.792035575,442.068997,Sandy Loam,88,watermelon
56.0,30.0,46.0,21.2,77.0,6.65,1318.0,Sandy Loam,166,Cassava
17.0,73.0,18.0,19.50112224,34.51086611,5.632353113,1973.752649,Red Volcanic,159,pigeonpeas
21.0,36.0,37.0,32.8,72.0,5.69,1485.0,Silty Loam,199,Cassava
105.21962651114012,56.56743310854706,83.5572311512402,17.530460461591908,82.90110583399775,5.889936692156857,1192.3631109905102,Loam,130,potato
30.161241696305222,29.78846653637612,66.03526072779096,21.26149454831392,61.119094841291506,6.071591667625128,1304.0677141976103,Sandy Loam,133,sweet potato
87.0,24.0,66.0,17.0,55.0,5.96,627.0,Clay,206,Wheat
195.8,58.2,230.6,22.1,67.2,5.1,1005.0,Sandy Loam,120,pineapple
0.0,133.0,200.0,23.67287749,90.4935574,5.708418722,1042.298028,Sandy Loam,184,apple
9.0,80.0,19.0,21.80619564,18.57086554,5.945465949,1250.972687,Silty Loam,80,kidneybeans
94.0,53.0,40.0,20.27774362,82.89408619,5.718627178,2419.741949,Silty Clay,168,rice
67.0,38.0,53.0,15.3,68.0,6.44,530.0,Loam,190,Wheat
83.0,7.0,45.0,29.08417927,90.73891887,6.704104127,253.3014238,Sandy Loam,89,muskmelon
133.0,47.0,23.0,24.88738107,75.62137159,6.827354668,897.6050416,Loam,172,cotton
101.0,45.0,35.0,12.4,42.0,7.0,597.0,Silty Loam,101,Wheat
85.0,49.3,66.7,21.6,63.7,5.8,870.0,Silty Loam,120,passionfruit
101.4,62.7,101.2,15.8,66.7,6.3,410.0,Clay Loam,120,cabbage
74.0,24.0,25.0,26.3,48.0,7.14,645.0,Sandy Loam,182,Maize
92.0,85.0,51.0,29.22118628,81.08183635,5.740764682,1088.616474,Clay Loam,297,banana
40.51004518742987,57.745068829626156,74.717212527387,22.96097480603524,69.77894484800696,5.711940367041418,1333.3457387400772,Sandy Loam,119,sweet potato
138.2,84.5,142.9,18.1,72.0,6.9,560.0,Clay Loam,120,cabbage
26.0,54.0,17.0,28.5474135,88.9570454,6.27258822,494.897245,Silty Loam,69,mungbean
48.73276547912323,40.59332887925024,41.755871989519456,28.346576188638867,82.80408267041017,6.758923095295944,658.8144883008719,Sand,1021,cashew
23.0,35.0,18.0,26.4908332,47.36534833,5.414492777,369.9362831,Loam,78,mothbeans
27.0,76.0,83.0,19.12829388,14.92241479,6.289614016,896.1857826,Clay Loam,99,chickpea
39.0,25.0,36.0,18.90223032,94.99897537,5.567805185,1076.103211,Loam,215,pomegranate
63.0,37.0,16.0,34.8,62.0,6.49,540.0,Loam,178,Sorghum
10.0,44.0,24.0,30.99256944,43.02151392,8.0344125,582.7600682,Sandy Loam,80,mothbeans
95.0,75.0,50.0,28.08166093,75.26429821,5.623615687,1182.761894,Clay Loam,299,banana
97.0,61.0,59.0,21.2,52.0,6.24,311.0,Silty Loam,199,Wheat
118.0,18.0,52.0,28.04943594,90.83130708,6.562832807,207.6223014,Sandy Loam,89,muskmelon
34.0,16.0,25.0,30.07202564,50.96040505,6.10729559,920.9609766,Red Volcanic,180,mango
49.129127859690115,48.05523398154918,58.03573312515226,24.832794813639893,66.7650397703274,7.280315886639377,839.0658394812913,Sandy Loam,852,cashew
81.0,30.0,48.0,28.52379742,92.09688432,6.041027474,298.6681385,Sandy Loam,89,muskmelon
57.0,57.0,51.0,39.01793345,91.48815629,6.99223441,1058.841531,Loam,210,papaya
42.0,37.0,18.0,35.2,53.0,6.59,103.0,Sandy Loam,159,Sorghum
9.0,143.0,197.0,23.75033085,92.88160462,5.570020684,1176.602827,Silty Loam,189,apple
95.0,52.0,36.0,26.22916897,83.83625819,5.543360238,2865.083725,Silty Clay,177,rice
105.0,55.0,165.0,22.2,64.0,6.2,660.0,Clay Loam,120,tomato
79.02156967258742,61.44963228058182,60.97415085535714,23.966059343638328,65.8858099161793,6.894487551848996,1090.5527753236897,Loam,64,kale
29.0,42.0,21.0,27.0,75.0,5.89,656.0,Loam,200,Beans
38.800748184297845,28.62138192170787,63.42904918318437,30.188775914213352,77.72448861112271,6.557651672274527,974.4785289783483,Sandy Loam,897,cashew
152.5,75.0,230.0,25.8,78.2,6.9,910.0,Red Volcanic,120,tomato
102.391897339765,44.3012510603563,44.121150139337,24.12675908180918,68.93149554331893,6.694460561013296,791.1579292098215,Sandy Loam,72,kale
75.05553265430848,53.906350590574846,63.04422756200523,19.567796244099974,71.82022368162954,6.739607417804854,1036.612908949261,Clay,715,avocado
86.76084792583447,45.32502609784302,68.121326399959,24.173900869303417,79.52140865025945,7.021610207114277,939.5437513982099,Clay,84,kale
21.0,46.5,50.0,19.2,71.0,6.4,445.0,Loam,66,beans
87.0,48.0,25.0,18.65396672,61.37879671,6.656730008,936.2039175,Loam,113,maize
59.0,55.0,19.0,31.74379487,62.51007687,7.332375138,689.7097538,Sandy Loam,80,blackgram
20.0,7.0,9.0,29.47741671,91.57802915,7.129136941,1111.727497,Loam,217,orange
38.0,77.0,62.0,22.1,61.5,6.5,496.0,Silty Loam,67,beans
16.0,14.0,30.0,29.70931288,96.30484325,6.37466756,2098.453993,Sandy Loam,365,coconut
44.0,58.0,18.0,28.03644051,65.06601664,6.814410928,724.9507741,Loam,79,blackgram
1.0,12.0,30.0,27.754298,95.94643831,5.56222383,1310.900076,Sandy Loam,365,coconut
13.0,5.0,8.0,23.85340379,90.10522549,7.474710503,1039.23226,Red Volcanic,214,orange
115.0,17.0,55.0,27.57826922,94.11878202,6.776533055,280.8253201,Loam,89,muskmelon
9.0,29.0,34.0,29.38471637,45.88744691,5.72742254,1008.124659,Sandy Loam,183,mango
105.0,60.0,82.0,25.1,73.0,6.4,1330.0,Red Volcanic,120,passionfruit
114.0,21.0,55.0,25.4438391,87.9392312,6.472756256,575.1549686,Loam,88,watermelon
106.0,56.0,74.0,20.8,74.0,6.0,980.0,Sandy Loam,120,passionfruit
112.4,66.8,118.9,16.5,72.1,6.5,430.0,Silty Loam,120,cabbage
37.0,78.0,79.0,19.95264829,14.82633099,7.786366322,886.810311,Clay Loam,99,chickpea
104.64810984701393,31.12262310640766,43.99814364384622,24.280391489600973,65.62557041252342,7.191834729781217,889.7140969628866,Sandy Loam,74,kale
128.9,77.4,138.0,18.3,66.7,6.5,495.0,Loam,120,cabbage
32.4917808302865,36.510012868892,61.397696367233905,21.90094499771286,77.77145350079567,6.399962035897693,1089.53214689011,Clay,145,sweet potato
94.0,89.0,48.0,28.55980972,84.51602322,5.653437902,1110.843029,Loam,297,banana
12.0,80.0,19.0,21.91041045,65.21662467,5.962001484,361.0211371,Loam,100,lentil
98.0,58.0,80.0,25.4,69.1,6.1,1250.0,Silty Loam,120,passionfruit
14.0,58.0,17.0,30.53684308,59.96664731,4.605700542,334.8919022,Loam,80,mothbeans
0.0,65.0,15.0,23.46168338,23.22197648,5.645435626,958.4253438,Loam,81,kidneybeans
37.27104577310747,51.92702139161007,83.71807894387013,25.181912144383627,68.41493982809475,5.597180659541195,1040.0414641959921,Clay,140,sweet potato
1.0,35.0,34.0,30.79375683,46.69536813,6.27339822,922.1318555,Red Volcanic,180,mango
110.0,7.0,45.0,26.63838589,84.69546874,6.189213927,483.2428609,Loam,88,watermelon
380.2,95.1,410.5,30.2,83.0,5.6,980.0,Red Volcanic,120,pineapple
8.0,120.0,196.0,24.06679352,82.66396666,6.053662544,698.1855775,Red Volcanic,162,grapes
32.62386512092868,54.06067150198115,98.14855204514876,24.170283795943536,66.17587486344635,5.915791543389779,998.1810005920826,Loam,96,sweet potato
85.0,33.0,25.0,26.20811417,52.50987966,6.910823945,1890.944824,Clay Loam,243,coffee
86.0,55.0,21.0,21.54156232,59.64024162,6.803931519,1097.515385,Silty Loam,117,maize
86.7,54.2,72.8,12.5,69.1,6.2,440.0,Silty Loam,120,onions
68.0,72.0,40.0,20.6,86.0,6.11,2987.0,Loam,151,Tea
56.0,16.0,49.0,26.1,66.0,5.58,608.0,Silty Clay,194,Maize
85.0,53.0,38.0,24.90075709,73.84186449,6.588017308,1538.990984,Silty Clay,158,jute
57.0,67.0,25.0,32.34744009,66.61452812,7.551364319,645.5882254,Clay Loam,80,blackgram
109.0,23.0,42.0,29.1,73.0,6.09,490.0,Loam,176,Maize
30.0,2.0,29.0,29.7,46.0,6.99,502.0,Loam,198,Sorghum
72.0,74.0,86.0,27.8,62.0,7.01,508.0,Clay,190,Tomato
32.5,63.7,60.4,21.0,69.5,6.7,480.0,Clay Loam,67,beans
83.0,57.0,19.0,25.73044432,70.74739256,6.877869005,987.3771338,Loam,114,maize
57.0,57.0,75.0,17.09104223,18.25142068,7.785039076,872.7444866,Sandy Loam,98,chickpea
88.0,5.0,47.0,25.86475496,86.67468041,6.662244646,411.6554802,Sandy Loam,88,watermelon
78.0,73.0,57.0,18.3,85.0,6.37,2495.0,Clay,184,Tea
49.0,21.0,29.0,28.7,57.0,6.27,719.0,Clay,162,Maize
107.0,34.0,32.0,26.77463708,66.4132686,6.78006386,1777.745075,Clay Loam,239,coffee
74.0,29.0,76.0,18.3,36.0,6.4,410.0,Loam,230,Wheat
112.2,75.8,98.3,21.5,60.9,6.5,550.0,Loam,120,onions
32.1,52.4,63.7,23.0,69.2,6.8,510.0,Silty Loam,67,beans
26.0,67.0,24.0,36.97794384,37.73992903,5.642813116,1614.812963,Loam,152,pigeonpeas
22.0,55.0,24.0,28.56800579,57.30636014,8.66077954,645.3027638,Sandy Loam,79,mothbeans
80.0,60.0,62.0,21.8,83.0,4.96,1558.0,Clay,129,Tea
39.0,77.0,21.0,22.99774444,60.24218572,4.603563116,1596.89339,Red Volcanic,151,pigeonpeas
86.7,49.5,78.3,12.7,67.8,6.1,396.0,Silty Loam,120,onions
47.0,11.0,39.0,22.4,70.0,5.81,448.0,Silty Loam,249,Beans
22.0,71.0,17.0,18.15300153,19.38602098,5.509295379,1076.907964,Silty Loam,79,kidneybeans
48.0,57.0,54.0,29.02328049,90.20396783,6.617703178,1268.069869,Loam,216,papaya
310.2,88.5,350.1,29.7,78.2,5.8,1105.0,Sandy Loam,120,pineapple
101.57152338221763,66.09978814040919,123.06230569370426,13.889193818870083,81.58855091461243,5.970614231298264,1469.4136586886398,Loam,129,potato
57.01966344179195,41.95905083605658,62.18880308477419,16.645515415549912,70.21547000664658,6.096937802795096,1553.7748275690121,Loam,1381,macadamia
28.0,7.0,9.0,34.5917846,92.13229786,6.730757538,1155.650287,Sandy Loam,218,orange
125.0,60.0,180.0,22.5,66.1,6.3,720.0,Sandy Loam,120,tomato
11.0,60.0,23.0,27.33684386,88.50229102,7.033012777,510.9802625,Silty Loam,69,mungbean
60.0,61.0,78.0,20.71219282,19.83643308,6.317153205,940.3659867,Loam,100,chickpea
32.0,79.0,15.0,23.90910104,20.74619325,5.706198621,816.0211243,Sandy Loam,81,kidneybeans
25.0,17.0,40.0,18.91251245,87.74938524,6.608023872,1112.800516,Sandy Loam,217,pomegranate
41.0,20.0,63.0,9.6,53.0,6.23,559.0,Clay,123,Wheat
66.77286106247811,49.6152317947768,66.02948715937997,24.936020959726882,71.90858985849505,5.376434214049941,1964.9422961425867,Loam,1265,macadamia
94.0,26.0,27.0,26.36629861,52.25738495,7.456460375,1773.176161,Red Volcanic,239,coffee
93.0,91.0,47.0,27.84767901,83.31110751,6.101241579,1172.878912,Red Volcanic,299,banana
37.0,17.0,59.0,24.9,27.0,6.55,218.0,Loam,184,Sorghum
120.0,75.0,95.0,13.8,61.0,6.2,435.0,Loam,120,onions
56.0,16.0,82.0,19.6,67.0,5.91,643.0,Clay,202,Wheat
25.0,31.0,61.0,26.5,64.0,5.51,945.0,Loam,151,Cassava
120.0,8.0,23.0,26.6,57.0,7.47,581.0,Silty Loam,186,Maize
73.49060919136242,59.342081898484516,45.80793181835378,24.939285520690007,75.7375049823455,6.105482058045089,1579.8645814995489,Loam,559,avocado
97.0,68.0,78.0,24.5,66.0,6.1,780.0,Silty Loam,120,passionfruit
30.0,28.0,30.0,31.86641378,52.19331595,5.064613314,984.6768642,Sandy Loam,182,mango
76.0,30.0,58.0,29.4,67.0,6.63,395.0,Loam,239,Maize
65.0,62.0,51.0,31.53243779,90.87394933,6.511624841,2070.735119,Loam,239,papaya
111.0,15.0,54.0,27.7058373,92.91185695,6.194090172,220.6207161,Loam,89,muskmelon
300.5,68.2,320.1,28.4,78.9,5.4,1250.0,Loam,120,pineapple
22.0,51.0,16.0,27.96583691,61.34900107,8.639586199,701.0472076,Loam,79,mothbeans
55.0,60.0,15.0,32.79766751,68.77994074,7.163043872,641.1411069,Loam,80,blackgram
4.0,20.0,41.0,24.26601316,93.7974061,6.537042717,1045.375109,Sandy Loam,214,pomegranate
82.0,40.0,40.0,23.83067496,84.81360127,6.271478838,2985.601175,Clay Loam,179,rice
65.91109651828137,46.73335348786399,40.389989199682994,23.93085050046479,72.459686920148,6.411203067869201,1026.6843440304376,Loam,87,kale
32.0,48.0,18.0,26.45707778,56.40226277,5.993513566,641.6167699,Loam,78,mothbeans
31.0,62.0,52.0,33.7960155,93.00754254,6.99104104,1820.26807,Sandy Loam,232,papaya
260.2,72.0,300.1,27.6,75.3,5.5,1125.0,Red Volcanic,120,pineapple
88.41212237080747,35.26954379878369,44.88430295311311,21.700250627123726,73.84696318753461,6.172883130008897,1064.8329796920764,Loam,67,kale
115.0,29.0,65.0,27.4,72.0,7.06,653.0,Silty Loam,127,Tomato
55.0,77.0,22.0,31.4345059,62.99303471,7.76061831,647.7651469,Sandy Loam,80,blackgram
16.0,10.0,41.0,24.77464458,85.63608688,6.738993954,1057.595811,Red Volcanic,215,pomegranate
68.17404291919746,64.87965097893716,59.80334430054819,20.61524830409247,87.98296172589394,5.61676492395725,1253.2476731733784,Loam,1118,macadamia
28.0,136.0,200.0,23.06204373,92.39544055,6.245858905,1147.399101,Sandy Loam,188,apple
18.0,30.0,29.0,26.7627493,92.86056895,6.420018717,2245.903664,Coastal Sandy,365,coconut
32.9,62.1,70.4,19.6,72.3,6.5,410.0,Sandy Loam,66,beans
28.0,54.5,72.0,19.8,65.2,6.9,512.0,Sandy Loam,66,beans
54.0,41.0,54.0,22.7,43.0,6.97,292.0,Loam,242,Wheat
73.7931228914322,46.27110997797659,78.76612970016791,14.952117986933665,87.94412529842191,6.058429340794927,1251.6866911324944,Clay,137,potato
105.0,18.0,35.0,23.52648086,68.44030686,6.743417121,1718.839938,Loam,237,coffee
9.0,69.0,20.0,19.30607278,23.96362799,5.591560999,1293.449326,Loam,79,kidneybeans
37.27214067875204,37.967576724727834,45.50412714128926,27.49743879733316,69.8980480238917,7.324954017556555,402.6752810089424,Loam,97,millet
34.0,23.0,125.0,26.0,76.0,6.09,631.0,Sandy Loam,206,Cassava
150.0,89.0,150.0,20.0,78.0,7.1,600.0,Silty Loam,120,cabbage
31.0,51.0,25.0,27.53592929,85.5701901,7.196774236,530.1899249,Sandy Loam,69,mungbean
35.0,52.0,15.0,28.69841277,61.14754363,9.93509073,656.7591794,Loam,79,mothbeans
81.0,15.0,27.0,12.2,42.0,7.05,567.0,Loam,150,Wheat
33.0,12.0,8.0,25.26052689,90.31153735,6.822282114,1173.695296,Loam,219,orange
31.2,65.4,58.1,21.5,68.0,6.8,520.0,Loam,67,beans
35.0,135.0,199.0,21.77466746,80.54942557,6.400719746,693.9630398,Red Volcanic,160,grapes
12.0,71.0,19.0,24.91079638,60.71367427,7.142611056,421.9740397,Sandy Loam,102,lentil
66.0,60.0,38.0,22.08576562,83.47038318,6.372576327,2317.364957,Silty Clay,166,rice
26.0,58.0,68.0,20.0,72.0,6.7,445.0,Loam,66,beans
18.0,79.0,20.0,20.27514686,23.2353604,5.877347515,1397.521543,Sandy Loam,80,kidneybeans
14.0,75.0,24.0,24.54757829,57.3414485,6.436160044,1183.606557,Sandy Loam,143,pigeonpeas
34.0,31.0,91.0,28.4,62.0,5.12,1487.0,Sandy Loam,217,Cassava
205.3,58.7,310.9,23.8,72.4,5.1,1450.0,Loam,120,pineapple
106.7,60.8,102.4,15.6,66.9,6.4,410.0,Clay Loam,120,cabbage
11.0,36.0,33.0,35.99009679,52.22780489,5.978634285,953.713484,Loam,181,mango
68.9519996597814,39.23621217127458,61.928056692799515,19.672041306467626,77.81918072756608,5.47835953723959,1674.6458927807435,Clay,1321,macadamia
24.74878031119525,39.11920023722968,43.45472673918461,30.5041352984733,42.17619481474143,5.753563373319412,387.63163353555535,Loam,80,millet
20.0,142.0,196.0,10.89875873,80.01639435,6.207600783,686.9420397,Red Volcanic,155,grapes
110.0,50.0,90.0,23.1,78.0,6.8,1040.0,Silty Loam,120,passionfruit
7.0,20.0,53.0,30.5,76.0,5.97,901.0,Loam,137,Cassava
149.2,89.7,146.5,18.5,77.0,7.1,600.0,Silty Loam,120,cabbage
69.0,7.0,43.0,17.9,45.0,7.89,376.0,Silty Loam,127,Wheat
8.0,16.0,6.0,12.22816189,90.26457428,7.106650373,1084.161706,Sandy Loam,216,orange
72.32387142557481,41.35585974869392,114.0328197365298,15.081330184791884,78.34414581880439,5.764106808388901,1074.1942993963985,Clay,119,potato
102.0,53.0,21.0,23.03814028,76.11021529,6.913678684,914.9697481,Clay Loam,172,cotton
111.0,63.0,60.0,26.9,60.0,6.75,734.0,Loam,126,Maize
51.0,42.0,29.0,21.5,60.0,6.28,401.0,Loam,166,Wheat
119.0,53.0,67.0,29.6,63.0,6.98,336.0,Loam,191,Maize
41.07178365457849,31.083955052693245,32.07682573126251,32.82575517079172,61.40805995400341,7.095262902202766,548.7336096913766,Sandy Loam,111,millet
54.0,38.0,33.0,35.6,40.0,7.65,525.0,Sandy Loam,197,Sorghum
77.47907548479975,42.37058987079199,56.85819404372815,24.234149242647263,76.79471767205943,5.8312092296095335,1234.287143356773,Loam,444,avocado
102.0,71.0,48.0,28.65456263,79.28693687,5.695267822,1024.633775,Red Volcanic,295,banana
82.69727022902643,40.10687413509187,71.92649072412748,24.399548740351726,83.20315410214513,5.2408851064448605,1256.6774213133613,Sandy Loam,1586,macadamia
75.0,53.0,18.0,20.68899915,59.4375337,6.864793607,1036.51438,Loam,115,maize
107.0,72.0,45.0,28.14938935,81.54448882,5.790768046,914.0508414,Red Volcanic,292,banana
33.0,14.0,8.0,21.03200078,92.9641969,7.684420446,1106.823944,Red Volcanic,216,orange
49.81051294504185,45.916926275672665,37.54577321251861,30.998735313394135,70.42832081033586,5.503820720273288,1045.5483722445547,Loam,776,cashew
19.0,16.0,33.0,23.8,72.0,6.87,159.0,Loam,201,Beans
319.3,80.9,323.8,29.4,75.7,5.3,1360.0,Sandy Loam,120,pineapple
117.0,51.0,15.0,22.9535715,78.71555832,6.044556594,997.5336197,Clay Loam,174,cotton
27.0,23.0,53.0,23.6,37.0,6.36,534.0,Silty Loam,148,Sorghum
102.0,25.0,50.0,28.20480805,92.91440379,6.099662369,203.6001144,Sandy Loam,89,muskmelon
57.0,73.0,85.0,18.49311205,14.72115044,7.358099622,919.4595352,Clay Loam,99,chickpea
44.0,75.0,22.0,30.0328403,64.14800537,7.574561547,712.1006868,Clay Loam,80,blackgram
75.0,33.0,63.0,23.2,62.0,6.77,387.0,Sandy Loam,172,Wheat
37.0,38.0,44.0,25.2,85.0,6.42,516.0,Loam,182,Cassava
92.0,45.0,75.0,28.8,58.0,6.93,1111.0,Loam,272,Tomato
51.0,18.0,21.0,25.0,28.0,6.86,373.0,Loam,174,Sorghum
107.0,43.0,15.0,23.9,60.0,6.5,479.0,Clay,133,Tomato
102.0,50.0,61.0,12.0,38.0,7.49,494.0,Silty Clay,281,Wheat
105.0,74.0,45.0,25.14517635,81.38204104,6.098369122,1192.18154,Red Volcanic,299,banana
128.0,20.0,53.0,19.9,90.0,6.34,595.0,Loam,211,Maize
118.9,65.0,110.8,15.5,61.8,6.2,415.0,Loam,120,cabbage
39.0,7.0,66.0,16.4,46.0,6.82,810.0,Clay,163,Wheat
42.34292373626364,20.14449593625257,38.78400649911986,26.484299422917697,84.50936006589066,6.179427936359069,965.9623300948165,Sandy Loam,754,cashew
29.0,22.0,40.0,23.62600218,89.73266695,6.145104401,1076.836871,Loam,215,pomegranate
64.00972481221591,38.4135794603817,63.08693146528119,20.994987385856415,66.68438560839546,6.725225535592372,693.7182754470493,Sandy Loam,71,kale
36.0,56.0,83.0,18.89780215,19.76182946,7.4526709,690.9512477,Loam,99,chickpea
108.34950279055364,39.552335678869326,55.46963817928902,16.414016436887227,60.26581438584248,6.499349669525504,623.1795377913452,Clay,76,kale
37.0,71.0,16.0,26.28663931,68.51966729,7.324863481,461.3833007,Loam,103,lentil
118.0,12.0,42.0,10.3,63.0,7.88,657.0,Loam,141,Wheat
19.0,33.0,50.0,19.6,74.0,5.74,900.0,Sandy Loam,181,Cassava
87.0,6.0,45.0,29.82729394,90.79007335,6.40077205,228.4203589,Sandy Loam,89,muskmelon
40.0,7.0,54.0,26.6,56.0,7.32,450.0,Silty Loam,174,Sorghum
105.0,58.1,88.9,23.7,68.2,6.1,990.0,Sandy Loam,120,passionfruit
110.0,55.0,57.0,18.1,76.0,6.08,716.0,Silty Clay,186,Tomato
94.0,35.0,62.0,22.6,79.0,5.61,318.0,Silty Clay,174,Maize
132.0,41.0,22.0,24.29144926,81.02453404,7.810865753,904.1694635,Clay Loam,172,cotton
63.0,43.0,19.0,18.51816776,55.53128131,6.641906353,909.88051,Loam,112,maize
36.0,67.0,25.0,35.95176642,36.52780776,6.418062652,1360.456753,Sandy Loam,147,pigeonpeas
24.90832697346658,24.883270711936625,23.77747538338046,23.48747864998194,45.39360602520708,7.473578595702012,371.0859945265912,Sand,114,millet
57.0,53.0,40.0,24.6,65.0,6.63,531.0,Loam,153,Maize
120.3,78.0,95.0,28.1,77.2,6.8,1550.0,Red Volcanic,120,passionfruit
54.0,67.0,52.0,35.67667332,93.30641944,6.586107335,1413.381168,Red Volcanic,220,papaya
35.0,0.0,59.0,15.4,53.0,7.69,761.0,Silty Loam,174,Wheat
82.0,40.0,45.0,26.21312799,81.70476368,6.667633355,1801.237765,Alluvial,165,jute
46.6951736091031,56.93142647422919,58.406987587710546,22.33773291894645,73.20800113758101,6.072494771652455,1040.7719002748506,Sandy Loam,520,avocado
2.0,123.0,205.0,22.36629253,90.78572467,5.739652177,1249.831618,Silty Loam,191,apple
25.0,6.0,18.0,32.2,48.0,5.66,305.0,Silty Loam,150,Sorghum
45.0,28.0,33.0,22.8,66.0,6.12,415.0,Sandy Loam,116,Beans
29.0,60.8,60.9,20.6,67.4,6.7,490.0,Loam,66,beans
30.0,18.0,17.0,25.5,49.0,6.15,169.0,Loam,222,Sorghum
72.0,51.0,40.0,23.20683504,74.09956958,7.422318499,1994.766779,Clay Loam,169,jute
116.0,56.0,17.0,24.71252544,77.7293114,7.979090365,852.4963302,Clay Loam,171,cotton
71.0,60.0,22.0,26.07470121,59.37147589,6.2048017,857.5692395,Silty Loam,111,maize
7.0,21.0,35.0,25.76011662,94.65830608,5.764812076,1312.451414,Sandy Loam,365,coconut
112.0,66.0,110.0,16.4,72.1,6.5,420.0,Silty Loam,120,cabbage
99.0,50.0,15.0,18.14710054,71.09445342,5.573286437,880.7753741,Silty Loam,112,maize
32.0,129.0,201.0,16.36251869,83.00471609,6.48754639,715.5665483,Sandy Loam,158,grapes
36.0,29.0,13.0,20.68185224,90.91510525,7.829507245,1097.513927,Red Volcanic,216,orange
210.4,66.2,245.9,24.6,70.9,5.2,1340.0,Red Volcanic,120,pineapple
88.2,73.5,95.0,28.1,64.7,6.6,1650.0,Red Volcanic,120,passionfruit
60.0,57.0,24.0,18.66116213,61.55327249,6.121294041,750.3247667,Sandy Loam,108,maize
44.85617450717248,41.772613969428264,54.72969817153658,30.109298939667234,72.697793064714,5.646641907648503,980.5123284809127,Sandy Loam,1094,cashew
75.0,74.0,52.0,17.6,93.0,6.52,3048.0,Silty Loam,159,Tea
29.0,78.0,25.0,19.95991719,59.33157782,5.982854523,1957.87103,Sandy Loam,159,pigeonpeas
125.0,68.0,91.0,28.0,56.0,6.97,806.0,Sandy Loam,281,Tomato
89.0,52.0,45.0,24.89326318,77.01222585,7.207457208,1964.69984,Alluvial,169,jute
53.0,52.0,43.0,19.1,64.0,6.24,723.0,Clay,148,Maize
87.0,14.0,48.0,29.69238699,92.58862544,6.606033244,291.102594,Loam,89,muskmelon
136.6,70.5,195.3,23.0,71.2,6.4,750.0,Loam,120,tomato
60.58674255025121,32.48453746702345,66.92679975873159,20.75157903186057,61.157013159355195,6.122407178944913,953.9334417836706,Clay,100,sweet potato
0.0,23.0,15.0,22.56664172,93.37488907,7.598729065,1098.585753,Loam,216,orange
168.3,99.5,247.0,27.0,74.7,6.9,990.0,Red Volcanic,120,tomato
45.0,10.0,46.0,33.8,53.0,7.32,138.0,Silty Loam,131,Sorghum
36.0,9.0,54.0,23.4,65.0,6.98,524.0,Loam,136,Wheat
22.0,49.0,22.0,28.23494706,61.5620517,3.71105919,726.6666443,Loam,79,mothbeans
89.7112721272728,56.37427873614517,73.24902661593514,16.82507431746455,89.56985504622466,5.881522794596407,1496.1245118629286,Loam,97,potato
118.0,45.0,23.0,23.37044424,77.43198948,7.977651226,716.7870701,Loam,167,cotton
117.0,39.0,68.0,21.3,61.0,5.52,522.0,Loam,201,Maize
122.0,68.0,64.0,18.4,54.0,6.59,623.0,Clay,171,Tomato
119.0,56.0,11.0,21.0,75.0,6.59,919.0,Silty Clay,165,Maize
37.0,19.0,65.0,18.3,55.0,6.58,579.0,Clay,97,Wheat
44.2315005160666,33.42205638956766,50.14236677629631,25.643430856905656,66.68639410691284,6.555324617984863,1077.1235537407788,Sandy Loam,1093,cashew
29.028322607948486,26.238646649507388,29.86162548208428,26.35558740443736,60.74746276320491,5.576562346772958,302.14917083768995,Sand,102,millet
40.09910387164858,43.302978464837764,68.40856647354593,27.640146335115563,61.695700483513164,6.857916657797797,892.1896595215142,Loam,1010,cashew
31.0,60.0,24.0,25.40474421,65.8567539,7.722335992,519.2057267,Sandy Loam,102,lentil
132.0,46.0,40.0,16.0,75.0,6.4,1551.0,Silty Clay,163,Tea
63.0,64.0,81.0,26.4,84.0,6.83,1050.0,Sandy Loam,210,Tomato
63.0,44.0,41.0,24.17298839,83.7287574,5.583370042,2570.343554,Clay,171,rice
95.4436906954985,34.46410310323389,47.190516363495504,18.485227065342716,83.25419956778869,6.816980318664461,708.1986025077754,Loam,62,kale
88.0,48.0,99.5,21.0,67.5,6.4,730.0,Silty Loam,120,ribena
141.0,33.0,51.0,19.9,89.0,7.25,1123.0,Sandy Loam,199,Tomato
35.0,51.0,17.0,28.79929247,49.84213387,3.558822825,408.5534718,Sandy Loam,79,mothbeans
79.60771782757269,42.49343227060424,77.0953427774715,17.542260114781374,81.12746463038506,5.374710539924703,934.9566361952088,Sandy Loam,114,potato
102.47939613309119,65.94477283827712,89.52340086641321,12.723713755362196,81.77883526051255,5.032838828155873,1397.265566984594,Loam,111,potato
62.0,52.0,16.0,22.27526694,58.84015925,6.967057762,638.7020584,Loam,105,maize
9.0,139.0,199.0,23.25230817,94.54128292,5.867420996,1053.558408,Sandy Loam,185,apple
60.0,68.0,83.0,19.12065218,18.43475844,6.620900869,855.2950164,Loam,99,chickpea
20.273597777115242,35.325051412937086,47.52835170522369,26.535024514823437,49.55807102008481,6.574251496330889,347.31276019436626,Loam,98,millet
80.0,45.0,42.0,23.1426498,74.99739774,7.380396262,1519.035477,Silty Clay,157,jute
100.0,6.0,53.0,29.05248036,93.92217834,6.105909623,236.6620626,Loam,89,muskmelon
25.0,57.0,24.0,27.65472156,58.59986279,6.974978386,369.4255012,Sandy Loam,79,mothbeans
26.0,67.0,16.0,29.10713092,67.90577375,7.17620823,678.3345933,Clay Loam,79,blackgram
71.50951293164906,72.05328601294369,80.07528741330157,14.78072673865167,79.85458837272256,5.330190434194733,1004.260545294892,Loam,132,potato
22.0,48.5,63.0,19.8,66.2,6.5,420.0,Sandy Loam,66,beans
38.0,62.0,25.0,32.7477393,67.77954584,7.453975408,633.7784443,Sandy Loam,80,blackgram
86.0,39.0,14.0,24.0,75.0,7.06,811.0,Silty Loam,161,Beans
83.0,52.0,46.0,21.2,81.0,7.46,234.0,Loam,167,Beans
27.0,64.0,15.0,20.16080524,24.84207559,5.514927264,1382.362122,Sandy Loam,80,kidneybeans
87.0,42.0,63.0,14.9,36.0,7.74,496.0,Loam,144,Wheat
11.0,44.0,17.0,26.34043268,55.59160391,8.016210782,351.051197,Loam,78,mothbeans
102.3,58.9,103.5,15.2,62.3,6.3,510.0,Sandy Loam,120,onions
132.5,72.3,128.9,17.4,72.1,6.8,512.0,Loam,120,cabbage
96.0,41.0,40.0,23.58419277,72.00460848,6.090060478,1904.242157,Alluvial,167,jute
6.0,13.0,29.0,27.31155708,99.96906006,5.832608028,2018.258633,Coastal Sandy,365,coconut
81.0,34.0,30.0,25.17787724,62.26244581,6.647765997,1350.119649,Loam,225,coffee
32.4,68.2,60.7,20.5,70.8,6.6,488.0,Loam,66,beans
120.0,19.0,49.0,25.79448878,84.26830701,6.762471629,564.5229202,Sandy Loam,88,watermelon
5.0,136.0,195.0,22.35628673,91.92360477,6.264202804,1077.697413,Sandy Loam,185,apple
102.0,49.0,21.0,24.69315538,84.84422454,6.253343655,897.99462,Clay Loam,172,cotton
107.0,80.0,58.0,20.8,90.0,5.42,2911.0,Loam,135,Tea
56.776389829054224,50.54814926064577,63.84569590986907,16.053551135311512,76.48427765949717,5.541767680127554,1700.878231548487,Loam,1340,macadamia
64.0,30.0,86.0,30.5,85.0,6.83,792.0,Sandy Loam,237,Tomato
88.0,18.0,48.0,21.8,77.0,6.59,1966.0,Clay,218,Tea
66.29166769548374,43.745141600964985,53.13896957677508,22.08483740282813,66.44199513294433,5.730171534218623,1114.0425798050253,Clay,400,avocado
57.92202394693183,23.327730990187856,31.061894167043903,29.08012442403084,46.787037511006,6.297862330974844,355.5551376520913,Sandy Loam,104,millet
88.70411910733579,51.13954370006313,52.25685058857472,18.117377018700136,68.59986187479593,6.406535689550032,804.128656156977,Loam,65,kale
22.3,66.1,54.7,19.9,65.2,6.5,460.0,Sandy Loam,66,beans
107.8,66.1,84.5,21.2,69.0,6.6,455.0,Loam,120,onions
18.9,49.0,55.0,17.6,65.1,6.4,423.0,Sandy Loam,65,beans
27.6,60.5,56.1,21.8,67.3,6.5,470.0,Loam,67,beans
62.0,38.0,52.0,17.0,95.0,6.75,601.0,Silty Clay,179,Beans
38.0,60.0,76.0,18.65054116,17.80852431,8.868741443,779.2798682,Sandy Loam,99,chickpea
62.308272843809114,57.150197546329714,62.93448511697249,24.734331260302845,81.91105455940352,7.489472753251446,788.6012842437162,Sandy Loam,74,kale
62.0,42.0,36.0,22.78133816,82.06719137,6.430010215,2487.183228,Clay Loam,169,rice
59.65630142054332,34.20367690848293,75.55708408840465,17.612567686067035,70.7027569889132,6.124265836375346,1330.5175744301205,Clay,553,avocado
49.0,55.0,51.0,24.87212063,93.90560147,6.676578778,1351.694525,Loam,218,papaya
4.0,20.0,25.0,28.93270187,47.94053996,5.664587011,999.834242,Red Volcanic,183,mango
26.0,50.0,19.0,27.3179125,51.66921088,6.005242945,325.5919573,Sandy Loam,79,mothbeans
101.7,62.5,105.0,15.8,69.7,6.6,390.0,Loam,120,cabbage
87.0,31.0,24.0,12.0,73.0,7.32,537.0,Loam,215,Wheat
8.0,127.0,196.0,27.02766138,83.17093908,5.833302165,709.5666003,Red Volcanic,163,grapes
93.0,48.0,39.0,17.7,69.0,7.58,233.0,Clay,232,Maize
101.01858448850794,51.54965521585873,47.38147931632363,22.69479201585258,82.67052213029464,6.952824162196038,1175.0189861685135,Clay,87,kale
51.56201260220159,23.665886390883628,43.33800121450767,30.249789773953527,83.9509809150337,7.026329077564352,975.7022113721043,Sand,1062,cashew
19.5,52.0,41.0,19.0,60.3,6.2,402.0,Sandy Loam,66,beans
101.0,60.5,122.0,21.2,69.7,6.3,860.0,Silty Loam,120,ribena
28.0,65.0,23.0,28.38686534,61.88871127,7.405176138,742.4459122,Clay Loam,79,blackgram
125.4,72.8,128.6,17.2,68.5,6.8,520.0,Loam,120,cabbage
107.60575627276178,54.22684896751089,109.35579826665936,13.230012966040906,77.77717326670442,5.7743144748238535,1023.6723643628694,Loam,139,potato
49.0,40.0,1.0,27.5,33.0,7.18,237.0,Loam,201,Sorghum
27.0,60.0,17.0,26.41768321,63.64698302,7.026795359,644.2177127,Sandy Loam,78,blackgram
79.11024497093612,59.02657642002296,69.91075881722216,16.263248750371535,82.31573087245272,6.6727733354836545,1326.0623794462138,Clay,466,avocado
66.2,37.5,102.1,15.9,66.4,5.8,860.0,Silty Loam,120,ribena
33.0,69.0,61.0,21.0,71.0,6.6,490.0,Loam,67,beans
93.0,49.0,32.0,25.9,57.0,6.02,557.0,Sandy Loam,167,Beans
115.0,8.0,47.0,20.4,55.0,6.06,371.0,Clay,156,Wheat
59.0,47.0,53.0,32.86316618,91.4618874,6.850663232,472.71547,Red Volcanic,193,papaya
31.0,5.0,14.0,17.66545409,91.69865887,6.583411671,1106.857506,Loam,216,orange
135.6,70.5,200.9,24.3,70.2,6.6,780.0,Loam,120,tomato
79.0,34.0,64.0,21.9,52.0,6.71,1283.0,Loam,109,Tomato
9.0,77.0,17.0,20.12373284,24.45202552,5.783425416,1061.58201,Silty Loam,80,kidneybeans
30.755857129772846,26.565479730143345,64.30792881818272,23.305217931741797,65.13654258280569,5.732920034131677,1382.2417400323643,Loam,125,sweet potato
56.0,65.0,45.0,38.2016825,93.97379963,6.751298936,2180.908814,Loam,242,papaya
39.0,29.0,29.0,26.50908611,94.48414544,6.143662699,1998.778403,Red Volcanic,365,coconut
33.0,33.0,33.0,26.1,51.0,5.6,539.0,Loam,135,Beans
101.00714809296053,62.499830183088974,104.85593026985941,12.982988140124785,78.44847085479512,5.19677942365506,1353.0653251393946,Loam,91,potato
34.0,62.0,55.0,27.58548913,90.72526502,6.585346229,2385.008779,Sandy Loam,248,papaya
86.0,79.0,45.0,27.81251452,82.69285419,5.80766417,992.0961514,Red Volcanic,294,banana
49.85132378541799,30.81217987358693,69.50834371626718,20.52834189531017,66.30862915178356,6.867000337861312,1628.8462148747017,Loam,368,avocado
18.0,37.0,30.0,28.2,93.0,6.81,1405.0,Loam,183,Cassava
83.0,28.0,41.0,18.0,74.0,6.55,794.0,Silty Clay,130,Tomato
25.0,52.0,58.0,18.5,69.0,6.1,465.0,Silty Loam,66,beans
155.0,82.0,205.0,24.9,72.0,6.6,890.0,Loam,120,tomato
40.34802973786036,52.830923134345994,84.18458802591755,24.662507826611968,64.18738757325477,5.598452927115494,955.9453456842783,Clay,104,sweet potato
62.0,23.0,63.0,18.7,74.0,7.63,1517.0,Sandy Loam,150,Cassava
27.0,24.0,29.0,26.61423461,96.97300803,6.142010637,1910.06688,Red Volcanic,365,coconut
17.0,64.0,17.0,21.02213209,24.93896255,5.662699104,1246.118471,Silty Loam,80,kidneybeans
24.0,61.0,17.0,22.6371424,65.44544859,6.233269045,383.0411077,Loam,101,lentil
108.7203989408327,53.10057058106692,93.87238110909752,14.130479617690375,79.23330760191405,5.783215920124173,1087.4607454919255,Clay,112,potato
70.97710484074273,48.763509060680235,43.84431806021291,25.091920747583405,72.13849176741348,5.965126622960011,1559.2135329324256,Clay,563,avocado
16.0,51.0,21.0,31.01963639,49.9767522,3.532008668,328.1296548,Sandy Loam,80,mothbeans
40.641528771337455,27.222357798659374,95.79204321056699,27.497357993712043,69.51620462588446,5.856956972949803,1168.7047946330158,Sandy Loam,116,sweet potato
78.0,16.0,18.0,20.2,58.0,6.9,379.0,Sandy Loam,137,Wheat
89.8377762294163,69.36872386604915,83.71234563277801,14.603825782583485,78.34944790770935,6.290703329081063,1426.484257959793,Loam,134,potato
69.0,47.0,40.0,25.37122686,76.2403666,6.130136384,1838.270791,Silty Clay,165,jute
100.0,48.0,17.0,23.7805123,83.03878838,7.827877818,662.6555904,Clay Loam,166,cotton
45.229088601867595,30.692103796950974,53.343091297727156,27.057221196133376,84.36106100908697,5.792059336388374,620.7487601559072,Sandy Loam,766,cashew
27.0,64.0,21.0,32.84213012,68.68401492,7.543804223,736.7166182,Loam,80,blackgram
107.0,36.0,21.0,25.29250148,75.66653335,6.205263534,626.4174227,Black Cotton,165,cotton
39.0,18.0,55.0,33.4,35.0,5.95,612.0,Loam,232,Sorghum
8.0,26.0,26.0,25.54759871,91.64194826,5.702484758,2128.67626,Sandy Loam,365,coconut
80.0,90.0,47.0,26.59743595,79.35898915,6.21084479,1073.944717,Clay Loam,296,banana
74.3895843580919,45.25560135993284,65.23455135522312,18.655156860908328,67.57443951843649,5.702902232260862,1084.0526849494531,Loam,398,avocado
95.0,12.0,51.0,25.76484262,84.1726996,6.681606702,442.2066914,Sandy Loam,88,watermelon
27.0,36.0,27.0,22.2,31.0,5.74,515.0,Loam,185,Sorghum
124.0,61.0,65.0,29.0,90.0,6.18,1072.0,Loam,170,Tomato
85.0,67.0,82.0,23.9,77.0,6.51,2089.0,Loam,122,Tea
109.76252970324525,58.50714988057092,126.31661496740188,15.396857765199739,70.48103021322844,5.907341892355686,1294.2683154304364,Loam,110,potato
61.5,34.7,90.1,17.1,61.9,5.5,610.0,Sandy Loam,120,ribena
97.0,74.0,45.0,26.47522633,78.51833782,5.677719902,1131.161095,Clay Loam,298,banana
160.2,74.1,220.7,27.0,75.4,6.7,940.0,Loam,120,tomato
28.0,45.0,23.0,29.65021184,80.29868321,6.489259136,567.6278363,Sandy Loam,69,mungbean
39.0,27.0,85.0,14.9,46.0,6.92,468.0,Loam,236,Wheat
40.0,59.0,23.0,36.89163721,62.73178224,5.269084669,1637.266551,Red Volcanic,152,pigeonpeas
75.0,41.0,35.0,24.97042599,78.62697699,6.856833064,1666.415254,Silty Clay,161,jute
110.0,60.0,88.0,23.9,79.2,6.2,860.0,Clay Loam,120,passionfruit
56.0,79.0,15.0,29.48439992,63.19915325,7.454532137,718.9090748,Loam,79,blackgram
82.0,46.0,41.0,23.3250131,79.79609448,6.581693772,1873.096148,Clay Loam,166,jute
35.511919819595384,42.196480129012954,64.9741638315511,31.499695135895706,73.83590430878633,6.074478730051391,1139.9466980616949,Loam,1048,cashew
121.0,53.0,19.0,23.51308653,76.72621429,7.976889498,801.1272117,Clay Loam,170,cotton
13.0,3.0,95.0,32.2,70.0,6.18,1071.0,Silty Loam,221,Cassava
5.0,65.0,16.0,21.32776028,18.48522915,5.866744372,1091.013261,Silty Loam,80,kidneybeans
112.0,87.0,48.0,27.19711623,77.3970629,6.200111068,994.6950465,Red Volcanic,294,banana
31.0,36.0,29.0,33.93679864,52.72170281,6.460542749,974.611918,Loam,182,mango
88.0,82.0,68.0,27.2,81.0,6.7,1200.0,Loam,120,passionfruit
30.0,13.0,25.0,27.15116142,91.48889469,6.413184638,1649.182225,Red Volcanic,365,coconut
92.0,20.0,79.0,26.9,74.0,6.83,520.0,Loam,185,Maize
88.0,52.0,68.0,14.9,58.9,6.2,360.0,Silty Loam,120,onions
12.0,20.0,10.0,24.45132792,93.10527686,6.528354932,1094.711098,Red Volcanic,216,orange
80.0,18.0,31.0,24.02952505,58.84880599,7.303033217,1346.803969,Red Volcanic,224,coffee
89.0,91.0,55.0,25.08347445,80.261731,6.275572298,943.2961456,Clay Loam,293,banana
26.0,36.0,94.0,19.5,99.0,4.85,714.0,Sandy Loam,129,Cassava
190.6,78.9,250.0,27.0,79.3,6.1,1000.0,Red Volcanic,120,tomato
116.0,81.0,55.0,26.42313317,83.6995044,5.915546415,951.2322062,Clay Loam,293,banana
21.0,137.0,196.0,23.6119202,91.70293849,5.812781806,1235.900822,Silty Loam,191,apple
95.2,52.8,99.4,21.0,73.1,6.2,880.0,Silty Loam,120,ribena
25.0,70.0,16.0,19.63474332,18.90705639,5.759237003,1063.598183,Loam,79,kidneybeans
58.0,61.0,15.0,30.94908189,64.23364112,7.402891666,627.8730907,Loam,80,blackgram
73.7151365280476,63.92809638491924,116.96880009692897,18.442294582658512,76.84611473403275,5.283891896798339,1000.357444918582,Loam,129,potato
375.2,95.6,402.1,29.7,82.3,5.1,1420.0,Red Volcanic,120,pineapple
2.0,61.0,20.0,22.13974653,23.02251117,5.95561668,766.4128258,Loam,81,kidneybeans
86.0,28.0,50.0,24.9,52.0,6.84,709.0,Silty Clay,196,Maize
10.0,140.0,197.0,22.16939473,90.27185592,6.229498836,1244.683112,Sandy Loam,191,apple
31.0,22.0,49.0,34.4,44.0,6.92,171.0,Silty Loam,171,Sorghum
7.0,141.0,195.0,23.8812458,93.45067555,5.514253142,1049.116663,Silty Loam,184,apple
92.5,52.0,78.0,24.3,72.4,6.2,1120.0,Loam,120,passionfruit
107.0,38.0,29.0,26.65069302,57.56695719,6.35118177,1451.05065,Loam,228,coffee
66.0,69.0,47.0,23.69212243,93.61055571,6.912299695,875.3393983,Loam,205,papaya
72.0,40.0,60.0,10.2,68.0,6.22,531.0,Sandy Loam,218,Wheat
70.26998375029397,37.251819463320054,77.28448643112807,24.859899433990122,62.24650818032697,7.0041578340588755,1086.003807310522,Loam,71,kale
19.0,21.0,34.0,30.01592643,53.19212381,5.074272692,977.2843182,Red Volcanic,182,mango
13.0,22.0,5.0,19.667056,90.50096668,7.764040111,1001.737964,Sandy Loam,213,orange
98.7,61.2,85.0,24.2,74.4,6.3,970.0,Clay Loam,120,passionfruit
59.0,62.0,49.0,43.36051537,93.35191636,6.941496806,1147.78071,Sandy Loam,212,papaya
51.0,43.0,42.0,18.3,79.0,6.36,661.0,Clay,243,Maize
40.0,64.0,16.0,16.43340342,24.24045875,5.926676985,1403.717815,Loam,78,kidneybeans
13.0,69.0,19.0,17.30844532,20.01730914,5.86390397,1151.99245,Sandy Loam,78,kidneybeans
102.5530698797354,35.09889340634345,46.67540625109503,23.400964195695003,78.57749695400489,7.092354804304143,718.2095044516642,Clay,70,kale
50.67789492006898,54.77683911208548,63.47952212884798,28.440788834132313,62.2390591649121,5.538957157194197,979.0136174148167,Loam,122,sweet potato
110.0,68.0,84.0,16.2,64.0,6.8,480.0,Silty Loam,120,onions
37.0,77.0,20.0,25.93381964,68.70533022,7.080506001,510.2372773,Sandy Loam,102,lentil
117.0,43.0,25.0,24.68854799,78.51206972,7.839849298,693.1153566,Loam,167,cotton
45.0307971071116,20.40168279268315,38.30008022720635,27.715987517032644,64.98039156888316,6.677104721148983,574.0742559837463,Sandy Loam,89,millet
101.0,57.0,84.0,25.3,72.1,6.4,980.0,Sandy Loam,120,passionfruit
116.0,45.0,72.0,11.4,78.0,6.88,370.0,Sandy Loam,213,Wheat
103.75850419955003,54.78015236333346,48.60951169279123,15.53179393884711,83.93733337936283,6.231984702662837,1012.7348112773182,Loam,83,kale
47.0,80.0,77.0,17.18248372,16.42891834,7.561108006,728.5017344,Sandy Loam,98,chickpea
44.0,34.0,97.0,27.4,74.0,5.94,530.0,Loam,153,Cassava
57.16344170474747,30.403481340765616,36.06875817210418,29.35663889595029,53.48157817716997,5.955112589434279,581.9915213049093,Loam,82,millet
82.0,22.0,45.0,26.22338015,85.34866045,6.512196212,546.0159289,Sandy Loam,88,watermelon
30.0,41.0,15.0,24.83206631,44.17085032,5.88509677,520.810886,Loam,78,mothbeans
49.008625279964505,36.32374291044816,82.38200759908801,26.691210984271034,71.00412855709048,6.293843114336921,993.1668368472116,Sandy Loam,123,sweet potato
103.0,40.0,30.0,27.30901814,55.196224,6.348316257,1414.831644,Clay Loam,227,coffee
94.67813870780458,71.17272190960642,70.9727272147434,10.848099219956245,72.5397725422481,5.514139028008274,1375.6275807039603,Loam,109,potato
35.0,34.0,85.0,20.3,62.0,6.35,629.0,Clay,171,Cassava
94.13943522432129,57.943109103198296,49.08856991024834,23.789166852417377,80.80844334561036,6.6569017339645935,906.8430510190668,Loam,86,kale
61.0,41.0,35.0,24.97178693,79.47557931,6.842966479,1957.571622,Clay Loam,168,jute
34.0,36.0,24.0,26.9,49.0,5.61,387.0,Sandy Loam,195,Sorghum
97.6,64.4,104.8,15.9,61.5,6.3,410.0,Clay Loam,120,cabbage
19.0,17.0,39.0,24.72485577,85.56083187,6.728599215,1112.787584,Red Volcanic,217,pomegranate
51.17208957786693,45.53059154777125,35.0525997663974,31.926782542234513,69.61207353294967,6.540995363930678,777.4847934962849,Sand,1000,cashew
17.0,30.0,27.0,29.03065024,90.79093862,5.894027065,2055.720367,Coastal Sandy,365,coconut
104.50087468937467,45.97581763944374,41.41502582967941,19.786662067252415,81.04364378039227,6.085973913252448,1150.4511755825338,Clay,83,kale
71.0,37.0,87.0,28.1,72.0,6.57,852.0,Sandy Loam,153,Tomato
85.0,10.0,17.0,22.4,85.0,5.56,743.0,Sandy Loam,135,Beans
50.46359233897463,44.93589529428975,49.591622082910064,33.073711566765844,46.82349017165187,7.169212088261574,538.6422525955286,Sandy Loam,77,millet
17.0,59.0,17.0,18.4167001,23.42829938,5.689858133,1329.801054,Silty Loam,79,kidneybeans
34.186675025114496,27.045122688667092,52.3965154798553,22.322530238909337,79.25106590946322,5.73569514893911,1211.749804063317,Loam,97,sweet potato
61.0,11.0,14.0,34.6,49.0,7.29,297.0,Silty Loam,231,Sorghum
280.8,65.2,320.1,25.5,75.0,5.6,1250.0,Sandy Loam,120,pineapple
105.78919510154742,77.12472822514403,76.08958816581513,17.102126458272526,73.91529050688763,5.114465420588747,1271.9702067795276,Loam,108,potato
108.0,35.0,25.0,23.98143338,61.10935084,6.971963169,1615.279095,Loam,233,coffee
31.0,20.0,30.0,32.17752026,54.01352682,6.207495815,918.8766069,Red Volcanic,180,mango
38.0,28.0,83.0,30.1,84.0,5.77,928.0,Clay,140,Cassava
36.0,13.0,42.0,15.8,60.0,8.15,422.0,Loam,162,Wheat
95.0,75.0,45.0,28.98333432,82.95958244,5.829898502,1090.22564,Loam,297,banana
105.0,95.0,50.0,27.33368994,83.67675197,5.849076099,1010.494791,Loam,295,banana
69.0,19.0,56.0,27.2,68.0,6.49,820.0,Sandy Loam,175,Maize
56.0,9.0,118.0,22.7,71.0,5.49,1368.0,Silty Clay,150,Cassava
59.34607847206748,25.979852665187448,54.11005489054043,24.463343334017473,74.39905507318515,6.16808863780732,1276.34046580193,Sandy Loam,102,sweet potato
72.0,19.0,51.0,24.3,85.0,6.14,810.0,Clay,206,Beans
36.0,140.0,198.0,23.34386401,91.47684705,6.28188384,1044.267991,Sandy Loam,184,apple
98.0,49.0,52.0,22.0,80.0,5.04,1305.0,Loam,182,Tea
103.0,57.0,58.0,25.4,40.0,6.21,792.0,Sandy Loam,152,Maize
28.0,48.0,15.0,25.16125354,55.25435777,9.254089438,408.9732789,Loam,78,mothbeans
84.0,12.0,77.0,24.7,68.0,7.12,283.0,Clay,209,Wheat
26.0,122.0,202.0,22.44516988,94.73763514,5.617227184,1071.843273,Loam,185,apple
24.6,52.0,58.0,21.2,65.9,6.5,435.0,Silty Loam,67,beans
75.76609334702036,76.81618254845166,73.92065908128744,12.442930958713536,85.06648397875637,5.658981643969801,1138.5075204565715,Clay,98,potato
25.0,57.0,19.0,17.15432954,19.87070659,5.566522896,879.9669731,Silty Loam,78,kidneybeans
82.0,29.0,35.0,26.67377159,52.24226285,6.246872394,1561.543898,Red Volcanic,232,coffee
90.0,49.0,21.0,24.84016732,68.3584573,6.472523287,740.5474936,Sandy Loam,108,maize
45.55062887923034,37.447882747684574,87.43553607535114,26.408481243575636,65.15772159425846,6.098953319779696,1162.8136575514854,Clay,120,sweet potato
310.2,65.8,360.7,26.4,68.9,5.2,1105.0,Sandy Loam,120,pineapple
37.0,55.0,82.0,19.45591848,18.02235902,8.423873703,784.4910564,Loam,99,chickpea
69.01415430380911,56.60211460656063,54.448703958686735,19.289630177033928,74.17243152830837,5.89000749586817,1719.4969688087049,Loam,701,avocado
84.52323576771201,30.33636596695723,70.41567799704218,15.627327055874074,77.39352393391232,6.51606364132787,988.2429362494743,Loam,73,kale
88.7,45.2,72.9,20.1,68.4,6.5,370.0,Silty Loam,120,onions
58.884274526287996,29.624190189405205,63.13163959109815,28.098769710815386,63.62800060727421,6.407673463110981,893.0443841584442,Sandy Loam,878,cashew
43.36443041560824,47.37073844416147,46.09492400562603,17.456108322432463,74.80643909670596,6.666347701795751,1164.9285060199613,Clay,366,avocado
72.4,41.7,98.2,18.5,67.2,6.1,725.0,Loam,120,ribena
83.7,42.4,104.1,18.5,68.2,5.9,750.0,Loam,120,ribena
48.73715474053714,37.641846395962624,69.97647557213814,27.18964368401143,67.12492908497572,5.964183149233409,830.4932017883252,Loam,110,sweet potato
91.0,25.0,26.0,24.53460016,66.99765375,7.482414225,1805.059257,Loam,240,coffee
50.0,25.0,41.0,28.4,54.0,6.26,236.0,Loam,137,Sorghum
33.0,77.0,21.0,30.32992227,65.62971858,7.01285529,716.4631281,Loam,80,blackgram
80.0,18.0,51.0,28.05380704,91.81758779,6.706053225,207.6582087,Loam,89,muskmelon
90.0,92.0,55.0,27.00932084,80.18546798,6.13465588,973.2531705,Clay Loam,294,banana
108.0,89.0,53.0,29.55054817,78.06762846,5.808497604,993.4482238,Clay Loam,294,banana
26.0,68.0,24.0,28.04849594,64.07691942,7.504930973,371.5824966,Sandy Loam,104,lentil
70.62756486637899,33.54784243703818,62.36325872665789,18.243841119388946,64.47869617732593,7.396108238350375,637.3479278999143,Loam,82,kale
36.0,27.0,42.0,28.2,80.0,7.31,627.0,Clay,170,Cassava
116.0,0.0,34.0,30.2,61.0,6.99,501.0,Silty Loam,175,Maize
64.0,53.0,38.0,26.24347471,78.51063754,6.855362875,1834.065252,Clay Loam,165,jute
31.212235667160574,43.84861017575493,39.49799571321866,31.207985497254572,53.32098845435783,6.110962859547842,480.9918131606165,Loam,101,millet
275.0,58.7,210.4,23.8,68.4,4.9,1025.0,Sandy Loam,120,pineapple
23.0,72.0,84.0,19.02061277,17.13159126,6.920251378,799.2698081,Loam,99,chickpea
51.137308900623694,34.72930096367324,47.3370743814451,26.584751399714442,78.55586359976851,6.150086798156654,1163.2162593789326,Loam,930,cashew
105.2,68.0,109.6,16.9,71.4,6.4,455.0,Loam,120,cabbage
131.8,62.3,160.5,21.9,68.2,6.8,720.0,Clay Loam,120,tomato
5.0,16.0,31.0,35.96054636,48.69677802,4.555688532,980.0644238,Sandy Loam,182,mango
260.0,70.0,280.0,23.6,68.2,4.9,1105.0,Loam,120,pineapple
17.0,134.0,204.0,39.04071989,80.18393287,6.499604931,738.8467027,Loam,169,grapes
6.0,18.0,37.0,19.65690085,89.93701023,5.937649578,1080.458926,Loam,216,pomegranate
29.0,72.0,24.0,23.17409556,36.67847052,6.962386495,1625.931264,Red Volcanic,152,pigeonpeas
12.0,46.0,52.0,27.8,92.0,5.11,1066.0,Sandy Loam,190,Cassava
123.0,54.0,37.0,20.3,71.0,5.32,723.0,Sandy Loam,157,Tomato
128.7,70.9,190.4,24.7,71.4,6.5,850.0,Loam,120,tomato
27.0,10.0,60.0,27.8,75.0,5.5,532.0,Loam,161,Sorghum
111.0,39.0,22.0,22.60361557,80.3509046,6.135025006,885.7395505,Loam,172,cotton
101.2,46.0,119.3,21.1,72.0,6.3,840.0,Silty Loam,120,ribena
9.0,8.0,40.0,22.48720144,89.9224883,6.553509673,1116.631582,Sandy Loam,217,pomegranate
145.3,75.0,205.8,23.0,69.0,6.7,780.0,Sandy Loam,120,tomato
88.32185106001904,69.15748244529468,68.3195387203577,16.662191674298633,65.39056931059635,6.263637058555018,942.2247972927764,Loam,79,kale
88.54069469079589,43.57912730340972,81.55754785207841,22.36343377860594,79.85367557501515,6.316945381743167,1310.5291430658426,Loam,1329,macadamia
25.0,62.0,21.0,26.73433965,68.13999721,7.040056094,671.5096376,Sandy Loam,78,blackgram
112.0,70.0,98.0,28.6,81.3,6.8,1560.0,Loam,120,passionfruit
23.0,24.0,32.0,28.1218093,46.16888595,5.630619901,933.0247448,Red Volcanic,181,mango
75.0,56.0,18.0,19.39851734,62.35750641,5.696205468,609.5197486,Sandy Loam,105,maize
25.0,26.0,46.0,27.6,37.0,6.05,523.0,Clay,161,Sorghum
19.0,122.0,202.0,23.34467359,90.37981478,5.811975094,1128.954016,Silty Loam,187,apple
59.00503054212163,42.36358344615702,59.17612222094688,17.12080511995025,73.39493525280967,6.432800653827479,1910.0204750129624,Loam,1401,macadamia
89.0,40.0,43.0,26.24532085,72.97198375,7.124050134,1899.711184,Silty Clay,167,jute
83.2,72.9,69.1,22.8,62.9,6.0,980.0,Loam,120,passionfruit
7.0,56.0,18.0,18.31357543,24.32991649,5.698371311,761.4153904,Loam,79,kidneybeans
6.0,8.0,11.0,24.35590861,92.39651663,6.600948788,1196.946577,Loam,219,orange
53.0,40.0,33.0,22.7,59.0,6.06,425.0,Sandy Loam,198,Beans
60.88716401421407,38.22120160183324,79.90014197074647,16.938859241391235,66.92946174948415,6.393786921586921,1035.0451337694842,Loam,82,kale
80.0,43.0,43.0,23.78756036,74.36794079,6.014572075,1726.442654,Alluvial,163,jute
330.9,75.4,395.2,30.1,72.6,5.0,980.0,Loam,120,pineapple
120.0,40.0,60.0,22.9,70.0,5.8,1500.0,Red Volcanic,120,passionfruit
99.0,15.0,51.0,21.6,78.0,6.29,333.0,Loam,180,Beans
28.232099395672083,27.05286968113011,20.909039479028284,34.51825462584107,55.31707528888346,6.358353497602897,554.7623188479773,Loam,90,millet
51.0,49.0,66.0,24.1,58.0,6.87,772.0,Sandy Loam,171,Maize
61.0542062610799,48.075969229391426,83.79594101570756,27.174530443932355,65.73372890362381,5.781037763093777,913.0006278247808,Loam,120,sweet potato
106.0,14.0,45.0,24.47018505,84.16390229,6.417011754,572.6773002,Sandy Loam,88,watermelon
38.0,51.0,52.0,32.66160599,90.78931681,6.927803911,788.5085502,Loam,202,papaya
101.0,92.0,45.0,28.22776705,80.6430384,5.758054257,980.0403016,Clay Loam,294,banana
74.3,35.2,110.1,17.2,65.5,6.2,820.0,Silty Loam,120,ribena
71.0,22.0,43.0,22.7,64.0,5.98,668.0,Clay,185,Beans
40.0,36.0,113.0,28.8,88.0,5.87,858.0,Clay,207,Cassava
48.37781495789699,33.78192882683934,50.62799929410047,28.44813077665189,72.37543812688314,7.06128794146254,848.9675601643582,Sand,885,cashew
32.0,130.0,196.0,40.66012294,81.24995984,6.372959542,740.3030056,Sandy Loam,170,grapes
82.0,38.0,31.0,31.0,76.0,5.78,646.0,Sandy Loam,214,Maize
78.0,72.0,70.0,21.7,68.0,5.9,860.0,Sandy Loam,120,passionfruit
21.0,72.0,17.0,31.52104732,66.55723677,7.580527339,617.1111448,Clay Loam,80,blackgram
80.80305060306624,49.707918063163284,48.74852642780181,17.53052121949046,67.23955107037115,6.2389146207870505,762.9944255434718,Loam,61,kale
61.0,34.0,70.0,31.5,67.0,5.94,1109.0,Clay,197,Tomato
39.0,24.0,14.0,30.55472573,90.90343769,7.189259647,1060.711985,Loam,215,orange
14.0,59.0,15.0,21.35135729,22.91244883,5.779090476,1464.548645,Sandy Loam,80,kidneybeans
20.0,60.0,25.0,27.3254209,69.09047809,6.726469088,611.9250859,Loam,79,blackgram
82.0,43.0,38.0,23.28617173,81.43321641,5.105588355,2423.170629,Clay,168,rice
34.0,140.0,198.0,21.70416965,93.44006288,5.751707342,1151.781396,Sandy Loam,188,apple
45.0,5.0,52.0,21.9,81.0,4.72,981.0,Sandy Loam,136,Cassava
110.0,60.0,190.0,22.5,65.0,6.5,700.0,Sandy Loam,120,tomato
53.0,13.0,58.0,27.8,77.0,5.68,708.0,Silty Loam,238,Beans
70.0,24.0,20.0,22.5,75.0,5.02,559.0,Sandy Loam,260,Cassava
312.4,77.4,356.2,30.2,74.6,5.4,1335.0,Loam,120,pineapple
89.0,60.0,19.0,25.19192419,66.6902901,5.913664501,780.6639649,Silty Loam,109,maize
74.0,36.0,87.0,28.1,53.0,6.56,1095.0,Clay,226,Tomato
36.0,39.0,71.0,21.4,63.0,7.32,301.0,Silty Loam,246,Maize
86.45039270364717,70.4305983096144,95.4471930561093,10.796511548933365,70.90441029846023,5.371725352129742,1382.2323758624575,Loam,132,potato
20.0,67.0,19.0,19.24462755,50.54495302,5.671419084,1806.465282,Sandy Loam,156,pigeonpeas
36.0,125.0,196.0,37.46566825,80.65968681,6.15526103,668.3872293,Loam,168,grapes
56.0,57.0,48.0,31.56213762,93.0484859,6.506120752,636.2250788,Red Volcanic,198,papaya
97.0,71.0,64.0,22.9,83.0,5.24,1628.0,Loam,99,Tea
60.0,55.0,44.0,23.00445915,82.3207629,7.840207144,2639.642476,Clay,172,rice
48.0,25.0,71.0,26.7,92.0,6.84,484.0,Clay,182,Tomato
71.0,16.0,74.0,18.7,84.0,4.76,2295.0,Silty Loam,136,Tea
15.0,125.0,199.0,18.4269936,80.55625868,5.569230319,697.5734306,Red Volcanic,159,grapes
112.50192960192683,62.43446580516871,76.91555063560634,18.45718990588232,72.65145491175477,6.540333543309751,1162.987084777504,Clay,86,kale
35.0,74.0,22.0,26.7230014,62.96841833,6.898905799,428.7274897,Loam,103,lentil
118.9,92.0,125.3,19.1,68.0,6.7,559.0,Silty Loam,120,cabbage
94.81762494290257,45.03411347268483,81.22022227268596,12.094985270704667,78.66275450110668,5.387013896119854,1001.8125605669717,Clay,106,potato
22.0,72.0,85.0,18.86805647,15.65809214,6.391173589,885.1048983,Loam,99,chickpea
9.0,16.0,36.0,23.77989026,92.93386903,5.893332378,1069.77723,Sandy Loam,215,pomegranate
42.0,7.0,40.0,23.9,73.0,5.72,781.0,Silty Loam,130,Maize
95.2136964185267,67.15186247657283,92.81156112356348,14.289036579713878,89.37124618298,5.05867643059478,943.914888704957,Loam,128,potato
59.22192944724349,15.524813732149411,25.78182332618769,24.268466994781647,55.35749189795843,5.97562324087656,693.8418264961688,Loam,110,millet
79.55328466709089,48.97803457231819,56.99001706646836,22.923847390283576,71.00716430198264,5.702643615170015,1635.1397255613742,Loam,688,avocado
15.0,14.0,48.0,24.8,50.0,5.56,1145.0,Loam,168,Cassava
56.0,38.0,46.0,22.8,68.0,7.26,693.0,Loam,198,Maize
93.05721180923362,55.898405038597694,124.73658135170189,16.390533930922707,71.73504596949954,5.780937224949089,1423.5793017601939,Loam,104,potato
43.0,9.0,25.0,13.3,39.0,6.15,411.0,Loam,269,Wheat
20.0,23.0,11.0,31.8520694,90.12220323,6.407715561,1099.455062,Loam,216,orange
105.3,62.1,86.4,18.2,66.5,6.6,421.0,Loam,120,onions
119.0,30.0,49.0,25.35794749,80.45846265,6.903020221,477.2078245,Loam,88,watermelon
63.02350925987137,49.78473845964611,46.21737205018918,17.63616800745537,84.1992685190605,6.332080914687088,1014.065653059628,Loam,71,kale
33.51023108212596,20.36014857551855,20.848892864545775,24.309681480756964,60.939918139432926,6.007880582637527,409.49578638656476,Sandy Loam,115,millet
26.8,68.0,58.0,21.6,66.5,6.6,435.0,Loam,67,beans
35.0,10.0,61.0,21.4,63.0,4.29,563.0,Silty Clay,209,Cassava
41.825172227871214,40.52505635409754,37.54536664826856,29.365175305460035,84.05369469446418,6.901167903239952,1060.1451128053363,Sandy Loam,820,cashew
100.02200641748973,50.92195800958393,79.54553849593411,20.562078717069518,61.842297807203174,7.084001117730633,1124.1795833966203,Clay,82,kale
46.0,0.0,42.0,34.2,32.0,7.39,329.0,Clay,159,Sorghum
14.0,121.0,203.0,9.724457611,83.74765639,6.158689406,744.6411148,Sandy Loam,154,grapes
119.7990669263105,38.71872843293016,58.47911066752185,24.1251740961173,65.96047262118165,6.431338111061067,748.4109642273696,Loam,88,kale
104.0,76.0,40.0,26.5,67.0,5.99,792.0,Silty Loam,203,Tomato
122.9,60.5,150.8,22.8,66.9,6.3,640.0,Clay Loam,120,tomato
112.30990208441449,62.965077170408904,50.0200544836549,22.427154902967544,74.64813967697214,6.296120627397133,893.760991581213,Loam,81,kale
101.0,13.0,54.0,25.42900869,82.91481799,6.828982708,563.4144589,Loam,88,watermelon
107.6,61.2,101.8,15.9,63.5,6.3,440.0,Loam,120,cabbage
109.0,39.0,43.0,17.1,62.0,7.68,399.0,Clay,169,Wheat
101.2,61.4,86.5,26.2,77.0,6.5,1510.0,Loam,120,passionfruit
40.0,73.0,20.0,21.59343016,20.31871249,5.811314232,611.3872036,Loam,80,kidneybeans
74.0,49.0,38.0,23.31410442,71.4509053,7.488014404,1644.970373,Silty Clay,161,jute
145.0,84.1,132.6,18.0,75.2,6.9,590.0,Clay Loam,120,cabbage
38.0,68.0,54.0,29.33710543,90.81781439,6.739170045,2020.572747,Sandy Loam,237,papaya
8.0,25.0,36.0,19.91330523,94.95031368,6.828522375,1040.277061,Red Volcanic,214,pomegranate
13.0,14.0,78.0,21.9,86.0,5.72,1405.0,Loam,219,Cassava
82.0,18.0,48.0,29.09588297,94.16748386,6.159050816,267.0581328,Sandy Loam,89,muskmelon
56.0,19.0,72.0,25.6,76.0,5.71,573.0,Silty Loam,218,Maize
6.0,68.0,18.0,24.388717,62.50453062,6.711341147,472.6052494,Clay Loam,102,lentil
54.651067473547535,47.95958118073099,89.51387684971624,27.482545500798878,67.17351339389147,5.616698258055555,814.4640977106403,Sandy Loam,130,sweet potato
27.0,30.0,31.0,28.98545306,90.73966792,5.718120393,1488.398374,Red Volcanic,365,coconut
69.0,57.0,35.0,24.30748599,78.54340987,6.186814392,1862.337571,Silty Clay,166,jute
32.0,73.0,81.0,20.45078582,15.40312102,5.988992796,926.8373702,Clay Loam,100,chickpea
89.0,11.0,47.0,29.78714005,94.65343534,6.327822962,278.659442,Sandy Loam,89,muskmelon
2.0,39.0,15.0,28.07219563,82.9116472,6.478557136,496.1865305,Loam,69,mungbean
215.0,58.0,270.0,22.8,68.0,4.8,1400.0,Red Volcanic,120,pineapple
235.9,59.8,272.3,24.3,69.4,5.5,980.0,Loam,120,pineapple
51.60309011217227,64.38578906981668,66.20734205593479,20.77019252281173,75.15342195317956,5.046971259263326,1244.518639619111,Loam,1208,macadamia
31.0,29.0,35.0,27.1872282,92.19906776,6.137102505,1413.220576,Red Volcanic,365,coconut
29.0,63.0,17.0,30.02629908,67.88811637,7.26154329,664.7264636,Loam,80,blackgram
6.0,69.0,19.0,26.88630675,41.69617915,4.750929218,944.6748008,Loam,138,pigeonpeas
38.0,24.0,33.0,28.28905147,97.00396405,5.973853124,1429.403233,Sandy Loam,365,coconut
142.0,70.2,190.0,23.3,74.4,6.6,710.0,Clay Loam,120,tomato
70.5,36.8,95.4,18.5,69.6,6.1,760.0,Silty Loam,120,ribena
78.2,40.4,105.3,17.9,67.0,5.9,710.0,Loam,120,ribena
122.3,69.9,118.4,17.8,69.7,6.7,455.0,Loam,120,cabbage
91.0,21.0,26.0,26.33377983,57.36469955,7.261313694,1916.549412,Clay Loam,243,coffee
102.0,42.0,73.0,16.1,57.0,7.64,490.0,Loam,178,Wheat
93.0,56.0,36.0,24.01497622,82.05687182,6.98435366,1852.773389,Clay,157,rice
8.0,23.0,44.0,18.47412402,89.68919664,7.130837931,1084.758509,Loam,216,pomegranate
210.5,58.9,270.0,24.1,70.5,5.8,1180.0,Sandy Loam,120,pineapple
28.0,14.0,41.0,29.7,39.0,6.93,338.0,Loam,121,Sorghum
72.0,42.0,43.0,26.56767277,80.90424543,6.352771037,1812.915605,Silty Clay,165,jute
42.021408077947164,30.654939580001674,43.700766876659955,24.777498434276023,83.08988107047122,6.905250804149052,874.0062566841412,Sand,1043,cashew
106.0,34.0,71.0,16.9,95.0,5.13,1644.0,Silty Clay,205,Tea
73.92777514006421,51.92272660715659,47.69618445637831,19.849759084737673,80.27733869937344,6.175945234901429,1559.143896571631,Loam,671,avocado
115.0,48.0,16.0,25.54359718,84.09229796,7.175934962,889.4245493,Black Cotton,172,cotton
98.7,54.3,80.9,24.3,66.7,6.0,860.0,Loam,120,passionfruit
13.0,72.0,21.0,24.32116642,21.0278674,5.821194486,602.7552528,Sandy Loam,82,kidneybeans
67.0,41.0,40.0,25.848795,87.81661683,7.333143205,1526.194403,Silty Clay,158,jute
31.0,38.0,22.0,24.5,73.0,5.28,1410.0,Clay,205,Cassava
67.22779311008618,55.01543511561084,45.26583875214891,22.37906178245035,68.91195231359859,6.67630749721406,853.938484913429,Loam,61,kale
110.4,61.8,102.3,15.6,66.9,6.4,410.0,Loam,120,cabbage
44.0,56.0,49.0,39.23342464,91.25589286,6.519779583,644.478499,Loam,198,papaya
102.0,26.0,44.0,15.2,73.0,7.3,336.0,Sandy Loam,204,Wheat
14.0,57.0,15.0,29.8757015,83.14796296,6.623438282,401.2044158,Sandy Loam,69,mungbean
88.0,50.0,66.0,19.4,69.0,6.7,365.0,Sandy Loam,120,onions
66.0,47.0,36.0,24.85441411,74.4407048,6.57256106,1755.72958,Silty Clay,163,jute
68.0,7.0,40.0,22.9,73.0,7.27,349.0,Loam,190,Maize
105.0,61.0,84.0,26.1,68.5,6.8,1340.0,Silty Loam,120,passionfruit
40.62409600555266,21.315820767724652,38.610892950754675,25.71731702199947,41.526607308211275,5.823577954344947,503.20879290704005,Sand,77,millet
52.879663725782464,54.82873328322114,52.854566519553146,24.32089865203909,66.15859692973085,6.323661207752314,1212.8090535929612,Sandy Loam,531,avocado
22.0,18.0,31.0,30.7645515,47.93791463,5.956027059,903.8503469,Sandy Loam,180,mango
75.16746812593396,37.49444916451007,49.44258410476486,21.63915090033031,71.58469069820862,6.039570707685396,926.796761993334,Loam,67,kale
95.0,23.0,45.0,27.82424457,90.56698742,6.266208727,211.9014526,Loam,89,muskmelon
92.0,25.0,57.0,24.7,71.0,6.64,530.0,Clay,201,Maize
98.0,25.0,52.0,25.2801372,83.15393658,6.224066378,492.9456609,Loam,88,watermelon
76.0,16.0,37.0,19.7,48.0,5.47,305.0,Sandy Loam,183,Beans
41.485274640910475,59.329025684745076,42.17854810041277,18.839624153627426,70.13266181783052,6.342390022311719,1547.238116982919,Clay,693,avocado
65.03758251576883,46.832936153596606,68.20066362548056,17.36752426799303,78.74316241495174,7.204338670221471,614.4357923561079,Loam,67,kale
82.0,31.0,68.0,21.3,86.0,7.02,819.0,Silty Clay,210,Tomato
72.5,40.2,64.1,21.9,62.3,5.6,1105.0,Clay Loam,120,passionfruit
64.70881629375728,43.940383810626244,45.947379097235995,17.711021545619143,79.7561386953046,6.828214159595905,1422.1122705909634,Loam,549,avocado
106.49871768439186,55.27739639543023,88.71194946568824,12.408837301929424,80.03236166859051,5.147569259670552,1259.7841984508884,Clay,126,potato
73.14017151255102,40.73578206435758,50.217949704303585,25.670424986578894,70.48615302024467,6.585876337938868,1343.4803232358975,Loam,365,avocado
60.0,55.0,85.0,15.4,66.0,5.7,610.0,Sandy Loam,120,ribena
63.0,22.0,55.0,28.8,52.0,7.43,568.0,Sandy Loam,235,Tomato
24.0,44.0,17.0,29.8596912,80.03499648,6.666380512,506.6487502,Silty Loam,69,mungbean
37.0,38.0,32.0,31.85744939,45.53106268,5.417340525,915.5845821,Sandy Loam,180,mango
108.17696686359474,77.15933335754218,99.49371703972908,16.66978133735897,83.52120090438055,5.280089036967419,927.6250185226356,Clay,139,potato
14.0,67.0,25.0,25.28710601,60.85993533,7.241151936,493.7369982,Sandy Loam,102,lentil
46.0,17.0,40.0,25.0,71.0,6.59,364.0,Sandy Loam,188,Sorghum
75.9,55.1,101.7,20.1,71.2,6.0,770.0,Loam,120,ribena
46.70411587965285,40.84378675018742,35.26987566340932,30.927225173796565,56.370845906476454,6.074438858047735,598.1635161028045,Loam,92,millet
13.0,28.0,33.0,28.130115,95.64807631,5.686972967,1510.761899,Red Volcanic,365,coconut
20.0,8.0,12.0,25.2990432,94.96419851,7.260416405,1179.733424,Sandy Loam,219,orange
13.0,27.0,91.0,28.9,75.0,5.49,1109.0,Loam,197,Cassava
52.80863112939781,54.3713892569392,53.32368826668748,22.369306936117347,75.20512616044176,5.859291874325156,1619.1888139240516,Clay,507,avocado
38.0,37.0,48.0,23.4,68.0,5.76,332.0,Loam,183,Beans
102.4,54.9,158.2,20.9,66.1,6.3,610.0,Clay Loam,120,tomato
21.0,20.0,31.0,25.60033702,99.7240104,5.855457599,1658.248732,Sandy Loam,365,coconut
117.0,30.0,50.0,24.90123934,87.20772913,6.744966312,465.9207341,Loam,88,watermelon
85.0,89.0,51.0,29.21144871,84.70189923,6.158164422,1085.501443,Clay Loam,297,banana
64.47068904575396,33.572524507193,60.63269432584498,22.14588733064928,72.70968290450058,5.575669565022818,1775.3732837670327,Loam,382,avocado
94.1,58.0,112.4,20.3,71.4,6.2,680.0,Loam,120,ribena
40.44391198570246,40.82280901469241,80.96700850367085,21.905449932673864,73.23692931027395,6.117281522152403,941.3434927669778,Sandy Loam,131,sweet potato
72.0,43.0,60.0,20.1,82.5,5.8,890.0,Red Volcanic,120,passionfruit
39.452538542717164,30.782341408172122,43.08840566509893,29.7754208557545,49.25471662972066,6.247473599761557,659.2802312349056,Loam,90,millet
110.9,58.3,165.7,21.2,63.9,6.1,690.0,Clay Loam,120,tomato
113.0,38.0,20.0,22.10718988,78.58320116,6.364729934,749.4136567,Loam,168,cotton
37.0,135.0,205.0,11.82768186,80.2827185,5.510924849,741.0225057,Loam,155,grapes
2.0,24.0,38.0,24.55981624,91.63536236,5.922935513,1119.684622,Red Volcanic,217,pomegranate
8.0,136.0,201.0,41.65602996,82.22118237,5.609255992,741.9664838,Red Volcanic,170,grapes
85.0,28.0,43.0,25.0,55.0,5.34,245.0,Loam,205,Beans
110.5,62.0,88.0,26.4,72.8,6.2,1270.0,Loam,120,passionfruit
21.0,23.0,42.0,19.54128063,90.29751796,6.902751061,1043.739878,Loam,214,pomegranate
24.0,27.0,34.0,28.87862994,95.11320315,6.203376525,1450.583117,Sandy Loam,365,coconut
68.25388785482721,50.487559531641836,80.60607312980164,22.382424385734502,76.92717256906899,5.9761390743627905,1236.5912715204345,Loam,1510,macadamia
140.0,38.0,15.0,24.1472953,75.88298598,6.021439523,699.1563467,Black Cotton,167,cotton
12.0,67.0,23.0,25.62896213,63.14909763,6.585020303,454.9683991,Clay Loam,102,lentil
37.0,49.0,25.0,29.9145443,85.85384444,6.415459592,413.9081525,Loam,69,mungbean
88.0,32.0,94.0,19.7,67.0,6.99,542.0,Loam,183,Maize
132.3,72.1,119.5,17.0,69.9,6.7,455.3,Loam,120,cabbage
17.0,74.0,17.0,26.03026959,69.55863145,7.393210848,371.1395801,Sandy Loam,103,lentil
40.0,22.0,6.0,24.53610067,91.90997228,6.488221135,1159.787989,Red Volcanic,218,orange
0.0,137.0,195.0,22.4359017,80.18612085,6.329499832,653.973168,Sandy Loam,161,grapes
31.0,76.0,82.0,20.8248451,17.85057083,7.599279991,792.0509212,Clay Loam,100,chickpea
119.0,7.0,55.0,26.03867719,84.6378378,6.031424482,443.993381,Sandy Loam,88,watermelon
126.0,21.0,27.0,21.6,74.0,6.32,744.0,Loam,257,Wheat
223.5,75.4,275.9,30.2,65.9,4.9,1120.0,Sandy Loam,120,pineapple
94.0,37.0,41.0,24.7634518,87.06071115,6.463538707,1791.630865,Clay Loam,164,jute
62.0,59.0,41.0,24.2248758,74.89465426,7.175170657,1924.931257,Clay Loam,168,jute
77.0,57.0,21.0,24.9321581,73.80435276,6.550563823,797.4078719,Loam,109,maize
34.67343230467706,56.50781593751458,96.65643892721772,29.847431060204798,75.75841582830448,5.927619270432985,782.9580764699634,Sandy Loam,108,sweet potato
31.0,137.0,196.0,22.14464104,93.82567435,6.400321212,1206.310784,Silty Loam,190,apple
24.0,131.0,196.0,22.03296178,83.74372787,5.732453638,653.4440794,Loam,161,grapes
40.0,36.0,50.0,33.2,58.0,5.99,242.0,Clay,122,Sorghum
27.0,10.0,25.0,29.3,64.0,6.37,373.0,Clay,194,Sorghum
20.0,60.0,78.0,18.17234999,14.70085967,6.358740355,907.760707,Sandy Loam,99,chickpea
112.0,38.0,42.0,17.3,62.0,6.48,441.0,Loam,199,Wheat
116.0,71.0,47.0,27.57278064,82.0638878,6.435785799,913.4276507,Red Volcanic,292,banana
83.19465172822541,36.47798120808159,47.519965814830904,24.053086100207224,79.72770865756516,5.888355305603555,1208.496919480908,Loam,1257,macadamia
22.0,54.0,20.0,28.56149805,83.63802195,6.689825155,410.13132,Loam,69,mungbean
35.82996252746322,32.76823100606791,39.16876866348368,27.32498059235402,76.92125126297806,6.326903191420786,859.8222907556944,Sandy Loam,875,cashew
32.5234136404805,29.258641005534663,62.47868680370013,26.313246714323366,77.35568343701686,7.075738124651564,654.1644706039599,Loam,829,cashew
102.8,79.5,106.7,15.8,66.2,6.4,392.0,Clay Loam,120,cabbage
5.0,77.0,19.0,31.08564994,66.68832981,6.242052013,1759.303271,Red Volcanic,155,pigeonpeas
37.0,6.0,13.0,26.03097313,91.50819306,7.511755068,1012.847738,Sandy Loam,213,orange
39.0,58.0,85.0,17.88776475,15.40589717,5.996932037,685.4932919,Sandy Loam,98,chickpea
95.0,13.0,46.0,29.84070774,93.76312893,6.126019932,232.8207838,Sandy Loam,89,muskmelon
21.0,29.0,12.0,22.30318989,92.15987039,6.438668989,1173.688104,Red Volcanic,219,orange
9.0,35.0,20.0,27.41503453,80.98004661,6.91380932,405.3173216,Silty Loam,69,mungbean
72.28752046646684,61.65995640960081,70.36018814872098,16.056397277818917,72.50363402452794,6.214757623711186,1111.4911862453769,Loam,118,potato
34.0,9.0,36.0,22.8122645,86.34233767,6.276038961,1104.432293,Loam,216,pomegranate
84.0,36.0,28.0,26.7350622,55.55164819,6.119892347,1406.305213,Red Volcanic,226,coffee
21.0,31.0,32.0,35.38598705,51.42664176,5.254532213,902.9643888,Loam,180,mango
86.7,53.9,78.5,14.8,65.4,6.3,365.0,Loam,120,onions
95.0,32.0,55.0,27.2,52.0,5.72,433.0,Sandy Loam,236,Maize
13.0,17.0,45.0,21.25433607,92.65058936,7.159520979,1062.784673,Red Volcanic,215,pomegranate
47.841246491651546,16.61038762220141,47.51520966177691,30.199051749053723,67.5994272819607,5.920642205262967,699.5339453935607,Sand,114,millet
88.0,50.0,40.0,25.63215038,79.95150917,7.051822472,1822.582277,Silty Clay,165,jute
57.0,60.0,84.0,19.1034283,17.26184541,6.586777189,754.9101167,Loam,99,chickpea
8.0,37.0,33.0,28.07802689,54.9640534,6.128167757,974.5373619,Loam,182,mango
44.0,64.0,54.0,29.80744318,91.38048469,6.74274935,2327.046126,Loam,246,papaya
28.0,19.0,65.0,26.9,59.0,7.49,513.0,Loam,153,Sorghum
7.0,31.0,27.0,31.32863689,47.59319575,6.524114355,946.7344737,Red Volcanic,181,mango
83.82810263805052,75.42598913453837,111.66057123204904,13.72087489559248,76.98392467235132,6.459807546409318,1016.2388901017578,Sandy Loam,120,potato
76.0,49.0,42.0,24.958779,84.47963372,5.206373153,1969.560008,Silty Clay,159,rice
10.0,70.0,19.0,24.84918386,68.98088448,7.272427638,416.1080544,Sandy Loam,102,lentil
95.0,30.0,52.0,29.48069921,90.33698678,6.640470863,260.365768,Loam,89,muskmelon
160.0,80.0,220.0,25.0,73.0,6.8,845.0,Loam,120,tomato
180.2,98.6,241.5,25.1,78.3,6.9,910.0,Red Volcanic,120,tomato
7.0,15.0,32.0,25.03512351,95.89739958,6.182232762,1747.96583,Coastal Sandy,365,coconut
110.5,70.7,109.2,16.3,66.0,6.6,450.3,Loam,120,cabbage
61.0,63.0,70.0,25.2,71.0,6.44,714.0,Clay,175,Maize
10.0,55.0,23.0,21.18853178,19.63438599,5.728233081,1371.948633,Sandy Loam,80,kidneybeans
28.0,69.0,16.0,29.77013109,66.29327012,6.547361618,356.9674138,Sandy Loam,104,lentil
107.0,5.0,52.0,26.6634609,89.98405233,6.881425746,574.0847165,Sandy Loam,88,watermelon
98.0,26.0,49.0,27.29035669,90.53330091,6.130160473,234.9535234,Loam,89,muskmelon
16.0,35.0,31.0,32.27652024,50.19368841,5.316875978,959.9487068,Red Volcanic,181,mango
99.0,41.0,36.0,24.45802087,82.74835604,6.738652179,1825.616319,Silty Clay,156,rice
21.0,80.0,20.0,28.20667264,68.27085245,7.350869792,643.2887142,Sandy Loam,79,blackgram
22.142817402121054,27.251918447817662,35.16484104418722,34.46888006679351,46.56312766704115,6.606067454032502,503.1326975915598,Sand,98,millet
1.0,35.0,75.0,27.4,78.0,6.32,572.0,Loam,201,Cassava
70.40998437366079,66.70664325985965,96.1108025114802,18.159198251900705,84.21013865671821,5.4632992128404485,1406.8512578634434,Loam,113,potato
260.9,64.0,340.2,29.6,80.5,5.6,1012.0,Red Volcanic,120,pineapple
89.0,30.0,48.0,26.5,83.0,6.83,738.0,Sandy Loam,203,Beans
330.2,92.4,390.6,28.7,82.9,5.1,1420.0,Red Volcanic,120,pineapple
37.0,5.0,34.0,25.79490531,93.84150618,5.779032666,1524.238712,Red Volcanic,365,coconut
101.0,75.0,50.0,26.59386409,81.40740301,6.242528278,1099.825551,Red Volcanic,297,banana
32.42723091864448,37.53928859284932,74.35662954977093,27.849283401365135,72.55753576987547,5.90672986550231,1279.7999195339971,Sandy Loam,111,sweet potato
86.0,42.0,57.0,29.9,57.0,6.36,565.0,Loam,195,Maize
12.0,78.0,23.0,16.06522754,18.72479695,5.99812453,880.6638775,Silty Loam,78,kidneybeans
39.0,7.0,29.0,27.54273211,94.59086121,6.362544111,1502.012138,Sandy Loam,365,coconut
6.0,64.0,23.0,23.33565221,67.40460704,7.065264073,361.8678721,Loam,101,lentil
109.0,21.0,55.0,24.9004602,89.73524177,6.770278088,574.4942094,Sandy Loam,88,watermelon
40.52043968940363,44.03772675176343,48.31284417171898,24.044061669727466,60.05706889511647,6.964832681437525,832.9486436661764,Sandy Loam,898,cashew
87.0,31.0,57.0,11.9,62.0,6.25,622.0,Sandy Loam,216,Wheat
28.7,62.5,57.3,21.4,68.2,6.6,512.0,Loam,67,beans
49.14586183813185,31.603608399300107,70.55962384381246,16.745775428764478,74.55482557071413,6.058512608131762,1624.2379763001181,Clay,458,avocado
11.0,61.0,21.0,18.62328774,23.02410338,5.532100554,1353.378033,Silty Loam,79,kidneybeans
10.0,79.0,20.0,24.98287462,66.895409,6.379881442,382.1370568,Clay Loam,102,lentil
65.29135627009924,77.20654099000245,82.133183096061,11.227322190335258,82.41305981017682,6.418495578761769,1301.9854453514813,Loam,136,potato
130.0,59.0,19.0,25.07278712,82.50257909,6.520403794,935.1042684,Clay Loam,173,cotton
66.1,39.9,101.7,19.3,63.9,5.8,680.0,Loam,120,ribena
23.0,65.0,20.0,23.0429097,22.42610972,5.833940084,1083.684316,Sandy Loam,81,kidneybeans
26.0,126.0,195.0,21.41363812,92.99124545,5.878568981,1183.979065,Loam,189,apple
53.957498490415716,43.14523204074084,33.8194969400428,28.7017504575767,47.75742988777887,7.290262703770309,414.89095744219316,Sandy Loam,85,millet
0.0,12.0,7.0,20.18432263,90.65458473,6.969249676,1168.130969,Red Volcanic,218,orange
48.031200491264144,44.71298362648853,50.95927039033752,20.288812274030846,75.66614048429098,6.3606553431682284,1098.7062500180461,Clay,365,avocado
81.77193611164599,63.26560342223429,79.4985304094713,22.236813549476146,85.7451874065246,5.631737868645923,1240.362279247543,Sandy Loam,1355,macadamia
145.0,88.0,150.0,19.2,78.6,6.9,520.0,Clay Loam,120,cabbage
97.0,37.0,14.0,10.5,34.0,6.85,654.0,Sandy Loam,119,Wheat
25.0,27.0,41.0,19.20090378,94.27659596,6.923509371,1080.423555,Sandy Loam,216,pomegranate
71.0,14.0,19.0,21.1,77.0,7.5,357.0,Sandy Loam,97,Maize
45.105019263796045,26.87514116682999,41.95837047123578,31.40975713807545,78.04132682663302,5.604490527496826,1161.5748719090766,Sandy Loam,984,cashew
40.519629686268274,29.9068335000297,50.674430985557535,29.49498824266969,60.429519458713024,5.811130339746425,1069.20340026621,Sand,1044,cashew
84.0,25.0,52.0,24.37190239,81.2514818,6.12532356,442.0899581,Loam,88,watermelon
22.0,56.0,17.0,29.87888063,87.32761241,6.89077995,447.5215854,Sandy Loam,69,mungbean
34.0,69.0,60.0,22.8,66.1,6.8,470.0,Clay Loam,67,beans
66.0,53.0,19.0,23.09348056,60.1159381,6.033550195,654.9730729,Silty Loam,106,maize
91.5,54.2,81.0,18.0,65.9,6.6,395.0,Sandy Loam,120,onions
189.4,92.1,280.3,24.7,70.5,5.9,1320.0,Loam,120,pineapple
29.683836251868307,21.00373420817037,25.750106268590287,32.40866414177329,50.51955711989636,7.493362879407777,483.70221288720705,Sandy Loam,85,millet
105.0,61.0,90.5,16.8,63.2,6.8,360.0,Silty Loam,120,onions
38.0,21.0,35.0,20.33691147,89.38003827,5.841367187,1109.653137,Loam,216,pomegranate
116.0,52.0,19.0,22.94276687,75.37170612,6.114525877,670.8022574,Black Cotton,166,cotton
32.0,25.0,35.0,18.09903225,85.70786282,5.892913826,1070.050976,Sandy Loam,215,pomegranate
40.71424536030989,35.62992787189065,46.970582430125745,28.765916625091556,40.52681754303584,7.13035291065514,437.1555934772199,Loam,110,millet
67.04402983514812,67.70128310598201,110.1439469558786,19.652517471744833,89.40605545986568,5.880924356127762,988.5743770984901,Loam,122,potato
92.0,7.0,45.0,26.70607759,81.14149505,6.944640222,515.1033554,Sandy Loam,88,watermelon
103.48726683806728,49.54115168546943,84.28516239780423,19.37021620885652,78.32013438404506,5.373718872429485,1192.045595275119,Loam,90,potato
28.0,66.0,23.0,21.53989176,24.25386207,5.99616119,1206.913038,Silty Loam,80,kidneybeans
127.0,5.0,39.0,31.9,46.0,6.62,467.0,Sandy Loam,185,Maize
24.0,53.0,17.0,28.95451232,89.07866095,6.421271178,576.5901369,Sandy Loam,69,mungbean
102.5,64.2,168.9,22.3,66.1,6.2,620.0,Clay Loam,120,tomato
64.00305562927022,32.32494071358832,53.93612748605356,26.491438865928277,63.28013948807813,6.292689280957082,1367.9822314241428,Sandy Loam,105,sweet potato
111.0,79.0,53.0,28.31193338,75.77363772,6.165001278,1196.95765,Loam,299,banana
110.0,39.0,25.0,22.60612115,77.34264002,7.208795456,751.3617229,Loam,168,cotton
4.0,136.0,204.0,29.93707596,81.77713468,5.898944282,655.2279323,Sandy Loam,164,grapes
14.0,37.0,15.0,27.96235681,83.97586797,6.581351374,489.366954,Loam,69,mungbean
4.0,24.0,43.0,22.40423537,88.1508343,7.199504273,1098.695196,Sandy Loam,216,pomegranate
32.0,0.0,12.0,31.5,59.0,7.7,371.0,Clay,159,Sorghum
48.651076275510086,37.97714582333208,35.18707154001938,25.147252709979867,74.42014003395029,5.5338341962757855,871.1944764142754,Loam,848,cashew
91.0,84.0,52.0,29.14827211,78.71024836,6.390741836,1175.36781,Red Volcanic,299,banana
23.0,41.0,32.0,22.4,78.0,5.61,534.0,Clay,185,Beans
27.0,40.0,73.0,25.1,79.0,5.86,530.0,Silty Loam,198,Cassava
150.8,78.2,190.5,24.3,70.1,6.4,860.0,Loam,120,tomato
85.0,27.0,45.0,26.0713757,88.7285657,6.467095849,577.9652846,Loam,88,watermelon
112.0,73.0,48.0,29.2440638,77.32017166,5.707488987,906.6727868,Clay Loam,292,banana
3.0,9.0,35.0,26.91641934,99.84671638,6.318552973,2256.323656,Red Volcanic,365,coconut
76.22566547977561,57.98008905000756,57.56064040663674,21.85792480907294,80.77458264519827,5.711746166861584,1697.291139646421,Loam,425,avocado
64.63205299487832,40.39567289164061,85.97739322375563,13.709330160554435,70.7987621813009,5.581222308599254,1475.3246438763654,Sandy Loam,122,potato
47.0,24.0,29.0,10.1,47.0,8.17,421.0,Loam,160,Wheat
11.0,18.0,42.0,21.57936934,94.88267728,5.938528744,1028.593382,Loam,214,pomegranate
15.0,77.0,20.0,25.13163619,66.92642362,7.399749291,490.4015558,Clay Loam,102,lentil
26.0,51.0,25.0,28.76488954,52.62741529,7.792508068,552.1606732,Sandy Loam,79,mothbeans
19.0,37.0,62.0,16.1,47.0,7.15,240.0,Sandy Loam,134,Beans
51.0,46.0,42.0,17.8,59.0,7.37,424.0,Loam,187,Wheat
35.0,18.0,26.0,31.99490489,50.84881347,5.279388967,973.8741498,Red Volcanic,182,mango
44.54186672139923,41.73680561487785,55.528473798912316,31.61636898258377,82.2050664698202,5.9233211960227505,721.5396660196445,Loam,918,cashew
17.0,4.0,45.0,32.2,48.0,5.83,364.0,Loam,206,Sorghum
22.0,38.0,31.0,31.53356352,53.06009323,5.821106036,985.7025046,Sandy Loam,182,mango
47.0,7.0,24.0,22.7,56.0,7.17,159.0,Silty Clay,198,Sorghum
60.0,32.0,50.0,18.0,62.0,6.33,550.0,Clay,147,Maize
84.0,44.0,59.0,26.3,87.0,6.29,416.0,Silty Clay,222,Beans
106.0,64.0,95.0,21.3,58.0,6.54,379.0,Loam,229,Tomato
41.44544464912329,32.74845454892129,59.16057426261926,28.398177899141988,62.55729008239217,5.956404670910035,1355.3581661694827,Clay,108,sweet potato
17.0,29.0,26.0,26.14162144,93.28415295,6.071897347,1954.115025,Coastal Sandy,365,coconut
60.0,44.0,23.0,24.7947077,70.04556743,5.722579819,767.2860067,Silty Loam,109,maize
27.0,71.0,23.0,23.45379018,46.48714759,7.10959773,1508.712202,Red Volcanic,150,pigeonpeas
104.0,23.0,47.0,26.98212846,86.70068316,6.770434148,429.1292205,Sandy Loam,88,watermelon
46.867645887252394,46.78525479676877,52.72049684727982,29.535810698952265,66.32863285218652,7.08961696683965,1166.3108496527457,Sandy Loam,801,cashew
62.1,38.4,92.0,16.2,62.5,6.1,690.0,Silty Loam,120,ribena
39.0,145.0,201.0,36.73126647,80.58931938,5.775600435,722.4230804,Sandy Loam,168,grapes
16.0,77.0,22.0,31.48469278,35.6395615,6.574209678,1005.46816,Red Volcanic,140,pigeonpeas
90.0,39.0,37.0,24.81441246,81.68688879,6.86106911,1907.886386,Alluvial,167,jute
40.0,62.0,19.0,27.32198928,34.13737127,4.697750704,965.1524028,Sandy Loam,139,pigeonpeas
63.0,58.0,47.0,26.83054058,90.75379971,6.864143752,1446.656444,Sandy Loam,221,papaya
32.0,35.0,31.0,21.4,77.0,6.02,1013.0,Sandy Loam,180,Cassava
90.0,40.0,88.0,15.5,82.0,6.12,1925.0,Sandy Loam,137,Tea
36.0,80.0,21.0,33.64769646,48.41490082,7.066087261,1004.673278,Loam,140,pigeonpeas
0.0,25.0,14.0,19.33516809,91.97978938,6.361671475,1164.50422,Red Volcanic,218,orange
73.0,71.0,81.0,26.7,66.0,7.34,594.0,Loam,177,Tomato
110.0,78.0,50.0,25.93730186,78.89864446,5.915568968,982.1747528,Red Volcanic,294,banana
20.0,139.0,202.0,23.50201428,92.21083961,5.66999105,1079.868949,Loam,185,apple
23.0,59.0,25.0,27.8262623,88.73100226,6.320768488,566.8833819,Loam,69,mungbean
139.0,35.0,15.0,25.248679,83.4630147,5.898293044,865.5517751,Clay Loam,171,cotton
23.0,28.0,31.0,26.8,26.0,5.54,446.0,Loam,136,Sorghum
102.0,40.0,74.0,18.2,71.0,7.05,476.0,Loam,218,Wheat
38.0,33.0,7.0,35.7,43.0,5.77,485.0,Sandy Loam,183,Sorghum
10.0,16.0,35.0,22.7,63.0,6.24,554.0,Loam,178,Sorghum
18.0,21.0,60.0,22.9,92.0,5.12,1158.0,Loam,199,Cassava
61.0,28.0,23.0,19.9,82.0,5.83,892.0,Silty Clay,234,Cassava
40.0,120.0,197.0,23.80593812,92.48879468,5.889480679,1196.335548,Sandy Loam,189,apple
70.0,36.0,42.0,21.84106875,80.72886384,6.946209881,2023.838319,Silty Clay,160,rice
35.0,131.0,203.0,22.42776057,93.91722423,5.893490899,1027.230739,Silty Loam,184,apple
55.0,33.0,36.0,31.9,39.0,5.48,341.0,Sandy Loam,147,Sorghum
79.0,45.0,20.0,23.80546189,59.24537979,5.715208817,899.622014,Silty Loam,112,maize
26.0,18.0,27.0,27.45907759,92.90736493,5.836075368,1421.430003,Coastal Sandy,365,coconut
101.7,58.6,162.7,20.9,63.8,6.4,610.0,Sandy Loam,120,tomato
96.0,18.0,50.0,25.3310446,84.30533791,6.904241707,415.3218699,Sandy Loam,88,watermelon
139.5,85.6,142.7,18.3,75.1,7.0,565.0,Loam,120,cabbage
260.8,60.3,260.7,25.6,68.4,5.9,1020.0,Loam,120,pineapple
35.0,138.0,200.0,21.19909519,90.80819418,5.67130617,1036.838922,Loam,184,apple
9.0,57.0,24.0,29.89232778,89.71503316,7.165121109,429.9498978,Loam,69,mungbean
77.68978397808085,46.759304162973635,117.37928632514966,12.713360651858412,72.95288153041511,5.053824593385842,1035.58190494587,Loam,105,potato
83.0,29.0,52.0,25.76402693,87.5931128,6.704688865,460.5122728,Sandy Loam,88,watermelon
69.0,64.0,47.0,40.21199348,94.50766912,6.993473247,1866.762324,Sandy Loam,233,papaya
47.84225388653559,39.04310032598394,62.641058811017984,25.115500938603784,77.30258960092202,6.190771958107796,745.2666308686792,Sand,1042,cashew
28.0,80.0,17.0,19.62207826,18.67170854,5.809419584,1441.567454,Silty Loam,79,kidneybeans
245.3,64.7,310.2,26.4,78.1,5.3,1200.0,Loam,120,pineapple
22.6,68.0,61.3,22.1,70.0,6.9,510.0,Clay Loam,67,beans
92.14689458956789,46.09361010905272,62.34561839897516,17.911751080918073,73.244953377589,6.07052317317621,1153.5388328330898,Loam,85,kale
111.0,6.0,53.0,26.4930645,88.59143088,6.313512999,460.6382209,Sandy Loam,88,watermelon
0.0,5.0,36.0,24.35193812,90.88612388,6.152906502,1055.29185,Red Volcanic,215,pomegranate
118.9,70.1,120.5,16.9,68.5,6.6,455.0,Silty Loam,120,cabbage
41.0,62.0,15.0,29.38400259,64.14928485,7.358974541,652.4194361,Loam,79,blackgram
50.0,47.0,48.0,24.63676897,90.61964344,6.712772333,2182.299187,Loam,242,papaya
64.62223770885673,70.60965191816962,105.23475194657664,17.423412480215823,83.6829845277772,5.595914406577776,1018.4418347512675,Loam,105,potato
102.0,11.0,45.0,29.03167341,93.12603235,6.35544263,241.5591199,Sandy Loam,89,muskmelon
76.12987428083986,50.44614573415869,59.489458192252876,24.068716269824414,73.00360962684087,5.590178125174333,1052.1352600852895,Loam,538,avocado
7.0,74.0,17.0,22.47253208,62.56532471,5.667419697,967.4706956,Loam,139,pigeonpeas
11.0,34.0,32.0,29.14305008,49.40983294,6.831706773,975.5155537,Sandy Loam,182,mango
96.0,54.0,22.0,25.70196694,61.33450447,6.960358276,832.0711308,Sandy Loam,110,maize
64.62800833651009,55.87804896046815,92.8062070120911,25.23218389908223,74.19783987703248,5.772522555817359,1326.2218029359685,Clay,126,sweet potato
57.0,38.0,69.0,23.3,48.0,8.05,662.0,Silty Clay,214,Wheat
61.0,6.0,116.0,32.3,79.0,5.71,1028.0,Sandy Loam,163,Cassava
10.0,56.0,16.0,28.17432665,81.04554836,6.828187499,363.5720652,Loam,69,mungbean
76.0,38.0,66.0,23.8,66.7,6.5,980.0,Loam,120,passionfruit
140.9,78.3,132.1,18.1,71.2,6.8,530.9,Silty Loam,120,cabbage
45.0,35.0,18.0,24.9,35.0,6.09,505.0,Loam,198,Sorghum
48.0,65.0,78.0,17.43732714,14.33847406,7.861128148,730.926704,Loam,98,chickpea
22.0,9.0,44.0,24.72235539,88.87651295,5.744361602,1121.926517,Sandy Loam,217,pomegranate
59.05496402614655,31.854811824920414,66.36403492445399,25.500612356424647,70.3883806617191,5.556011365393992,813.5479386827067,Sandy Loam,95,sweet potato
34.100384202637066,42.43438167351955,99.2461360705107,24.41664699755448,71.97679980516402,5.8523782223021765,1431.6929670259806,Sandy Loam,118,sweet potato
95.0,82.0,48.0,27.39489579,83.31172003,5.719014989,927.8133617,Clay Loam,293,banana
72.0,41.0,36.0,26.50838667,86.84264005,6.065898283,1529.801697,Silty Clay,158,jute
54.4754643899288,38.36566691069444,65.27941313744743,30.841141676767833,71.318054026408,6.734829592127776,1156.3529999608104,Sandy Loam,742,cashew
78.4,45.0,110.2,19.3,64.7,6.3,860.0,Silty Loam,120,ribena
34.15919936265079,46.26059995850305,69.32970602109458,24.679568047185924,68.71324037769494,6.099680272376544,809.7317289996035,Clay,125,sweet potato
35.0,67.0,49.0,41.31330062,91.1508798,6.617066674,2397.427554,Sandy Loam,248,papaya
92.0,49.0,43.0,24.1,66.0,6.01,2226.0,Sandy Loam,148,Tea
27.0,40.0,24.0,27.84026517,89.99615558,7.063022095,528.4626009,Silty Loam,69,mungbean
109.0,32.0,36.0,9.6,26.0,6.08,539.0,Clay,207,Wheat
93.0,46.0,68.0,20.7,71.2,6.4,930.0,Loam,120,passionfruit
12.0,37.0,30.0,31.09779147,47.41196659,4.546466109,902.8624348,Sandy Loam,180,mango
85.41852624325439,35.598718902184075,82.2665080636523,16.687068358113336,84.30255215548507,5.562588266311083,1348.892041614781,Loam,1334,macadamia
92.0,37.0,86.0,29.7,51.0,7.56,700.0,Loam,173,Maize
51.0,38.0,20.0,24.6,45.0,6.19,255.0,Sandy Loam,190,Sorghum
52.0,21.0,48.0,26.5,57.0,7.1,346.0,Sandy Loam,108,Maize
38.0,23.0,27.0,26.6,89.0,7.26,531.0,Loam,145,Beans
63.0,58.0,50.0,43.03714283,94.6428898,6.720744449,415.856585,Loam,191,papaya
32.0,71.0,85.0,20.62767492,14.44008871,6.403982316,920.6630306,Clay Loam,100,chickpea
107.0,71.0,55.0,29.42017919,83.96754496,6.088064451,1172.29079,Clay Loam,299,banana
110.7,73.1,101.5,22.1,64.8,6.7,501.0,Loam,120,onions
30.825908243404406,28.719531710405118,57.009400602971404,25.041281532103834,60.033351986954514,5.727099792724459,601.3748402856561,Sandy Loam,1044,cashew
0.0,19.0,31.0,25.51791333,94.38420565,6.271952833,1787.297725,Sandy Loam,365,coconut
6.0,139.0,199.0,25.67385024,81.6212135,6.29099842,741.0919422,Red Volcanic,162,grapes
22.0,133.0,201.0,23.81995682,80.12211649,6.00299607,672.739864,Red Volcanic,161,grapes
40.0,143.0,201.0,24.97256132,82.72828653,6.476757723,667.0016285,Loam,162,grapes
33.0,75.0,21.0,33.04687968,68.93875631,6.690655045,623.0278274,Loam,81,blackgram
14.0,25.0,40.0,20.07386547,90.97819712,6.407872061,1037.084055,Red Volcanic,214,pomegranate
54.71894671244507,26.886487520929986,53.17831055809752,31.785578133750917,82.75221981436582,6.293284325286727,722.8137276837001,Sandy Loam,906,cashew
104.0,20.0,26.0,27.22783677,52.95261751,7.493191968,1757.260273,Clay Loam,238,coffee
95.0,14.0,50.0,26.6333118,84.31756844,6.560443519,563.1866159,Sandy Loam,88,watermelon
35.0,33.0,41.0,27.1,55.0,7.05,711.0,Loam,196,Beans
48.163191263832985,44.59816009435382,79.02856979162284,19.060844492499804,72.9930239930004,6.812083435095406,1544.5287742741461,Loam,415,avocado
120.0,23.0,28.0,25.67324193,51.29043632,6.877799264,1962.736367,Clay Loam,245,coffee
36.5590806673915,32.47541538368119,59.927606081088356,24.652242397167996,63.713468370926485,5.9585134383503,662.9642430141204,Loam,732,cashew
38.0,14.0,37.0,21.80523051,94.63612858,6.658402594,1026.488846,Sandy Loam,214,pomegranate
39.0,7.0,54.0,34.5,48.0,6.13,341.0,Sandy Loam,177,Sorghum
127.0,42.0,62.0,12.1,71.0,6.85,689.0,Loam,200,Wheat
33.67304289194131,28.915998271120447,44.64979237508058,29.92049967142832,75.34590148359392,7.23833982187718,665.6035660155973,Sandy Loam,737,cashew
40.0,61.0,22.0,20.94981756,65.8108757,7.002216044,442.3913012,Loam,100,lentil
70.0,52.0,68.0,22.4,78.5,5.8,1280.0,Silty Loam,120,passionfruit
49.0,41.0,40.0,17.9,73.0,6.35,758.0,Loam,113,Beans
20.0,62.0,18.0,29.36358721,64.98742947,7.366542647,619.1208707,Loam,79,blackgram
108.0,38.0,24.0,23.41022496,76.43836957,7.442217061,788.2199603,Black Cotton,169,cotton
21.0,33.0,24.0,34.1,37.0,5.85,528.0,Silty Clay,241,Sorghum
76.26312769808838,77.53462041338526,123.62150477742631,13.474474285030919,75.16555812715934,6.048066653158029,1225.2425239878025,Clay,136,potato
61.0,27.0,71.0,30.8,68.0,7.04,1423.0,Clay,241,Cassava
21.0,21.0,38.0,22.5526059,89.3259486,6.327673765,1048.955643,Sandy Loam,214,pomegranate
86.04739580796254,36.19141899833339,60.18288910209853,17.675884505532828,70.63814638590567,5.572116447802907,1910.3137600807536,Clay,1505,macadamia
31.2,70.5,75.1,22.4,71.8,6.6,550.0,Silty Loam,67,beans
77.34840376559758,55.08008476139384,54.83563838382703,20.319270020461516,81.96319149675705,5.647480587018451,1357.8174150574273,Clay,1260,macadamia
26.1,72.2,57.8,20.0,67.2,6.8,515.0,Loam,66,beans
14.0,140.0,197.0,23.35225078,90.90054697,6.071255131,1130.381382,Sandy Loam,187,apple
30.372637598171018,32.46183648589106,65.85842281586788,29.21947843418709,68.88269558018911,5.7206861182359,1189.8205124026804,Loam,768,cashew
81.0,36.0,38.0,23.76554749,87.98329901,6.334837865,1503.166152,Silty Clay,157,jute
135.0,75.0,140.0,16.2,65.3,6.5,520.0,Silty Loam,120,cabbage
38.0,14.0,30.0,26.92449525,91.20106019,5.570745386,1949.022136,Red Volcanic,365,coconut
310.0,72.0,345.4,27.2,72.1,5.9,1290.0,Red Volcanic,120,pineapple
16.0,5.0,69.0,29.8,73.0,6.74,932.0,Loam,203,Cassava
1.0,29.0,29.0,27.32961444,49.30347234,6.052026047,935.3197359,Loam,181,mango
15.0,27.0,28.0,33.80398664,46.12866113,4.507523551,908.2549241,Loam,180,mango
117.0,37.0,32.0,23.1069385,67.06230539,6.787658922,1625.769606,Red Volcanic,234,coffee
31.59261568167733,43.6689089051796,48.250372415099235,24.779806110587568,74.09384982123814,5.776740243502124,819.3774563483412,Loam,871,cashew
37.0,72.0,18.0,18.87614998,24.54038287,5.724242065,1054.120514,Loam,79,kidneybeans
109.0,79.0,45.0,27.66752761,79.68542782,6.490074429,1086.6464,Clay Loam,297,banana
117.0,25.0,54.0,28.68275966,92.50969311,6.150686364,291.1187663,Loam,89,muskmelon
12.0,63.0,17.0,18.358923,19.37703396,5.717143397,1384.14764,Sandy Loam,79,kidneybeans
16.0,75.0,21.0,18.50692825,23.61670065,5.679224346,870.513289,Silty Loam,79,kidneybeans
37.0,36.0,26.0,32.89300162,52.61323969,4.650536197,944.9161372,Loam,181,mango
30.0,17.0,31.0,31.20478173,54.49960506,6.804437106,946.2954663,Loam,181,mango
43.10601482825617,50.29266737373636,73.35828000107296,23.658649031896253,79.3593005277465,6.989357956712908,1623.5424099078718,Clay,437,avocado
24.0,55.0,78.0,17.30287885,15.15405941,6.64919573,755.7790384,Clay Loam,98,chickpea
90.7,62.3,65.4,22.8,71.0,5.95,1105.0,Sandy Loam,120,passionfruit
105.2,49.7,101.3,19.9,73.0,5.8,880.0,Loam,120,ribena
19.0,15.0,34.0,26.29644905,99.65809151,5.685889066,2159.195049,Red Volcanic,365,coconut
27.0,61.0,15.0,25.2653291,67.10004577,6.958054839,483.3941188,Clay Loam,102,lentil
89.0,52.0,42.0,23.09433785,81.45139295,6.14132902,1966.587013,Alluvial,169,jute
30.0,39.0,63.0,31.1,39.0,6.15,115.0,Loam,221,Sorghum
82.0,51.0,49.0,29.9,70.0,6.06,628.0,Sandy Loam,164,Maize
73.0,35.0,38.0,24.88921174,81.97927117,5.005306977,1859.461429,Clay,157,rice
20.0,27.0,41.0,20.51343484,92.51675903,5.700088663,1105.764023,Loam,216,pomegranate
64.25374771683572,30.433100542896206,51.814026998476024,25.960560596016624,79.451977397417,6.554818653592304,1600.583305670617,Loam,570,avocado
119.0,19.0,48.0,25.8,57.0,5.73,785.0,Sandy Loam,97,Tomato
15.0,36.0,27.0,27.78912455,53.96886679,5.643710216,910.1152997,Sandy Loam,180,mango
46.0,66.0,61.0,16.5,71.0,7.51,679.0,Clay,163,Wheat
74.0,22.0,42.0,22.2,67.0,6.03,444.0,Silty Loam,163,Tomato
39.0,42.0,20.0,29.3499706,61.25353851,8.055908858,408.2840673,Sandy Loam,79,mothbeans
210.0,54.0,240.0,23.7,70.5,5.8,1100.0,Sandy Loam,120,pineapple
82.0,77.0,46.0,28.9470467,82.1888998,5.901100841,958.3016448,Loam,293,banana
4.0,61.0,21.0,24.84063998,60.09116626,6.75020529,487.7790371,Loam,102,lentil
43.0,26.0,17.0,32.8,62.0,7.47,440.0,Loam,143,Sorghum
61.06491771598286,36.85475201542897,56.416387420587384,20.711946580671654,67.68481028406667,7.2612098590695044,1181.0964919539856,Loam,85,kale
83.0,95.0,50.0,26.51682337,77.79913575,5.50947065,1088.547508,Clay Loam,297,banana
43.587709406562574,39.37632062285203,69.26067095955672,28.372889392584973,67.35036372167562,7.006722714344982,1152.13483016577,Sand,874,cashew
31.0,48.0,45.0,40.78881819,92.90951393,6.563134737,1327.923586,Red Volcanic,217,papaya
50.129981980768015,25.14016783948953,94.75550221647568,26.450590111180297,61.67097963562244,5.895549467729925,1159.812052631918,Sandy Loam,134,sweet potato
34.0,75.0,24.0,23.50222822,51.29019509,4.760038039,1923.023991,Sandy Loam,158,pigeonpeas
30.0,37.0,25.0,29.89129144,80.14487166,7.120032489,547.960127,Sandy Loam,69,mungbean
50.0,46.0,52.0,31.18298415,90.21646909,6.734005648,540.1872359,Loam,195,papaya
91.0,94.0,46.0,29.36792366,76.24900101,6.149934034,928.2840911,Red Volcanic,293,banana
99.0,18.0,54.0,27.2,65.0,5.36,407.0,Loam,181,Beans
96.0,40.0,52.0,22.7,74.0,6.47,618.0,Loam,163,Maize
46.265260687177204,44.62614585831575,85.25281958730311,27.013698828806234,77.01626747842755,6.178765585565301,1116.3177975771496,Sandy Loam,136,sweet potato
37.0,36.0,27.0,27.5529736,47.90859131,5.910634533,904.0332704,Red Volcanic,180,mango
4.0,36.0,22.0,27.60887393,86.13316408,7.012740397,438.0041104,Silty Loam,69,mungbean
68.91777134203785,63.06964103464039,65.99005398700619,15.960956952109823,73.3847338075378,7.376704114499395,946.7261568089291,Loam,71,kale
72.77777871276282,57.77108476502424,74.85969668591261,25.733981153711095,73.03088265218841,6.650143920712473,1666.982966668629,Clay,603,avocado
44.68040539922842,25.041259289976598,65.63948009757402,28.67225903864911,74.13681654737888,6.373414397180084,866.8991672193495,Sand,978,cashew
32.0,33.0,35.0,20.6,65.0,7.09,244.0,Clay,124,Maize
39.0,16.0,27.0,35.53845018,52.94641947,4.934964765,915.4560427,Red Volcanic,180,mango
84.0,27.0,29.0,23.32293161,53.00366334,7.167092586,1682.644287,Clay Loam,236,coffee
9.0,60.0,21.0,29.94413861,67.31323084,7.52178027,403.7113729,Sandy Loam,104,lentil
77.63062463626542,37.146467259284236,71.52840894809268,16.875240369089347,67.56687718209133,7.428843174516841,601.3114951640331,Clay,64,kale
111.0,48.0,59.0,16.9,89.0,5.0,2832.0,Silty Clay,247,Tea
1.0,6.0,35.0,27.02269204,95.71935435,6.231662767,1471.682459,Coastal Sandy,365,coconut
92.0,46.0,81.0,21.2,53.0,7.48,823.0,Silty Clay,174,Tomato
37.0,11.0,36.0,24.24779615,85.56033312,6.710143266,1069.216033,Sandy Loam,215,pomegranate
31.0,58.0,15.0,28.31886863,60.19461399,6.167855382,453.6521251,Loam,104,lentil
67.0,42.0,40.0,22.5,69.0,6.79,758.0,Loam,114,Maize
33.987900155443306,40.833405066879685,74.60919385975154,26.252347727829914,63.95019765604323,6.239067052668614,1045.467012829198,Clay,138,sweet potato
34.0,54.0,24.0,31.2119298,41.55934359,5.026003659,688.0141783,Loam,80,mothbeans
133.0,57.0,19.0,23.54234715,75.98203329,7.947011366,841.2536744,Loam,171,cotton
52.0,30.0,38.0,20.6,77.0,6.12,273.0,Clay,222,Maize
54.01682140532215,53.751421352673034,75.5918455069914,20.093156559044,62.804390565299165,5.6551408762687165,1490.3300597440698,Sandy Loam,144,sweet potato
22.0,144.0,196.0,21.91191314,91.68748063,6.499226821,1170.761277,Sandy Loam,189,apple
125.0,60.6,160.2,24.0,65.2,6.4,700.0,Sandy Loam,120,tomato
80.85969899982595,61.109462620985084,74.95139259930744,22.22842459603512,89.7912752595926,5.636985305977088,1249.2481103968244,Clay,1282,macadamia
68.0,69.0,52.0,25.65492304,92.74501561,6.813383387,529.5477913,Sandy Loam,195,papaya
72.0,24.0,65.0,21.9,43.0,7.63,370.0,Silty Loam,128,Wheat
42.0,60.0,47.0,33.46873719,92.12746225,6.834808348,1368.277041,Sandy Loam,219,papaya
37.15372997896281,51.22894461652233,67.93925074282912,27.300643893360945,62.09895251344596,5.64062774084551,820.1080983052274,Sandy Loam,96,sweet potato
118.92135805238726,41.46841432144738,54.62618909822521,15.440306543597979,62.39349230034182,7.434108494621151,658.7854963327426,Loam,82,kale
96.0,46.0,22.0,20.58314011,69.00128641,6.499936446,662.9390357,Silty Loam,106,maize
54.0,10.0,49.0,17.5,44.0,7.12,411.0,Silty Loam,200,Wheat
73.0,45.0,37.0,23.70467146,74.63745355,6.742688094,1812.783964,Silty Clay,165,jute
69.0,20.0,39.0,25.2,56.0,7.42,806.0,Silty Loam,206,Maize
32.0,11.0,31.0,25.06871967,93.31410447,6.205931638,1348.419069,Red Volcanic,365,coconut
39.0,69.0,53.0,25.9300384,93.02357765,6.964955435,2418.202079,Red Volcanic,249,papaya
3.0,77.0,25.0,24.84906168,22.89464642,5.608165195,622.1292186,Loam,82,kidneybeans
70.0,38.0,62.0,23.5,47.0,7.38,727.0,Loam,224,Wheat
39.0,65.0,53.0,35.33294932,92.11508608,6.560743093,2356.133585,Red Volcanic,247,papaya
86.5,42.3,106.7,18.4,68.1,6.0,750.0,Loam,120,ribena
99.3,60.0,90.2,13.9,67.5,6.1,355.0,Loam,120,onions
30.0,63.0,16.0,23.60506572,21.90539577,5.525904526,1005.978728,Sandy Loam,81,kidneybeans
102.4,60.7,105.0,16.8,64.8,6.3,395.0,Clay Loam,120,cabbage
59.544081124525675,40.81659931782291,89.57961589210637,21.915207123564933,67.21262948318864,5.97560838452554,1068.7676119315354,Sandy Loam,137,sweet potato
78.3,36.5,84.2,21.1,69.0,5.7,620.0,Sandy Loam,120,ribena
37.0,66.0,85.0,20.93175255,18.91295403,6.456148474,780.6910795,Loam,100,chickpea
145.7,89.9,149.3,19.1,74.2,6.9,587.0,Loam,120,cabbage
43.0,79.0,79.0,19.40751744,18.98030507,7.806747656,802.5064637,Clay Loam,99,chickpea
58.0301382221218,34.14342292104771,47.61607264242367,29.008840220598724,48.55707071676518,5.974342725678919,622.1516837594356,Loam,97,millet
110.0,70.0,95.0,28.2,81.3,6.6,1680.0,Clay Loam,120,passionfruit
113.0,37.0,20.0,25.03300222,79.04368718,7.393441155,971.0087029,Clay Loam,174,cotton
56.43913431858209,24.346899212542297,58.254633156780976,28.303942052138943,72.2099571398186,7.193894336659953,776.6444501682905,Sandy Loam,1001,cashew
12.0,58.0,23.0,21.74600081,63.39503184,6.765091462,504.3306085,Sandy Loam,100,lentil
34.18714126342735,44.872595910865016,26.47610373686941,33.12456605256683,67.21455318103851,6.51408923996769,624.9903423635192,Sand,104,millet
20.0,19.0,35.0,34.17719782,50.62161586,6.113935087,980.0687989,Red Volcanic,182,mango
33.0,42.0,79.0,10.5,82.0,6.3,472.0,Clay,155,Wheat
66.0,28.0,28.0,19.9,61.0,5.79,375.0,Silty Loam,198,Beans
70.0,48.0,65.0,22.2,51.0,6.57,440.0,Sandy Loam,223,Maize
53.16057357069378,27.599005372716192,68.03424566766856,21.920956532562283,66.06764308684731,5.879108631367751,901.486265340437,Sandy Loam,138,sweet potato
17.0,43.0,22.0,30.06142622,45.90067655,5.498340808,410.550915,Sandy Loam,80,mothbeans
27.0,62.0,77.0,18.19737048,14.71070537,6.576415562,701.8185181,Loam,99,chickpea
112.0,44.0,60.0,26.3,64.0,7.47,510.0,Loam,183,Tomato
48.94958240175165,46.660910373404576,54.11538091247576,28.888040057070555,73.71811818161926,6.349035314745532,1450.7229957730742,Clay,111,sweet potato
4.0,14.0,41.0,19.85139326,89.80732335,6.430163481,1028.186358,Red Volcanic,214,pomegranate
70.0,42.0,43.0,23.16814977,76.66724969,6.508342839,1571.215052,Silty Clay,159,jute
4.0,19.0,43.0,18.07132963,93.14554876,5.779427402,1063.602023,Loam,215,pomegranate
29.0,68.0,23.0,24.1638445,19.27907819,5.82738029,1167.324324,Silty Loam,82,kidneybeans
73.0,64.0,73.0,29.4,73.0,6.39,910.0,Loam,101,Maize
65.0,46.0,39.0,27.4,76.0,5.69,484.0,Clay,185,Beans
75.90985079744046,59.24914369315512,58.77358072382185,15.856505613648325,62.05323613809105,6.382008289029347,1030.9682235042128,Loam,64,kale
115.5,60.5,178.0,23.8,68.0,6.5,710.0,Sandy Loam,120,tomato
110.1115504769057,45.64127353815532,71.35775927574089,20.3579808611333,84.37655107150039,6.030856086048083,696.6451706392195,Clay,75,kale
53.23299508129277,42.58570335016546,98.65404158364132,21.393180944280935,76.13922408466904,6.190290463920947,1216.774836589636,Clay,110,sweet potato
118.4,74.3,115.7,16.9,75.2,7.1,450.0,Silty Loam,120,cabbage
71.93095896112945,40.859849309646826,60.98159528295191,23.708226312069584,88.71526295628915,5.158504144246566,1641.6362714327988,Loam,1131,macadamia
118.6,69.5,97.2,20.5,68.1,6.8,480.0,Loam,120,onions
63.0,54.0,58.0,18.7,55.0,6.06,747.0,Clay,178,Wheat
51.11706337892193,49.1986080626606,46.18490087504034,30.24938525663552,60.41343986943191,5.54619478627758,1132.3207245497488,Sandy Loam,1070,cashew
32.0,141.0,204.0,8.825674745,82.89753705,5.536645599,672.35765,Loam,154,grapes
100.0,41.0,22.0,22.4204752,84.55794703,7.318802162,934.6595573,Clay Loam,173,cotton
6.0,77.0,20.0,25.78746268,60.2816298,6.058306161,491.4337177,Loam,102,lentil
210.6,55.7,260.4,23.9,68.6,4.8,1105.0,Sandy Loam,120,pineapple
80.0,30.0,25.0,26.24092174,65.64381357,7.487266991,1483.771202,Clay Loam,229,coffee
6.0,72.0,15.0,22.99451999,66.70897237,7.670178119,544.9044154,Sandy Loam,101,lentil
95.0,38.0,22.0,19.84939404,61.24500053,5.730617109,1007.689246,Silty Loam,115,maize
11.0,71.0,17.0,19.9191786,21.47324158,5.74644777,826.8554379,Silty Loam,79,kidneybeans
48.293612906625384,48.75488242596249,56.03543281328125,27.216678447220353,71.07152044965537,6.034199870834157,937.300011963755,Loam,111,sweet potato
113.0,73.0,25.0,17.4,72.0,6.24,1922.0,Loam,181,Tea
38.0,36.0,21.0,28.02952623,84.8845732,6.556372966,361.2042927,Silty Loam,69,mungbean
99.0,21.0,83.0,11.7,56.0,6.72,662.0,Loam,197,Wheat
58.314732877282374,56.2631914936771,64.53990042154406,22.144286052448187,70.18417244226208,6.008822301819017,1372.5994897360306,Clay,145,sweet potato
38.0,77.0,22.0,28.234829,69.3159965,6.313284268,353.6831423,Clay Loam,104,lentil
14.0,67.0,22.0,23.82576704,24.75485098,5.624690248,846.4143632,Loam,81,kidneybeans
149.7,78.4,214.6,24.3,75.9,6.9,880.0,Red Volcanic,120,tomato
92.0,7.0,48.0,26.27520631,86.63249555,6.956508826,543.8748495,Loam,88,watermelon
88.0,58.0,75.0,23.2,66.8,6.0,980.0,Silty Loam,120,passionfruit
25.0,51.0,24.0,25.5042419,61.66852372,9.392694614,650.7981523,Sandy Loam,78,mothbeans
39.0,71.0,84.0,20.28155898,16.39535215,8.140825437,825.2339655,Clay Loam,100,chickpea
19.0,7.0,9.0,27.255435,91.71369387,6.969883483,1011.39435,Loam,213,orange
101.0,37.0,18.0,22.92360984,82.68738535,7.63737841,929.1915074,Clay Loam,173,cotton
91.0,55.0,15.0,18.09300227,72.61024172,6.376651091,789.6159541,Sandy Loam,109,maize
21.0,38.0,20.0,27.10508014,63.56791363,5.794289715,622.0279647,Loam,79,mothbeans
88.3,50.9,110.6,16.8,64.5,6.3,810.0,Sandy Loam,120,ribena
102.0,45.0,120.0,20.0,73.0,6.0,880.0,Silty Loam,120,ribena
28.0,123.0,202.0,22.76643029,92.12438519,6.442289294,1204.359949,Loam,190,apple
36.0,23.0,11.0,26.6,60.0,5.98,749.0,Clay,211,Beans
43.1516026891028,27.682174348905534,77.51030207518363,27.3118072207289,70.78263308439914,5.995252993019584,1279.8361691050206,Clay,95,sweet potato
10.0,5.0,26.0,32.4,76.0,5.04,1036.0,Sandy Loam,216,Cassava
84.0,44.0,21.0,21.869274,61.91044947,5.850439831,1072.681929,Silty Loam,116,maize
93.0,61.0,83.0,22.5,69.9,6.1,1050.0,Red Volcanic,120,passionfruit
108.0,60.0,17.0,22.75805656,76.75768356,6.558902588,977.6600619,Clay Loam,174,cotton
26.0,18.0,30.0,32.06097197,51.08494181,6.336234624,965.9816497,Red Volcanic,182,mango
93.0,58.0,38.0,20.61521424,83.77345559,6.932400225,2795.451717,Silty Clay,175,rice
31.0,8.0,7.0,34.51465139,93.63812684,7.163245982,1035.684926,Red Volcanic,214,orange
73.0,45.0,21.0,24.60532218,73.58868502,6.636803223,965.9195302,Loam,114,maize
78.0,52.0,70.0,22.3,75.6,6.0,980.0,Loam,120,passionfruit
88.9,78.4,81.5,17.2,62.9,6.4,385.0,Silty Loam,120,onions
111.0,53.0,19.0,23.96436009,78.02763149,6.419536555,846.3148859,Loam,171,cotton
117.0,34.0,25.0,24.83846178,56.7685316,7.21270048,1244.135035,Loam,221,coffee
98.0,49.0,53.0,24.1,43.0,7.15,714.0,Sandy Loam,216,Maize
111.9,80.2,109.4,16.9,65.7,6.6,447.0,Silty Loam,120,cabbage
48.0,62.0,47.0,25.34756111,93.02871078,6.803094965,1744.012337,Sandy Loam,229,papaya
72.0,40.0,27.0,29.2,61.0,7.17,910.0,Silty Clay,107,Tomato
3.0,78.0,18.0,20.21368219,68.65257685,6.887130053,508.9732989,Sandy Loam,100,lentil
14.0,128.0,205.0,22.60800988,94.58900601,6.226289556,1160.396587,Silty Loam,188,apple
61.522573698750236,40.08626045283263,64.52673402081838,20.677821630745562,71.29842890322331,5.861809576079074,1328.3165808789859,Clay,106,sweet potato
40.997727184800056,47.337900116990966,47.772312482004864,28.865485994574364,73.4384733210463,6.860497355778092,848.5442485715538,Sandy Loam,879,cashew
35.0,13.0,67.0,23.2,80.0,7.51,1051.0,Loam,178,Cassava
98.82494031470726,42.38768498218047,100.09123384544817,18.29011478390204,72.40951656565842,6.3904542607609685,1197.1774024090969,Loam,135,potato
34.0,66.0,17.0,18.81097271,21.27833035,5.889614577,1250.84915,Sandy Loam,79,kidneybeans
43.71398075654675,53.81238651975592,85.78015670986318,29.878390220463405,77.08673624657253,6.031696826973572,1284.571885003295,Clay,133,sweet potato
57.0,40.0,61.0,25.3,56.0,7.38,1007.0,Loam,167,Tomato
75.12290446203923,56.719134599141526,46.86197288569497,24.174778890392837,73.51554841912676,6.218109333025685,1218.643644548868,Loam,476,avocado
111.0,40.0,25.0,24.484692,84.44932014,6.187455799,909.4342484,Clay Loam,172,cotton
91.0,21.0,50.0,24.33528185,81.44030363,6.762030215,483.2113628,Sandy Loam,88,watermelon
162.4,82.1,230.6,24.8,74.0,6.7,980.0,Red Volcanic,120,tomato
390.0,95.0,380.0,30.2,80.3,5.8,1420.0,Loam,120,pineapple
32.1,71.4,59.8,22.3,63.7,6.9,468.0,Sandy Loam,67,beans
83.5868354764435,54.06022361386728,46.287409418649,22.726335732957434,87.23776288515516,6.204407592539685,1419.7556706054688,Sandy Loam,1593,macadamia
80.03225675845289,48.08306784184338,65.0930617926447,22.431942544250386,77.1172559685983,7.055610815581144,714.8092842984153,Loam,66,kale
5.0,32.0,33.0,32.32362177,52.5896771,5.842763773,933.6718816,Red Volcanic,181,mango
2.0,56.0,23.0,26.65333029,59.79023382,7.550090941,369.1852635,Loam,78,mothbeans
66.12471003606012,64.95983115687858,73.26141207503531,23.89915768065707,85.96063550192014,6.244842407070447,1380.3260344393684,Loam,1197,macadamia
74.0,56.0,22.0,18.28362235,66.65952796,6.829199275,809.7573281,Sandy Loam,110,maize
69.0,66.0,49.0,40.00439101,90.17015833,6.52711001,921.1877372,Red Volcanic,206,papaya
134.0,52.0,18.0,23.9643129,76.59175937,7.994679507,761.3090645,Loam,169,cotton
20.0,129.0,201.0,23.41044706,91.69913296,5.587905967,1160.777931,Loam,188,apple
291.3,65.9,278.5,26.4,69.6,5.3,980.0,Sandy Loam,120,pineapple
69.0,47.0,36.0,19.6,84.0,5.78,400.0,Loam,216,Beans
31.0,30.0,29.0,26.58580443,90.98617591,5.558807063,1788.116076,Sandy Loam,365,coconut
80.5,37.9,95.0,18.8,66.3,5.7,710.0,Silty Loam,120,ribena
91.0,29.0,64.0,25.2,81.0,6.74,593.0,Silty Clay,198,Tomato
71.0,17.0,56.0,21.5,68.0,5.74,694.0,Clay,140,Beans
98.0,29.0,30.0,25.64004392,61.03273481,6.217974349,1994.735636,Red Volcanic,246,coffee
31.0,35.0,23.0,30.30260453,47.18283631,7.707595055,680.4039813,Loam,80,mothbeans
77.0,37.0,30.0,20.8,54.0,6.5,458.0,Loam,195,Wheat
120.0,75.0,100.0,29.0,69.0,6.3,1720.0,Loam,120,passionfruit
73.53745345102745,46.628235670930025,41.85293445532973,25.425027435603983,79.43366366906965,6.35038976563636,1016.0720495337795,Loam,480,avocado
104.0,36.0,108.0,30.9,76.0,6.12,850.0,Silty Clay,244,Tomato
80.0,45.0,37.0,22.5,52.0,6.02,587.0,Sandy Loam,203,Wheat
49.0,43.0,39.0,19.7,62.0,7.07,814.0,Silty Clay,159,Maize
82.0,35.0,35.0,25.49386782,86.97061481,7.299076163,1765.268267,Clay Loam,164,jute
34.0,45.0,21.0,28.18837136,82.60629652,6.287380117,370.1110438,Loam,69,mungbean
45.065847327720114,39.828978031513124,37.76328991537092,28.56149719821468,59.07237290938778,7.219668243688368,555.3658952838957,Sand,98,millet
47.07462154749943,36.725775967486165,45.611429909506384,25.662883392342927,72.70972525041918,7.372374428946709,1139.8356536296214,Sandy Loam,950,cashew
28.0,27.0,32.0,28.94099669,93.00109012,5.764615485,1917.723087,Red Volcanic,365,coconut
78.8438474900417,40.88195568567887,50.544159192540405,16.748920732881103,84.772498356423,7.443098426558824,1071.3118426292074,Loam,61,kale
90.0,86.0,55.0,27.96236771,84.15403614,5.644486582,975.5986676,Clay Loam,294,banana
38.0,11.0,27.0,34.2,37.0,6.08,515.0,Silty Clay,132,Sorghum
31.0,130.0,198.0,21.80129837,92.73446667,5.554823557,1200.586671,Sandy Loam,190,apple
40.35051094093744,38.167606553341805,62.69913652583738,22.741757001755133,82.5959580593826,5.804022747037778,1505.6845034942107,Loam,417,avocado
72.5,33.9,88.5,17.8,65.5,5.6,640.0,Sandy Loam,120,ribena
51.38704988547073,59.228390311743155,53.24210171717991,17.322469420329483,86.62092006389011,5.085626933113098,1634.9526660046934,Loam,1635,macadamia
106.0,10.0,49.0,27.72653142,92.00687531,6.350623739,202.1126747,Sandy Loam,89,muskmelon
40.29890498347704,52.438838667896505,62.044216702707764,29.046010568046537,64.44935316505399,6.39494164502355,1421.3908518123053,Sandy Loam,146,sweet potato
99.0,54.0,37.0,21.14347496,80.33502926,5.594819626,1986.730942,Silty Clay,159,rice
42.7567459889923,41.274671497360366,62.93910371948937,20.929839225774725,69.98090491209969,5.629498418471323,1538.160504862573,Sandy Loam,465,avocado
272.4,80.0,330.0,28.4,78.3,5.6,1180.0,Red Volcanic,120,pineapple
44.0,57.0,53.0,42.30495821,90.51431779,6.93172108,748.76786,Red Volcanic,201,papaya
67.65228478856977,49.632770863074,50.87411830841967,23.821111383901393,81.86569073364717,6.735579984917888,1536.3725745683641,Loam,428,avocado
25.0,35.0,20.0,28.90245417,43.35365671,8.923095695,719.0018566,Sandy Loam,79,mothbeans
104.0,25.0,55.0,29.81196601,90.36881284,6.123802502,226.8766503,Loam,89,muskmelon
180.0,95.0,230.0,26.5,75.6,6.9,990.0,Red Volcanic,120,tomato
112.90427125900666,42.13147478073603,79.64008548942542,21.454505684329995,82.01629691868666,6.032433841739463,711.9616867524394,Sandy Loam,62,kale
19.0,39.0,17.0,29.2808618,81.8009244,6.890156495,444.7427436,Silty Loam,69,mungbean
121.0,62.0,57.0,20.7,88.0,7.24,419.0,Loam,149,Maize
123.8,71.5,117.3,18.3,69.7,6.7,480.0,Silty Loam,120,cabbage
62.0,22.0,28.0,24.0,60.0,6.14,437.0,Sandy Loam,236,Maize
37.0,7.0,63.0,30.0,91.0,6.95,1104.0,Loam,233,Cassava
14.0,21.0,35.0,29.52501367,91.91185319,6.121005506,1943.100272,Red Volcanic,365,coconut
71.0,54.0,35.0,26.63952463,70.95705996,7.311077075,1993.355744,Clay Loam,169,jute
34.0,60.0,23.0,20.12574053,24.96969858,5.659254981,1000.497183,Loam,80,kidneybeans
60.0,48.0,39.0,24.28209415,80.30025587,7.042299069,2310.863347,Clay Loam,166,rice
31.0,20.0,26.0,25.56567803,97.61361544,6.443168642,1997.936345,Sandy Loam,365,coconut
6.0,48.0,24.0,28.6362812,84.61431076,6.790736339,484.8319335,Silty Loam,69,mungbean
102.0,11.0,47.0,27.98780984,92.78226196,6.504906979,271.4509034,Sandy Loam,89,muskmelon
145.3,68.7,198.4,23.5,72.1,6.6,780.0,Loam,120,tomato
92.1,44.8,70.2,23.7,68.9,5.9,910.0,Sandy Loam,120,passionfruit
66.18515336553449,45.80463736008739,69.9197846124606,15.731158325826852,83.40986820553566,7.442280732658668,706.7057874192556,Sandy Loam,63,kale
108.0,72.0,46.0,25.16278237,84.97849241,6.110844721,909.4554618,Loam,292,banana
43.38754534998344,20.619662763685124,43.12860207508854,26.320798966389148,41.359929990227,5.971181528606801,673.3930351994361,Sandy Loam,79,millet
14.0,48.0,21.0,29.24598976,84.80084105,6.991242362,534.3228915,Loam,69,mungbean
115.0,18.0,53.0,29.17052093,94.19790371,6.012480351,220.6994464,Loam,89,muskmelon
39.0,132.0,196.0,35.83089092,83.32560104,5.778594403,736.7984885,Loam,167,grapes
114.0,40.0,23.0,25.53676123,81.13668716,6.753978061,954.262599,Clay Loam,173,cotton
61.0,41.0,44.0,24.36972377,82.11319791,6.537914958,1599.210934,Alluvial,159,jute
26.0,32.0,32.0,30.91471455,49.92963856,6.810186079,901.4047759,Sandy Loam,180,mango
109.0,29.0,28.0,23.26316991,60.5160021,6.724688503,1941.755471,Loam,244,coffee
105.13010056872125,47.66342210149902,119.21187596187252,15.538003592789963,83.27889595827324,5.7306543185007675,1217.7371534369304,Sandy Loam,122,potato
68.20394318420364,51.746085083866525,84.12726700998127,19.06912948375456,80.83319028697474,5.122570107391104,1469.012844355194,Clay,1637,macadamia
68.4,40.8,87.3,18.7,65.7,5.8,690.0,Loam,120,ribena
60.0,58.0,51.0,42.07213781,92.92203105,6.840802254,1657.412972,Red Volcanic,227,papaya
122.3,73.4,119.7,17.7,66.2,6.7,520.0,Clay Loam,120,cabbage
31.0,40.0,22.0,29.40889385,86.16063492,6.365513634,533.5486977,Silty Loam,69,mungbean
32.58081359129943,40.265015165443586,52.47011038912906,25.866321532018617,73.76793026058611,6.840198963412111,927.4698983282753,Sandy Loam,743,cashew
97.0,29.0,27.0,27.74576987,54.36976075,7.205078785,1398.619431,Loam,226,coffee
11.0,124.0,204.0,13.42988625,80.06633966,6.361141107,714.0043037,Sandy Loam,156,grapes
95.0,52.0,66.0,18.6,62.0,6.19,541.0,Loam,210,Wheat
3.0,60.0,19.0,25.74679443,40.7192594,4.820788186,1007.791633,Loam,140,pigeonpeas
78.61396723097758,60.2360619006938,59.796322869790075,16.20178258289065,81.72829408845284,5.563520888603994,1372.052122487619,Loam,1695,macadamia
65.7,34.8,86.1,15.6,66.5,5.6,620.0,Sandy Loam,120,ribena
90.8,52.9,85.0,14.8,64.1,6.9,410.0,Loam,120,onions
85.0,45.0,42.0,20.0,57.0,7.29,707.0,Loam,263,Wheat
34.0,15.0,34.0,27.05826457,91.10510371,5.677282678,2247.006953,Coastal Sandy,365,coconut
117.0,72.0,81.0,25.6,44.0,5.74,1129.0,Silty Loam,155,Tomato
72.0,45.0,35.0,25.42977518,82.94682591,5.758506323,1953.574542,Clay Loam,159,rice
14.0,41.0,17.0,29.12939524,88.48312598,7.085982325,364.5012824,Sandy Loam,69,mungbean
78.0,58.0,44.0,26.80079604,80.88684822,5.108681786,2844.364567,Clay Loam,176,rice
34.0,21.0,42.0,18.75927679,89.93457597,6.648687274,1110.196744,Sandy Loam,217,pomegranate
99.0,36.0,20.0,20.57981887,65.34583901,6.671085817,783.4604471,Sandy Loam,109,maize
30.0,25.0,31.0,26.31270635,98.62048026,5.804965067,2081.181381,Coastal Sandy,365,coconut
101.0,45.0,37.0,21.1,64.0,6.57,685.0,Loam,209,Maize
31.0,12.0,92.0,25.0,84.0,5.09,790.0,Loam,221,Cassava
76.18245369109012,42.558121582714804,84.17072027334896,19.313628808197535,81.40072313896489,5.306124454609242,1138.3456315344495,Loam,133,potato
87.6,49.8,66.5,13.9,61.2,6.7,355.0,Silty Loam,120,onions
18.0,23.0,30.0,20.5,79.0,6.96,1016.0,Loam,166,Cassava
85.0,50.0,59.0,30.8,60.0,6.38,750.0,Sandy Loam,222,Maize
77.1779062008209,69.91139862864487,82.06947095791647,17.563837950908344,74.27834976043181,5.878934274121237,1482.5051505912866,Loam,101,potato
85.07486854187178,67.54289055059772,119.74817331935168,16.064429655097367,81.99460191770812,5.673242338266052,1201.5758329727425,Loam,112,potato
130.0,79.0,68.0,21.9,89.0,6.11,1802.0,Clay,138,Tea
106.19854979338305,40.0442365790379,58.447281286592414,19.547550674196938,66.25552448982356,6.513709085236736,1145.5461659012806,Sandy Loam,80,kale
48.737764452249664,54.373714478699554,67.54110660159327,20.366296698740197,72.01917616192691,6.434707405521546,775.8109397177318,Sandy Loam,90,sweet potato
56.69144812018162,38.24624604536017,59.77520536659,28.957459832880417,79.16511580790684,5.590454090362791,630.0605776981741,Loam,963,cashew
59.0,20.0,41.0,34.7,66.0,7.72,187.0,Loam,152,Sorghum
67.0,43.0,61.0,16.4,67.0,7.72,321.0,Sandy Loam,181,Wheat
31.0,24.0,63.0,27.4,59.0,5.91,746.0,Loam,139,Beans
78.0,46.0,42.0,23.09499564,78.45959697,7.095413294,1553.851533,Alluvial,158,jute
108.0,33.0,31.0,23.69287069,66.76090123,7.393825704,1446.576424,Loam,228,coffee
31.0,25.0,12.0,18.05142392,90.03969587,7.016482298,1117.793889,Loam,217,orange
87.0,21.0,52.0,27.3506296,94.2911951,6.067665498,272.1244021,Loam,89,muskmelon
21.9,40.5,52.6,17.9,66.8,6.2,410.0,Loam,65,beans
36.0,66.0,15.0,30.08545364,69.34811988,6.668238556,671.367443,Loam,80,blackgram
74.0,43.0,23.0,25.95263264,61.89082199,6.325235159,995.7981207,Loam,114,maize
105.0,62.0,90.0,23.8,68.1,6.8,980.0,Sandy Loam,120,passionfruit
35.0,9.0,91.0,11.3,67.0,7.93,771.0,Silty Clay,193,Wheat
118.2,63.8,173.2,22.1,67.6,6.2,710.0,Sandy Loam,120,tomato
168.4,82.7,229.1,26.2,78.6,6.7,980.0,Red Volcanic,120,tomato
58.434078749127,29.241865789000016,39.20861508094862,24.297463489479895,73.94475489989246,5.83699756316503,602.321589411632,Loam,794,cashew
109.0,24.0,89.0,21.7,66.0,6.06,888.0,Sandy Loam,148,Tomato
32.0,13.0,42.0,23.50128217,92.97527546,5.786058032,1066.1905,Sandy Loam,215,pomegranate
70.0,50.0,53.0,37.4620912,90.44967809,6.933809743,1723.458448,Sandy Loam,229,papaya
81.0,45.0,23.0,19.32666088,68.034493,6.192360003,842.2969177,Sandy Loam,111,maize
45.0,56.0,38.0,21.9,58.0,7.03,400.0,Loam,213,Wheat
58.0,46.0,45.0,42.39413392,90.79028064,6.576261427,884.6607497,Red Volcanic,205,papaya
112.13660751690514,59.97604898742579,61.99686088859476,18.6731214370194,76.64513147176089,7.479942068134607,883.8663788630719,Loam,77,kale
29.0,65.0,64.0,23.0,67.4,6.8,470.0,Sandy Loam,67,beans
89.0,22.0,52.0,24.89681131,86.10782926,6.217300786,531.4626213,Sandy Loam,88,watermelon
69.02463679158703,59.19919548428814,64.96115325694609,21.241167334644103,73.24286252434088,6.399765902764237,1222.0579582711296,Clay,1422,macadamia
55.712680892136724,69.83975868720805,55.04809652361256,24.133950446083755,86.51207034976792,5.895785467537004,1561.868958783744,Sandy Loam,1744,macadamia
140.0,40.0,17.0,22.72767171,77.07598065,6.006085786,775.5176318,Clay Loam,169,cotton
23.0,30.0,33.0,29.0,74.0,7.48,536.0,Loam,164,Beans
109.0,12.0,48.0,29.45771748,92.12534736,6.708743843,207.6212031,Sandy Loam,89,muskmelon
16.0,65.0,19.0,27.61204997,69.29786244,7.043160241,427.2374404,Sandy Loam,103,lentil
71.0,21.0,19.0,23.2,71.0,6.54,232.0,Sandy Loam,176,Beans
39.0,5.0,31.0,27.10134661,93.69979946,5.551963184,1509.502632,Red Volcanic,365,coconut
69.42630240448429,57.32584861604485,91.0780271031594,26.585594576054497,63.94272832590242,6.099064037559493,860.1686803629359,Clay,117,sweet potato
95.0,37.0,35.0,27.31317116,68.4233391,6.348337519,1924.288139,Loam,244,coffee
104.0,51.0,37.0,15.0,52.0,6.21,414.0,Clay,175,Wheat
50.537174496938526,42.30894973508586,71.87281878926726,15.431310847264996,77.463831796078,5.853167349184521,1507.704769094529,Loam,1415,macadamia
38.0,61.0,21.0,30.27374995,67.38680755,4.696518678,1277.767134,Red Volcanic,145,pigeonpeas
13.0,121.0,196.0,22.20700989,93.50574163,6.443382913,1201.593771,Sandy Loam,190,apple
65.0,28.0,13.0,25.2,41.0,7.28,248.0,Silty Clay,118,Beans
74.0,40.0,40.0,25.13842773,83.12053888,6.386259978,1693.388465,Silty Clay,162,jute
8.0,45.0,18.0,27.93034941,85.42058715,7.011030515,432.5095608,Sandy Loam,69,mungbean
136.0,36.0,20.0,23.09595631,84.86275707,6.925412377,712.9581071,Loam,167,cotton
21.080550182122316,39.50973929582234,49.016136779560476,27.320503885837464,58.38110538108728,7.3061128236691015,688.4467230677284,Loam,118,millet
18.5,60.0,66.0,18.8,65.0,6.2,460.0,Silty Loam,66,beans
39.0,70.0,52.0,26.26559543,90.79668055,6.65149129,594.9373381,Sandy Loam,196,papaya
26.0,56.0,22.0,23.05276444,60.424786,7.011121216,526.0285259,Clay Loam,101,lentil
56.0,6.0,15.0,27.6,46.0,5.63,136.0,Silty Loam,254,Sorghum
37.0,62.0,22.0,24.02037872,61.62313345,7.397546271,497.8102578,Loam,102,lentil
104.0,80.0,54.0,27.09062164,81.33506906,5.879119455,1101.331182,Clay Loam,297,banana
36.0,8.0,98.0,18.5,74.0,5.67,766.0,Silty Clay,129,Cassava
78.2,41.0,87.3,18.9,69.4,6.1,630.0,Sandy Loam,120,ribena
70.0,38.0,92.0,17.9,64.0,5.8,650.0,Silty Loam,120,ribena
48.442023918455064,22.929976157084432,40.02647260747952,26.946899847194874,63.73679599663599,7.324633752145713,381.57658874971355,Sand,101,millet
134.0,56.0,18.0,23.80834611,83.91902605,6.691268104,709.7358303,Loam,167,cotton
51.0,29.0,46.0,21.3,56.0,7.22,651.0,Sandy Loam,156,Maize
119.0,25.0,51.0,26.47330219,80.92254421,6.283818329,536.5742581,Loam,88,watermelon
135.0,33.0,51.0,19.0,74.0,4.78,2166.0,Clay,164,Tea
76.0,57.0,18.0,18.9802729,74.52600826,6.092725883,942.6249353,Loam,113,maize
49.0,80.0,59.0,25.9,84.0,5.96,745.0,Sandy Loam,180,Tomato
78.39724440589865,72.35023181833323,128.7351771673709,13.880341247629346,75.55958433996287,5.339110912428547,1156.6354452903274,Loam,137,potato
13.0,44.0,32.0,27.9,33.0,6.49,441.0,Silty Loam,150,Sorghum
66.5251510375696,55.86214943637796,60.55550763121583,29.810456042545027,61.769766471308515,5.5833684820492735,1478.3550069314613,Sandy Loam,136,sweet potato
44.0,9.0,61.0,27.9,49.0,6.35,393.0,Clay,164,Sorghum
350.2,90.5,370.8,30.1,82.3,5.2,1400.0,Red Volcanic,120,pineapple
101.40722116640625,63.63289978709574,87.68875240357738,19.73382349650516,88.95839365849494,6.4959715895602965,1325.4724358941264,Loam,106,potato
72.0,40.0,38.0,20.41447029,82.20802629,7.592490617,2451.511304,Silty Clay,169,rice
33.0,134.0,205.0,21.0365275,94.33919546,6.08551916,1147.412734,Silty Loam,188,apple
46.43784481055247,19.80902955288336,43.3594971000999,31.839516390291656,47.89441208099821,7.4225264558038315,545.3671324845986,Sandy Loam,81,millet
91.0,56.0,37.0,23.43191632,80.56887849,6.363472208,2695.039162,Clay Loam,173,rice
29.0,144.0,204.0,22.43324518,92.48667725,5.800448951,1191.025189,Loam,189,apple
2.0,123.0,198.0,39.64851881,82.21079946,6.253034534,703.9906054,Loam,169,grapes
57.0,68.0,81.0,17.17012591,17.30457712,8.081095263,727.8624223,Loam,98,chickpea
45.0,62.0,39.0,22.9,55.0,6.98,768.0,Loam,190,Wheat
100.0,24.0,28.0,25.59535262,57.72920846,7.101661011,1957.733251,Clay Loam,245,coffee
25.0,22.0,62.0,20.5,90.0,6.62,1402.0,Loam,190,Cassava
66.0,58.0,35.0,23.5643831,79.46283115,7.321619041,1852.5947,Alluvial,166,jute
63.36059448928002,60.58068784791435,106.92856090171689,14.254414617760403,85.26887583929675,6.143790039445824,1389.6618147389017,Loam,98,potato
23.0,29.0,75.0,31.6,92.0,5.52,683.0,Loam,179,Cassava
68.0,49.0,56.0,15.9,54.0,7.88,544.0,Loam,202,Wheat
101.3,46.9,120.0,21.2,64.8,6.0,640.0,Silty Loam,120,ribena
111.0,5.0,50.0,27.59350075,91.79742953,6.399891457,248.4266123,Loam,89,muskmelon
119.0,57.0,54.0,10.2,66.0,6.45,411.0,Sandy Loam,189,Wheat
284.9,74.5,310.7,28.9,73.4,5.2,1175.0,Loam,120,pineapple
29.0,45.0,16.0,28.43683487,87.91332682,6.583381939,431.2063289,Sandy Loam,69,mungbean
91.0,35.0,38.0,24.8972823,80.52586088,6.13428721,1836.793207,Clay,156,rice
410.0,99.0,395.0,31.1,81.0,6.0,1500.0,Loam,120,pineapple
109.66221648283525,68.2814067631312,126.45877570254919,16.276860914074664,74.49413915206311,5.889527892757139,1362.0655677000864,Clay,111,potato
41.0,27.0,58.0,16.8,72.0,6.29,504.0,Clay,172,Beans
35.09071979567905,28.199364436335124,35.05593560064617,29.439419774544636,46.3511057908281,6.66648912955911,368.2674642587088,Sandy Loam,110,millet
44.0,60.0,55.0,34.2804607,90.55561637,6.825371185,985.4047745,Sandy Loam,208,papaya
50.44953609323521,26.659939888166882,45.10122538064664,33.12066816921691,66.03487569158581,6.844858325902551,629.0924502154955,Loam,103,millet
103.51250287779072,64.45093223514259,83.12229656973207,10.276936492969032,79.21794940812968,6.486901602550903,1296.00286624226,Sandy Loam,105,potato
25.0,78.0,76.0,17.48042641,15.7559405,7.228963452,669.6980581,Sandy Loam,98,chickpea
24.0,37.0,21.0,30.573999,58.22686794,5.818219385,627.4803826,Sandy Loam,80,mothbeans
50.60716593531684,31.976675465148638,73.69917352869517,18.511931260695505,72.21715894009324,6.157492016464297,1762.6384585083372,Clay,637,avocado
13.0,60.0,25.0,17.13692774,20.59541693,5.68597166,1282.56862,Silty Loam,78,kidneybeans
35.00926633465442,17.668642426954975,43.4351026791802,34.878362425364074,48.984339982879405,5.81825790993462,490.26908370480567,Sandy Loam,93,millet
110.0,72.0,29.0,16.2,78.0,4.78,1576.0,Silty Clay,178,Tea
79.85913149255042,54.02101777046293,72.09904839350358,17.379504937146084,83.99906566095677,5.288131150488396,1903.53840800334,Loam,1145,macadamia
49.0,40.0,36.0,22.7,70.0,7.27,318.0,Sandy Loam,190,Beans
156.3,77.2,210.5,25.1,68.3,6.8,745.0,Sandy Loam,120,tomato
75.5,40.0,60.0,19.8,60.5,5.6,860.0,Loam,120,passionfruit
20.0,28.0,26.0,26.37978453,91.49882979,5.547594847,1670.470997,Sandy Loam,365,coconut
135.7,66.8,195.3,22.4,70.0,6.5,650.0,Clay Loam,120,tomato
100.86354588751814,61.33152840121054,55.33564898796567,18.072347057153042,68.76089308280386,7.063698429880738,660.7915234842972,Clay,84,kale
107.0,43.0,18.0,22.426733,81.53480799,6.745104394,655.4475812,Loam,166,cotton
24.0,130.0,195.0,29.99677232,81.54156612,6.112305667,671.2534492,Sandy Loam,164,grapes
69.0,12.0,69.0,24.7,50.0,6.48,352.0,Clay,160,Maize
30.0,127.0,204.0,22.50050273,92.45878335,6.126436584,1009.343903,Loam,183,apple
93.0,26.0,27.0,24.59245684,56.46829641,7.288211994,1377.044047,Clay Loam,225,coffee
62.0,34.0,63.0,28.8,22.0,7.65,127.0,Sandy Loam,167,Sorghum
67.47635654051555,53.878241130180754,75.78621505819791,18.107087353161774,83.62672118886428,6.464973086193405,1515.5750527516057,Sandy Loam,688,avocado
50.63553560147372,46.53022742346976,55.94069676958242,29.2477750064128,77.5241256954969,5.746058623294747,878.1344194371034,Sandy Loam,1059,cashew
23.0,75.0,25.0,31.07508973,47.19847683,7.077170002,913.1256412,Sandy Loam,138,pigeonpeas
4.0,59.0,25.0,27.68515114,81.94268594,6.227134139,546.2243308,Sandy Loam,69,mungbean
59.55281764117394,41.98678552323064,45.57751229768507,24.67365458338438,68.35285104739658,6.346203035270019,1683.465364204063,Clay,586,avocado
4.0,44.0,19.0,27.95639663,83.52706038,6.921993878,432.5726752,Loam,69,mungbean
118.0,31.0,34.0,27.54823036,62.88179198,6.123796057,1814.170812,Red Volcanic,240,coffee
63.15410376695821,48.17920061248008,76.77436647279622,24.278750693830922,78.91837464745953,6.138833866720869,1047.5319880578188,Loam,66,kale
94.0,54.0,17.0,23.39128187,61.74427165,5.871647806,1073.198135,Loam,116,maize
40.0,140.0,195.0,14.97846952,80.49979873,6.294395676,716.3437433,Loam,157,grapes
6.0,47.0,18.0,29.16174608,80.28038146,6.715276663,401.6545979,Sandy Loam,69,mungbean
114.0,20.0,26.0,25.55656667,62.67087838,7.27905689,1935.866233,Clay Loam,244,coffee
83.0,94.0,47.0,27.39872329,81.10523402,6.469370954,1121.355384,Clay Loam,298,banana
76.73656437157707,62.48749437352077,82.53712570003046,17.27111164083798,83.03871355611196,6.091729684908524,1351.739725729543,Loam,1306,macadamia
118.0,18.0,32.0,27.6496114,51.11044023,6.351823783,1228.392822,Loam,220,coffee
101.50780323906208,51.72428701804908,67.48057768655548,19.778207063298986,72.8243828222558,6.1629400480165515,839.1187067117471,Clay,71,kale
105.7,55.2,165.4,21.8,66.7,6.9,640.0,Clay Loam,120,tomato
119.0,90.0,48.0,28.66725136,79.59242542,5.986442306,1182.583441,Red Volcanic,299,banana
98.4,58.9,78.4,18.9,62.4,6.9,365.0,Loam,120,onions
41.21023562081957,18.37716424834726,35.71274352504052,25.612023892940183,46.480820148490295,6.213238207959158,542.0442323398712,Sandy Loam,98,millet
25.0,27.0,25.0,20.2,67.0,6.23,511.0,Sandy Loam,148,Beans
59.0,43.0,41.0,21.5,69.0,6.28,496.0,Loam,152,Tomato
64.1,33.2,89.8,16.9,64.7,5.5,705.0,Sandy Loam,120,ribena
51.66716037330366,46.82520855070007,63.37981723612392,17.6622881820925,78.93812260269391,5.822860196550416,1743.8401165847167,Loam,1394,macadamia
38.0,60.0,20.0,29.84823072,60.63872613,7.491217102,468.0452595,Loam,104,lentil
36.267000484896,41.72993833102964,44.592276360303515,25.30751283860086,49.63995154552258,6.080344930850025,343.22912427773247,Loam,109,millet
92.0,20.0,55.0,25.10474753,87.5267616,6.587791262,592.6519444,Loam,88,watermelon
3.0,9.0,45.0,23.89162561,89.61850203,6.535244251,1046.17522,Loam,214,pomegranate
112.0,54.0,15.0,25.46228792,81.56641891,6.175492306,768.8582484,Loam,169,cotton
48.0,24.0,28.0,19.7,58.0,5.32,364.0,Clay,141,Beans
14.0,69.0,19.0,20.95628486,63.68128841,7.239455147,523.9881209,Clay Loam,100,lentil
39.0,60.0,21.0,34.89814946,63.59948557,6.97297656,647.2797143,Clay Loam,81,blackgram
122.0,59.0,18.0,23.5000992,83.63488952,6.219469084,798.1328183,Black Cotton,169,cotton
92.0,64.0,86.0,29.1,69.0,6.3,1450.0,Red Volcanic,120,passionfruit
65.0,45.0,51.0,21.3,50.0,7.77,660.0,Loam,234,Wheat
20.0,7.0,45.0,18.90592319,89.24126808,6.077886012,1124.750941,Loam,217,pomegranate
4.0,67.0,25.0,23.78709569,24.35679348,5.948164454,1196.404412,Silty Loam,81,kidneybeans
26.0,10.0,33.0,28.27298134,96.93649473,6.07071786,1988.234862,Red Volcanic,365,coconut
125.0,45.0,53.0,15.9,71.0,4.31,2578.0,Clay,231,Tea
29.0,70.0,15.0,30.33499674,63.54718862,6.872594461,741.6699119,Loam,80,blackgram
29.0,121.0,196.0,22.84852833,94.32130209,6.079497202,1235.977843,Sandy Loam,191,apple
81.9,44.3,92.0,16.3,66.2,6.0,690.0,Loam,120,ribena
67.94846284143242,38.11168638019651,59.12883195547475,26.14258318850407,78.05831692580914,6.101194360089556,1309.3233481995617,Loam,107,sweet potato
74.0,58.0,18.0,20.03728219,56.35606753,6.727303282,1090.24141,Silty Loam,117,maize
115.2,49.8,94.0,26.4,74.8,6.7,1620.0,Clay Loam,120,passionfruit
44.0,23.0,15.0,26.3,53.0,5.43,354.0,Loam,176,Beans
112.0,70.0,110.0,17.9,63.5,6.4,430.0,Silty Loam,120,cabbage
17.0,18.0,43.0,24.4880844,90.83687246,5.843005428,1031.969341,Red Volcanic,214,pomegranate
48.0,26.0,42.0,25.5,44.0,8.2,247.0,Loam,185,Sorghum
107.0,51.0,22.0,24.86560781,78.22080815,5.983075895,795.6866268,Black Cotton,169,cotton
116.0,5.0,54.0,25.37601283,80.99313508,6.65398725,572.3028471,Sandy Loam,88,watermelon
58.76284521569639,58.69903246732084,91.51849776428864,23.620758724364638,62.164656168757396,6.165837905711285,1349.9906147006686,Sandy Loam,109,sweet potato
74.0,44.0,24.0,24.3,71.0,5.96,1312.0,Sandy Loam,191,Tea
93.88068155779429,56.382580036964306,40.504310384975796,18.879264646552688,76.8673090726565,7.1148102011700125,671.5590752479907,Clay,67,kale
39.8702127052489,29.567435044650594,49.94123247103269,31.382100060706676,70.03555723147763,7.248404419913201,1034.125614693377,Sandy Loam,1092,cashew
97.8,56.7,88.3,25.9,75.6,6.4,1025.0,Red Volcanic,120,passionfruit
39.0,42.0,39.0,16.4,51.0,6.83,745.0,Loam,146,Wheat
128.5,72.3,126.1,17.4,71.9,6.8,492.0,Loam,120,cabbage
53.0,67.0,17.0,31.77681682,69.01852894,7.296972161,614.6892873,Loam,80,blackgram
52.0,51.0,53.0,38.38231475,93.10378595,6.985804083,2102.735346,Loam,240,papaya
30.0,64.0,20.0,33.8642935,61.57072498,6.573531614,680.2199825,Loam,81,blackgram
320.7,84.0,360.9,28.8,78.3,6.0,1220.0,Red Volcanic,120,pineapple
63.0,59.0,23.0,22.1,55.0,6.35,533.0,Loam,187,Wheat
57.166248551590485,52.88372399817294,77.72833387539526,22.066623499176487,74.58094121626137,5.298800953277716,1786.892887728885,Sandy Loam,1440,macadamia
22.0,28.0,26.0,27.67256197,45.41692012,4.947683034,928.4991507,Loam,180,mango
62.0,37.0,25.0,23.1,59.0,5.76,778.0,Clay,143,Beans
51.61117292613092,22.642024034364525,35.13427358582489,32.61292443354955,64.93389840623092,5.739498199949264,626.2849666887148,Loam,99,millet
120.0,60.0,15.0,22.31871914,83.86129998,7.288377241,653.5747011,Black Cotton,166,cotton
102.0,72.0,101.0,14.6,60.0,6.6,355.0,Silty Loam,120,onions
8.0,50.0,21.0,28.62911222,89.1148059,6.218923893,504.9913241,Sandy Loam,69,mungbean
260.0,86.0,350.0,29.3,80.2,5.0,1400.0,Red Volcanic,120,pineapple
125.3,82.1,150.0,15.6,74.4,6.7,490.0,Loam,120,cabbage
42.0,67.0,77.0,18.99424448,15.9362937,7.114405288,786.9707199,Sandy Loam,99,chickpea
87.29857356000235,56.307871605226715,125.22174997229496,12.860510467451558,82.81675219107777,6.466264128127138,1146.5759185335726,Loam,103,potato
32.0,79.0,22.0,27.60195453,63.46170674,5.91645379,543.7814199,Sandy Loam,103,lentil
101.8,54.7,162.3,20.7,62.5,6.2,640.0,Clay Loam,120,tomato
102.5,58.2,114.7,20.2,69.5,6.4,760.0,Loam,120,ribena
46.23159371051637,15.504207118745764,37.23261021301521,30.081723242166547,50.26948292651085,7.242016129148707,314.11113903323957,Loam,105,millet
130.0,65.0,180.0,21.9,66.8,6.5,640.0,Clay Loam,120,tomato
255.5,59.1,225.4,25.6,69.4,5.1,1010.0,Sandy Loam,120,pineapple
39.0,24.0,39.0,23.65374106,93.32657504,6.431265737,1098.076178,Loam,216,pomegranate
52.0,19.0,8.0,21.3,58.0,5.2,765.0,Silty Loam,155,Beans
120.0,55.0,160.0,21.5,62.3,6.1,610.0,Loam,120,tomato
119.31202305190072,39.29262220446501,70.43461502464848,18.10889113254344,81.68931458813734,7.206419857630482,941.9707649451669,Clay,60,kale
83.0,56.0,15.0,11.4,70.0,8.26,537.0,Clay,144,Wheat
35.0,57.0,83.0,19.48316794,17.44534641,7.476800943,804.986291,Clay Loam,99,chickpea
25.0,21.0,11.0,32.23797837,90.15406807,6.460044778,1047.052254,Loam,214,orange
68.5900576586689,41.14559892254434,58.48176888793723,24.161610176987175,83.91470174902479,5.11015327851109,1750.4219978088295,Loam,1576,macadamia
17.0,57.0,21.0,19.88394011,20.31564139,5.789214289,609.1974792,Loam,79,kidneybeans
38.0,138.0,204.0,25.11108456,83.25447587,6.325480034,730.1026829,Sandy Loam,162,grapes
65.1,37.2,92.1,17.9,71.0,5.8,650.0,Silty Loam,120,ribena
99.0,73.0,53.0,26.29039046,81.06003778,5.871702211,1186.730366,Red Volcanic,299,banana
36.0,43.0,24.0,27.09400578,43.65305437,3.510404312,415.3749535,Sandy Loam,79,mothbeans
9.0,48.0,22.0,27.77076285,87.09979549,6.402926221,495.0812624,Sandy Loam,69,mungbean
23.303629782911436,31.672187693761337,22.308441832736296,27.465957427400298,67.54807515541029,7.33203949073648,568.8961050752805,Loam,75,millet
28.0912952717184,22.141561272584305,24.830433725001477,30.474637246340272,52.93077259426455,6.708284087012922,540.9470345946647,Sand,109,millet
101.3,66.1,92.7,19.8,65.0,6.6,438.0,Loam,120,onions
34.0,10.0,14.0,34.05296914,92.05811721,6.725600855,1168.020848,Loam,218,orange
79.0,45.0,43.0,25.71901283,79.15532398,7.171054239,1871.735424,Alluvial,166,jute
33.0,47.0,17.0,24.86803974,48.27531965,8.621514073,639.187654,Sandy Loam,78,mothbeans
70.0,54.0,46.0,39.73149053,91.12220596,6.919342407,1227.628653,Loam,215,papaya
30.0,7.0,15.0,33.23453301,91.06053924,7.825531916,1157.659902,Loam,218,orange
115.0,31.0,30.0,24.22984659,67.37768353,6.840927967,1224.073418,Red Volcanic,220,coffee
88.9,49.6,110.2,19.1,73.0,5.8,780.0,Loam,120,ribena
52.0,71.0,16.0,27.74274761,68.53997144,7.075886472,717.8615328,Sandy Loam,79,blackgram
99.0,55.0,35.0,21.7238313,80.2389895,6.501697816,2779.626192,Clay,175,rice
93.37905916883305,42.778420652749205,105.61600569548602,19.262181129235536,79.90004434578017,5.6833698278768185,941.8276617955107,Clay,114,potato
77.8,71.5,66.4,24.3,75.8,6.8,1420.0,Loam,120,passionfruit
27.0,56.0,20.0,29.2114218,87.11497805,6.41874299,515.3848218,Sandy Loam,69,mungbean
44.0,76.0,22.0,27.26458947,68.01232937,7.775306272,689.1754359,Loam,79,blackgram
32.76650738099514,48.83071265600972,46.49060095057472,31.43856652925428,66.24414546677716,6.828328150789825,1034.293059718209,Sandy Loam,767,cashew
73.0,32.0,50.0,20.2,78.0,6.27,548.0,Loam,214,Beans
51.0,57.0,55.0,24.70528368,90.14732171,6.676407337,1084.103158,Loam,210,papaya
101.0,42.0,46.0,20.3,64.0,6.73,470.0,Loam,208,Maize
22.0,62.0,16.0,34.6455408,54.32342534,4.828936119,1809.009998,Sandy Loam,156,pigeonpeas
59.0,30.0,50.0,23.6,62.0,6.83,307.0,Silty Clay,289,Maize
69.45735055158187,52.082694359499285,52.33499432610476,15.421054623052967,77.65227192247238,6.261799135967108,1139.1601289590787,Loam,86,kale
65.0,49.0,76.0,19.5,68.0,6.42,655.0,Silty Clay,178,Wheat
67.93447790688991,54.31992081023757,62.895039357254575,24.553932036339013,74.71620078011881,7.193912946889356,828.9933469099144,Loam,84,kale
84.0,41.0,56.0,22.5,86.0,6.48,802.0,Loam,165,Maize
60.0,49.0,44.0,20.77576147,84.49774397,6.244841491,2400.810647,Clay,168,rice
28.5,62.0,58.0,21.7,68.4,6.8,512.0,Loam,67,beans
20.0,29.0,10.0,29.07412717,93.27189064,7.36549204,1007.896871,Sandy Loam,213,orange
23.0,58.0,19.0,24.17093241,58.25204566,5.243634849,591.8953429,Loam,78,mothbeans
56.0,50.0,52.0,33.08706051,92.25197542,6.770384816,881.300769,Sandy Loam,205,papaya
34.0,68.0,51.0,27.34734861,94.17756725,6.687088098,403.5153141,Red Volcanic,191,papaya
117.0,67.0,35.0,19.9,59.0,6.59,357.0,Loam,208,Tomato
82.3,49.6,71.2,16.7,68.3,6.4,390.0,Sandy Loam,120,onions
95.0,21.0,47.0,27.93114233,93.56161439,6.431970877,206.6127836,Loam,89,muskmelon
64.71427804268916,53.12545970132699,88.77762148998582,15.25118207926256,83.08027577890394,5.865036227610347,1293.1200458206486,Loam,104,potato
116.0,28.0,34.0,23.44372334,60.39523266,6.42321105,1222.103248,Clay Loam,220,coffee
87.0,9.0,34.0,12.2,74.0,7.33,441.0,Loam,142,Wheat
84.0,38.0,43.0,26.57421679,73.81994896,7.26158085,1593.223075,Clay Loam,159,jute
39.0,129.0,203.0,34.38922481,83.18392806,5.863996687,710.3001556,Sandy Loam,167,grapes
102.5,60.7,106.4,15.9,65.1,6.3,420.0,Loam,120,cabbage
109.6388536099096,62.07835504520887,67.27630991961257,15.86042197086302,74.33772543070471,7.2180187709799375,711.5416376067885,Loam,63,kale
93.15432069041148,52.10996321192963,57.9280280887904,18.550545692579025,61.646935454763195,6.097639183576951,1156.952381499316,Clay,60,kale
30.0,36.0,22.0,25.7,61.0,5.94,547.0,Silty Loam,165,Beans
35.0,71.0,17.0,29.89286629,66.35375127,6.931924963,1981.403003,Red Volcanic,159,pigeonpeas
27.0,30.0,5.0,32.71748548,90.54608254,7.656978112,1133.28978,Loam,217,orange
117.0,76.0,47.0,25.56202173,77.38229006,6.119216009,931.0247183,Red Volcanic,293,banana
29.0,145.0,205.0,22.81227579,92.12992101,6.212302608,1093.383552,Loam,186,apple
76.0,29.0,99.0,18.8,74.0,6.93,638.0,Loam,139,Maize
21.0,45.5,49.0,18.9,66.8,6.8,410.0,Loam,66,beans
91.0,75.0,55.0,27.48612983,76.11239849,6.212369363,1092.768851,Loam,297,banana
54.0,32.0,58.0,29.0,61.0,7.2,537.0,Silty Loam,180,Sorghum
99.0,19.0,57.0,24.4,48.0,6.82,556.0,Loam,123,Maize
67.69162325044695,39.204461420464284,45.73647918155806,23.91464840693333,82.41139354433803,6.515760643712099,1328.9974585200146,Loam,482,avocado
67.0,47.0,44.0,26.73072391,81.78596776,7.868474653,2804.044392,Silty Clay,176,rice
29.0,29.0,52.0,24.5,79.0,5.58,868.0,Silty Loam,119,Cassava
68.0,36.0,69.0,27.2,61.0,6.09,554.0,Clay,213,Tomato
85.0,38.0,41.0,21.58711777,82.7883708,6.249050656,2766.552459,Silty Clay,175,rice
27.0,79.0,82.0,17.06579293,17.54024066,6.307004923,708.7150577,Sandy Loam,98,chickpea
151.4,66.8,205.3,25.6,78.0,6.8,640.0,Loam,120,tomato
60.11105303032225,69.64649710058666,82.28706309970268,16.846224590640524,86.18775342374185,5.220373807509275,913.5971038808756,Loam,127,potato
101.3,58.0,118.5,20.1,70.2,6.0,720.0,Loam,120,ribena
1.0,28.0,21.0,28.7,70.0,7.2,1029.0,Silty Loam,135,Cassava
8.0,28.0,38.0,23.22594,94.42971362,6.8444019,1056.917856,Sandy Loam,215,pomegranate
64.35913116973691,53.66692629653294,74.00915144381202,23.372975014292518,62.313985428537634,5.6714679608440015,795.6715623816331,Sandy Loam,127,sweet potato
44.0,46.0,20.0,17.2,40.0,6.73,677.0,Sandy Loam,165,Wheat
3.0,49.0,18.0,27.91095209,64.70930606,3.692863601,326.7891866,Loam,79,mothbeans
30.8,79.0,73.0,22.4,66.5,6.7,520.0,Loam,67,beans
19.0,7.0,10.0,14.78003032,91.22062116,6.118430299,1001.961762,Loam,213,orange
402.1,99.5,389.0,30.1,82.3,6.0,1480.0,Loam,120,pineapple
76.0,40.0,43.0,25.15745531,83.11713476,5.070175667,2313.843163,Clay Loam,166,rice
90.0,59.0,35.0,24.25133493,89.86454053,7.098227926,1751.742112,Alluvial,163,jute
41.17146935019496,47.08336097316125,78.1538485128946,24.112902882858265,78.30347237061112,6.2023436907944856,1606.4399529123425,Loam,659,avocado
11.0,40.0,23.0,29.61253065,63.04749127,5.80428611,501.978269,Loam,79,mothbeans
27.0,24.0,41.0,24.32770134,90.88292835,6.610251186,1104.606459,Loam,216,pomegranate
99.0,19.0,33.0,27.5364547,55.51673151,6.273741983,1306.377143,Clay Loam,223,coffee
39.0,20.0,18.0,28.5,37.0,8.28,290.0,Sandy Loam,73,Sorghum
57.08689736293765,54.80769992528376,40.755777270665064,18.99651489480812,65.73966073446478,6.689897098445331,1586.37186603985,Sandy Loam,435,avocado
35.0,45.0,64.0,18.3,72.0,7.19,583.0,Sandy Loam,90,Beans
27.0,138.0,201.0,23.66682067,93.90191078,5.952367662,1054.004751,Loam,185,apple
21.0,74.0,15.0,29.49096726,67.10604388,6.471862118,1532.504506,Sandy Loam,150,pigeonpeas
37.0,74.0,15.0,24.92360104,18.22590825,5.582178402,627.089169,Sandy Loam,82,kidneybeans
6.0,9.0,12.0,31.08368929,90.14362642,7.028746406,1096.894658,Red Volcanic,216,orange
10.0,9.0,28.0,29.01256899,94.01014388,6.282955073,1500.500312,Coastal Sandy,365,coconut
101.0,70.0,48.0,25.36059237,75.03193255,6.012696655,1165.531455,Clay Loam,299,banana
31.0,44.0,62.0,31.3,45.0,6.14,170.0,Sandy Loam,136,Sorghum
95.0,74.0,50.0,25.90113128,80.47152737,6.002481605,1101.0323,Red Volcanic,297,banana
107.0,10.0,49.0,25.83202912,89.00481725,6.755192025,452.4690619,Sandy Loam,88,watermelon
61.0,30.0,32.0,23.5,43.0,7.43,560.0,Sandy Loam,170,Wheat
88.0,17.0,52.0,29.90415889,90.75284363,6.646962425,253.7828397,Loam,89,muskmelon
8.0,28.0,30.0,25.51618488,94.33465411,6.015672239,1351.272491,Red Volcanic,365,coconut
70.0,16.0,79.0,17.3,58.0,8.03,578.0,Clay,175,Wheat
28.5,62.0,67.0,21.5,68.0,6.8,520.0,Loam,67,beans
106.5,68.0,112.0,16.8,67.6,6.5,430.0,Loam,120,cabbage
84.6,45.8,66.5,22.4,75.2,5.8,1420.0,Sandy Loam,120,passionfruit
22.0,43.0,24.0,25.42517036,53.2208266,4.52363558,461.9374559,Sandy Loam,78,mothbeans
41.0,69.0,82.0,20.02381489,16.63294455,6.715587232,689.7806542,Clay Loam,100,chickpea
33.0,77.0,15.0,23.89736406,66.32102048,7.802212437,407.4536757,Clay Loam,101,lentil
60.64688990608198,41.9779199044655,92.55650830196751,14.428908698443573,74.43746703727719,6.0580537884735195,1459.8301401351698,Loam,90,potato
100.0,35.0,36.0,25.31042337,72.01364411,6.346715209,1905.577618,Silty Clay,167,jute
34.0,61.0,49.0,28.12971499,93.3210737,6.502675132,1178.201907,Loam,213,papaya
81.0,54.0,22.0,18.1,50.0,7.85,427.0,Sandy Loam,174,Wheat
2.0,72.0,18.0,26.57597546,60.97876599,7.836719564,508.9110726,Clay Loam,103,lentil
8.0,26.0,9.0,31.0,61.0,7.79,218.0,Sandy Loam,144,Sorghum
34.0,65.0,48.0,41.41968393,90.03863107,6.665024508,1993.096432,Red Volcanic,236,papaya
90.0,86.0,52.0,25.85036988,81.95580471,5.793260262,1190.856171,Loam,299,banana
32.0,145.0,203.0,23.83053666,90.84422164,6.406818518,1095.966791,Loam,186,apple
61.0,53.0,43.0,26.40323239,81.05635517,6.349606327,2233.671883,Silty Clay,164,rice
106.0,53.0,67.0,30.7,68.0,6.74,643.0,Clay,181,Maize
126.0,38.0,23.0,25.36243778,83.63276077,6.176716425,884.3618918,Loam,172,cotton
50.74333957674647,43.698834854069815,74.95482512614356,20.305929548940128,84.43090506386983,6.044330391246254,1690.1297734446387,Loam,1495,macadamia
58.3,30.9,84.2,16.7,61.8,6.1,940.0,Loam,120,ribena
89.05422058055368,63.00972232940272,82.12507244229458,14.686353694084435,72.9174721419702,5.125141415816752,1492.794875211437,Loam,97,potato
61.0,59.0,17.0,23.33844615,59.24580604,6.47444292,1050.083144,Loam,116,maize
107.0,11.0,54.0,28.59052369,91.33617236,6.094016338,294.4008034,Loam,89,muskmelon
100.0,10.0,53.0,24.54356968,84.60808277,6.211748957,420.0660251,Loam,88,watermelon
82.0,36.0,70.0,25.2,67.0,6.7,354.0,Silty Clay,202,Maize
32.0,56.0,21.0,27.38538997,88.66663953,6.702772465,582.9933073,Sandy Loam,69,mungbean
57.0,47.0,34.0,18.5,53.0,6.21,249.0,Silty Loam,263,Beans
117.0,56.0,15.0,25.99237426,77.0543546,7.368258226,891.188212,Loam,172,cotton
117.0,26.0,30.0,27.92374437,67.96910852,7.079850922,1152.325531,Clay Loam,218,coffee
340.2,88.6,315.5,29.5,77.8,5.7,1330.0,Loam,120,pineapple
76.3810634800758,47.877907414799765,45.74010666771843,20.738636301400263,73.92022930051175,6.770214197280483,845.4742274175121,Clay,68,kale
108.0,44.0,75.0,11.6,58.0,6.33,594.0,Clay,201,Wheat
95.0,57.0,41.0,23.24925555,73.65346838,6.434610995,1847.674863,Alluvial,166,jute
149.2,75.0,210.5,21.9,71.2,6.3,740.0,Red Volcanic,120,tomato
69.0,69.0,53.0,28.3,58.0,6.6,458.0,Loam,131,Tomato
