N,P,K,temperature,humidity,ph,rainfall,soil_type,season_duration,label
84.0,38.0,37.0,23.3,76.0,6.5,1554.0,Loam,204,Tea
100.0,52.0,31.0,19.1,82.0,6.44,1191.0,Clay,188,Tea
120.0,8.0,23.0,26.6,57.0,7.47,581.0,Silty Loam,186,Maize
38.0,33.0,7.0,35.7,43.0,5.77,485.0,Sandy Loam,183,Sorghum
31.0,24.0,63.0,27.4,59.0,5.91,746.0,Loam,139,Beans
18.0,21.0,60.0,22.9,92.0,5.12,1158.0,Loam,199,Cassava
65.0,54.0,46.0,23.4,58.0,6.65,296.0,Clay,204,Maize
28.0,15.0,104.0,32.1,66.0,5.14,1515.0,Loam,190,Cassava
47.0,16.0,51.0,26.6,64.0,5.86,394.0,Sandy Loam,104,Maize
92.0,46.0,81.0,21.2,53.0,7.48,823.0,Silty Clay,174,Tomato
63.0,22.0,55.0,28.8,52.0,7.43,568.0,Sandy Loam,235,Tomato
87.0,42.0,63.0,14.9,36.0,7.74,496.0,Loam,144,Wheat
14.0,36.0,97.0,29.7,63.0,5.04,1304.0,Sandy Loam,148,Cassava
16.0,41.0,22.0,23.8,45.0,6.12,338.0,Loam,162,Sorghum
71.0,23.0,71.0,27.4,70.0,6.57,942.0,Loam,203,Tomato
57.0,53.0,40.0,24.6,65.0,6.63,531.0,Loam,153,Maize
45.0,62.0,39.0,22.9,55.0,6.98,768.0,Loam,190,Wheat
51.0,19.0,47.0,27.1,89.0,7.07,1347.0,Clay,192,Cassava
72.0,20.0,61.0,22.0,48.0,6.18,692.0,Silty Clay,137,Wheat
45.0,5.0,57.0,23.6,59.0,5.51,689.0,Loam,119,Cassava
99.0,14.0,38.0,22.8,57.0,7.63,967.0,Sandy Loam,229,Maize
120.0,48.0,73.0,16.9,51.0,7.54,370.0,Clay,189,Wheat
67.0,22.0,56.0,25.8,43.0,7.94,238.0,Loam,201,Sorghum
36.0,19.0,42.0,25.9,31.0,7.64,493.0,Silty Loam,140,Sorghum
42.0,7.0,40.0,23.9,73.0,5.72,781.0,Silty Loam,130,Maize
18.0,30.0,27.0,27.9,37.0,7.32,349.0,Sandy Loam,166,Sorghum
104.0,43.0,62.0,27.4,57.0,6.69,778.0,Loam,207,Tomato
49.0,39.0,61.0,11.9,32.0,6.5,475.0,Sandy Loam,210,Wheat
83.0,28.0,41.0,18.0,74.0,6.55,794.0,Silty Clay,130,Tomato
101.0,22.0,40.0,14.7,76.0,7.71,569.0,Sandy Loam,105,Wheat
19.0,22.0,27.0,35.1,69.0,5.7,406.0,Silty Loam,160,Sorghum
104.0,43.0,35.0,19.2,60.0,6.27,641.0,Loam,112,Wheat
91.0,46.0,47.0,10.6,43.0,6.24,359.0,Loam,241,Wheat
78.0,27.0,38.0,22.4,63.0,6.1,559.0,Loam,143,Maize
39.0,20.0,18.0,28.5,37.0,8.28,290.0,Sandy Loam,73,Sorghum
107.0,26.0,55.0,19.8,56.0,5.68,725.0,Loam,200,Maize
109.0,23.0,42.0,29.1,73.0,6.09,490.0,Loam,176,Maize
78.0,73.0,57.0,18.3,85.0,6.37,2495.0,Clay,184,Tea
25.0,6.0,18.0,32.2,48.0,5.66,305.0,Silty Loam,150,Sorghum
80.0,60.0,62.0,21.8,83.0,4.96,1558.0,Clay,129,Tea
13.0,3.0,95.0,32.2,70.0,6.18,1071.0,Silty Loam,221,Cassava
84.0,25.0,79.0,22.9,56.0,7.44,1083.0,Clay,188,Tomato
34.0,21.0,83.0,23.5,97.0,4.76,1301.0,Loam,153,Cassava
71.0,21.0,58.0,22.4,81.0,6.08,698.0,Silty Loam,272,Beans
88.0,31.0,28.0,12.0,82.0,6.49,388.0,Silty Loam,217,Wheat
59.0,29.0,26.0,20.1,59.0,7.82,428.0,Silty Clay,186,Wheat
141.0,33.0,51.0,19.9,89.0,7.25,1123.0,Sandy Loam,199,Tomato
89.0,23.0,70.0,19.5,60.0,6.13,783.0,Clay,222,Maize
129.0,80.0,27.0,18.1,63.0,6.12,891.0,Silty Clay,184,Tomato
84.0,45.0,55.0,22.7,62.0,5.25,439.0,Sandy Loam,200,Beans
102.0,42.0,73.0,16.1,57.0,7.64,490.0,Loam,178,Wheat
127.0,81.0,91.0,17.2,82.0,6.27,1368.0,Loam,188,Tea
64.0,59.0,46.0,16.8,81.0,4.54,2431.0,Sandy Loam,202,Tea
115.0,29.0,65.0,27.4,72.0,7.06,653.0,Silty Loam,127,Tomato
27.0,10.0,60.0,27.8,75.0,5.5,532.0,Loam,161,Sorghum
51.0,38.0,20.0,24.6,45.0,6.19,255.0,Sandy Loam,190,Sorghum
107.0,39.0,76.0,18.4,86.0,6.22,2307.0,Silty Clay,166,Tea
106.0,22.0,29.0,10.6,50.0,7.48,397.0,Loam,118,Wheat
37.0,36.0,53.0,20.5,81.0,6.22,345.0,Sandy Loam,227,Beans
108.0,74.0,97.0,29.0,70.0,5.54,723.0,Silty Loam,121,Tomato
62.0,38.0,52.0,17.0,95.0,6.75,601.0,Silty Clay,179,Beans
110.0,66.0,94.0,29.5,56.0,6.34,344.0,Loam,187,Tomato
48.0,25.0,71.0,26.7,92.0,6.84,484.0,Clay,182,Tomato
83.0,54.0,56.0,27.3,59.0,5.91,933.0,Loam,165,Tomato
76.0,29.0,99.0,18.8,74.0,6.93,638.0,Loam,139,Maize
51.0,26.0,26.0,26.7,48.0,5.49,534.0,Sandy Loam,143,Sorghum
61.0,6.0,116.0,32.3,79.0,5.71,1028.0,Sandy Loam,163,Cassava
79.0,44.0,25.0,25.1,69.0,6.04,308.0,Clay,165,Beans
82.0,33.0,42.0,20.1,80.0,4.99,754.0,Sandy Loam,137,Beans
45.0,2.0,8.0,25.9,70.0,4.87,1036.0,Silty Loam,151,Cassava
26.0,15.0,96.0,28.3,58.0,6.16,1220.0,Sandy Loam,138,Cassava
69.0,26.0,22.0,20.8,54.0,6.94,600.0,Sandy Loam,87,Maize
52.0,24.0,8.0,35.9,69.0,7.36,416.0,Sandy Loam,190,Sorghum
74.0,45.0,69.0,22.8,48.0,5.76,792.0,Loam,123,Maize
92.0,20.0,79.0,26.9,74.0,6.83,520.0,Loam,185,Maize
58.0,53.0,81.0,15.6,67.0,7.24,765.0,Sandy Loam,249,Wheat
21.0,25.0,90.0,27.5,74.0,4.77,1334.0,Sandy Loam,204,Cassava
89.0,30.0,48.0,26.5,83.0,6.83,738.0,Sandy Loam,203,Beans
133.0,22.0,89.0,17.1,91.0,5.1,2309.0,Loam,179,Tea
26.0,15.0,62.0,27.1,90.0,6.8,1184.0,Silty Loam,208,Cassava
33.0,4.0,107.0,28.0,85.0,7.23,1411.0,Silty Clay,171,Cassava
85.0,10.0,17.0,22.4,85.0,5.56,743.0,Sandy Loam,135,Beans
25.0,5.0,46.0,28.3,56.0,7.69,540.0,Clay,162,Sorghum
93.0,20.0,47.0,27.0,80.0,5.21,569.0,Clay,192,Beans
99.0,10.0,68.0,16.6,76.0,6.53,628.0,Silty Clay,151,Wheat
97.0,7.0,63.0,19.8,61.0,7.13,582.0,Silty Loam,180,Maize
84.0,65.0,28.0,21.8,67.0,6.64,2813.0,Sandy Loam,209,Tea
47.0,65.0,67.0,14.9,73.0,6.92,628.0,Loam,227,Wheat
58.0,42.0,53.0,21.1,76.0,7.3,831.0,Loam,134,Maize
101.0,30.0,25.0,29.0,81.0,6.24,939.0,Clay,171,Maize
31.0,33.0,46.0,34.3,45.0,6.01,133.0,Sandy Loam,176,Sorghum
37.0,56.0,44.0,19.1,77.0,7.42,398.0,Clay,169,Maize
100.0,9.0,37.0,10.2,43.0,7.21,751.0,Clay,121,Wheat
75.0,29.0,70.0,23.3,84.0,6.41,1181.0,Sandy Loam,193,Tomato
13.0,27.0,91.0,28.9,75.0,5.49,1109.0,Loam,197,Cassava
120.0,47.0,18.0,18.2,56.0,6.98,546.0,Sandy Loam,233,Maize
102.0,63.0,56.0,20.5,91.0,6.09,1400.0,Loam,131,Tea
79.0,34.0,64.0,21.9,52.0,6.71,1283.0,Loam,109,Tomato
69.0,12.0,69.0,24.7,50.0,6.48,352.0,Clay,160,Maize
99.0,34.0,32.0,20.1,66.0,6.44,724.0,Silty Loam,178,Maize
61.0,46.0,17.0,26.6,57.0,7.45,747.0,Loam,230,Beans
107.0,80.0,58.0,20.8,90.0,5.42,2911.0,Loam,135,Tea
119.0,12.0,66.0,18.5,57.0,6.57,717.0,Clay,199,Wheat
86.0,46.0,58.0,22.9,87.0,6.05,1577.0,Clay,173,Tea
78.0,42.0,10.0,23.9,73.0,6.29,560.0,Loam,139,Beans
10.0,24.0,34.0,28.0,79.0,5.73,1102.0,Loam,222,Cassava
104.0,48.0,71.0,19.0,42.0,7.6,707.0,Clay,167,Wheat
88.0,18.0,48.0,21.8,77.0,6.59,1966.0,Clay,218,Tea
100.0,24.0,78.0,20.9,69.0,6.67,358.0,Sandy Loam,183,Maize
23.0,17.0,43.0,29.9,66.0,7.09,1065.0,Loam,130,Cassava
57.0,23.0,23.0,22.1,55.0,6.72,478.0,Sandy Loam,145,Beans
95.0,16.0,53.0,22.5,89.0,5.73,292.0,Loam,181,Beans
47.0,7.0,24.0,22.7,56.0,7.17,159.0,Silty Clay,198,Sorghum
70.0,65.0,55.0,20.8,72.0,7.26,828.0,Silty Loam,158,Tomato
80.0,45.0,37.0,22.5,52.0,6.02,587.0,Sandy Loam,203,Wheat
103.0,71.0,24.0,18.5,58.0,6.13,343.0,Silty Clay,107,Tomato
101.0,45.0,37.0,21.1,64.0,6.57,685.0,Loam,209,Maize
23.0,28.0,31.0,26.8,26.0,5.54,446.0,Loam,136,Sorghum
80.0,19.0,79.0,24.2,65.0,7.21,621.0,Clay,119,Tomato
85.0,50.0,59.0,30.8,60.0,6.38,750.0,Sandy Loam,222,Maize
97.0,44.0,69.0,8.6,71.0,6.83,634.0,Sandy Loam,102,Wheat
25.0,15.0,51.0,23.1,69.0,6.33,601.0,Silty Clay,158,Cassava
63.0,29.0,37.0,25.2,57.0,5.22,339.0,Silty Clay,195,Beans
53.0,27.0,30.0,30.2,42.0,5.49,315.0,Sandy Loam,117,Sorghum
70.0,61.0,67.0,16.7,90.0,7.31,730.0,Loam,173,Tomato
45.0,35.0,18.0,24.9,35.0,6.09,505.0,Loam,198,Sorghum
106.0,34.0,71.0,16.9,95.0,5.13,1644.0,Silty Clay,205,Tea
36.0,8.0,98.0,18.5,74.0,5.67,766.0,Silty Clay,129,Cassava
102.0,46.0,39.0,21.8,67.0,5.72,538.0,Silty Loam,157,Maize
38.0,37.0,48.0,23.4,68.0,5.76,332.0,Loam,183,Beans
57.0,47.0,34.0,18.5,53.0,6.21,249.0,Silty Loam,263,Beans
1.0,35.0,75.0,27.4,78.0,6.32,572.0,Loam,201,Cassava
48.0,41.0,103.0,25.3,74.0,5.68,644.0,Sandy Loam,220,Cassava
33.0,42.0,79.0,10.5,82.0,6.3,472.0,Clay,155,Wheat
18.0,11.0,27.0,32.7,65.0,7.5,255.0,Silty Loam,210,Sorghum
36.0,18.0,50.0,26.7,59.0,6.2,466.0,Clay,214,Beans
117.0,39.0,68.0,21.3,61.0,5.52,522.0,Loam,201,Maize
16.0,5.0,69.0,29.8,73.0,6.74,932.0,Loam,203,Cassava
47.0,24.0,29.0,10.1,47.0,8.17,421.0,Loam,160,Wheat
49.0,60.0,87.0,20.6,59.0,7.78,593.0,Clay,187,Wheat
78.0,14.0,114.0,18.5,75.0,6.94,645.0,Silty Clay,201,Tomato
56.0,55.0,85.0,17.7,89.0,4.72,2745.0,Loam,178,Tea
117.0,10.0,31.0,19.0,44.0,6.22,349.0,Silty Loam,223,Maize
98.0,49.0,53.0,24.1,43.0,7.15,714.0,Sandy Loam,216,Maize
126.0,64.0,68.0,21.4,68.0,5.5,2055.0,Sandy Loam,169,Tea
54.0,38.0,33.0,35.6,40.0,7.65,525.0,Sandy Loam,197,Sorghum
65.0,45.0,51.0,21.3,50.0,7.77,660.0,Loam,234,Wheat
53.0,13.0,58.0,27.8,77.0,5.68,708.0,Silty Loam,238,Beans
18.0,37.0,30.0,28.2,93.0,6.81,1405.0,Loam,183,Cassava
94.0,44.0,68.0,22.4,57.0,6.87,707.0,Loam,207,Maize
47.0,53.0,71.0,20.5,65.0,6.99,454.0,Silty Clay,208,Beans
33.0,10.0,9.0,23.0,94.0,5.25,784.0,Loam,147,Cassava
88.0,50.0,52.0,19.7,78.0,6.4,388.0,Loam,208,Maize
87.0,31.0,24.0,12.0,73.0,7.32,537.0,Loam,215,Wheat
65.0,28.0,13.0,25.2,41.0,7.28,248.0,Silty Clay,118,Beans
23.0,18.0,2.0,30.1,56.0,6.31,309.0,Loam,174,Sorghum
75.0,22.0,44.0,20.9,50.0,6.74,615.0,Sandy Loam,235,Wheat
111.0,26.0,29.0,22.6,78.0,5.81,2203.0,Silty Clay,129,Tea
47.0,11.0,62.0,28.3,73.0,7.44,252.0,Loam,169,Sorghum
25.0,31.0,61.0,26.5,64.0,5.51,945.0,Loam,151,Cassava
110.0,72.0,29.0,16.2,78.0,4.78,1576.0,Silty Clay,178,Tea
44.0,46.0,20.0,17.2,40.0,6.73,677.0,Sandy Loam,165,Wheat
69.0,31.0,68.0,28.7,52.0,5.38,623.0,Silty Clay,230,Maize
55.0,63.0,30.0,10.6,69.0,7.13,398.0,Sandy Loam,189,Wheat
103.0,57.0,58.0,25.4,40.0,6.21,792.0,Sandy Loam,152,Maize
125.0,28.0,73.0,27.7,69.0,5.88,562.0,Loam,147,Maize
88.0,53.0,4.0,17.9,61.0,6.58,724.0,Silty Clay,258,Maize
124.0,61.0,65.0,29.0,90.0,6.18,1072.0,Loam,170,Tomato
35.0,9.0,35.0,24.9,67.0,6.37,213.0,Sandy Loam,189,Beans
47.0,11.0,39.0,22.4,70.0,5.81,448.0,Silty Loam,249,Beans
40.0,24.0,96.0,22.3,77.0,7.38,1036.0,Clay,172,Cassava
64.0,30.0,86.0,30.5,85.0,6.83,792.0,Sandy Loam,237,Tomato
104.0,74.0,49.0,20.0,74.0,6.29,2946.0,Sandy Loam,239,Tea
66.0,32.0,54.0,20.6,80.0,5.82,1343.0,Sandy Loam,224,Tea
70.0,15.0,46.0,20.2,70.0,6.6,363.0,Silty Loam,139,Maize
72.0,34.0,56.0,19.4,58.0,6.7,303.0,Silty Clay,181,Wheat
8.0,19.0,34.0,17.7,74.0,6.97,690.0,Sandy Loam,122,Beans
133.0,35.0,66.0,26.7,91.0,6.33,1537.0,Silty Loam,163,Tea
63.0,61.0,29.0,14.6,56.0,6.35,307.0,Loam,253,Wheat
2.0,28.0,24.0,27.0,43.0,5.93,481.0,Silty Loam,234,Sorghum
105.0,24.0,31.0,29.8,77.0,5.8,615.0,Sandy Loam,168,Maize
98.0,49.0,52.0,22.0,80.0,5.04,1305.0,Loam,182,Tea
30.0,18.0,17.0,25.5,49.0,6.15,169.0,Loam,222,Sorghum
45.0,16.0,13.0,28.2,25.0,7.51,510.0,Sandy Loam,169,Sorghum
82.0,39.0,64.0,26.1,45.0,6.21,1041.0,Sandy Loam,198,Tomato
28.0,20.0,35.0,26.1,70.0,7.13,539.0,Loam,147,Sorghum
33.0,33.0,33.0,26.1,51.0,5.6,539.0,Loam,135,Beans
102.0,52.0,61.0,17.0,63.0,7.75,537.0,Sandy Loam,228,Wheat
97.0,22.0,23.0,21.2,46.0,6.78,487.0,Loam,208,Wheat
81.0,54.0,22.0,18.1,50.0,7.85,427.0,Sandy Loam,174,Wheat
135.0,33.0,51.0,19.0,74.0,4.78,2166.0,Clay,164,Tea
81.0,49.0,65.0,23.3,67.0,5.34,1750.0,Silty Clay,192,Tea
77.0,45.0,64.0,24.0,74.0,6.34,575.0,Silty Clay,105,Maize
90.0,40.0,88.0,15.5,82.0,6.12,1925.0,Sandy Loam,137,Tea
42.0,14.0,35.0,30.1,75.0,7.11,380.0,Silty Loam,180,Maize
83.0,24.0,50.0,16.8,62.0,7.88,619.0,Loam,164,Wheat
62.0,39.0,73.0,29.3,44.0,7.22,828.0,Clay,196,Maize
48.0,26.0,42.0,25.5,44.0,8.2,247.0,Loam,185,Sorghum
60.0,74.0,35.0,18.1,75.0,4.59,2874.0,Sandy Loam,197,Tea
66.0,72.0,51.0,21.0,84.0,5.58,840.0,Clay,214,Tomato
87.0,9.0,34.0,12.2,74.0,7.33,441.0,Loam,142,Wheat
109.0,39.0,43.0,17.1,62.0,7.68,399.0,Clay,169,Wheat
39.0,42.0,39.0,16.4,51.0,6.83,745.0,Loam,146,Wheat
51.0,37.0,34.0,21.4,62.0,5.19,201.0,Clay,238,Beans
31.0,36.0,82.0,26.6,95.0,7.34,593.0,Loam,191,Cassava
59.0,10.0,30.0,13.8,51.0,7.6,364.0,Silty Loam,180,Wheat
59.0,30.0,50.0,23.6,62.0,6.83,307.0,Silty Clay,289,Maize
14.0,5.0,52.0,20.9,53.0,5.1,821.0,Silty Loam,189,Cassava
90.0,77.0,75.0,18.6,69.0,5.97,1086.0,Loam,158,Tomato
28.0,41.0,22.0,23.1,53.0,6.15,194.0,Clay,175,Sorghum
19.0,12.0,109.0,28.9,82.0,6.89,909.0,Silty Loam,178,Cassava
39.0,50.0,68.0,19.0,49.0,5.57,435.0,Silty Clay,186,Beans
62.0,26.0,8.0,34.1,47.0,7.87,550.0,Loam,230,Sorghum
44.0,44.0,43.0,14.2,70.0,6.63,703.0,Loam,137,Wheat
90.0,31.0,73.0,24.9,81.0,7.13,1034.0,Sandy Loam,154,Tomato
83.0,52.0,46.0,21.2,81.0,7.46,234.0,Loam,167,Beans
22.0,19.0,49.0,26.8,55.0,7.28,402.0,Silty Loam,172,Sorghum
43.0,9.0,47.0,21.0,69.0,5.07,1249.0,Loam,89,Cassava
85.0,29.0,29.0,20.6,48.0,7.53,385.0,Loam,243,Beans
27.0,41.0,23.0,13.9,58.0,7.04,545.0,Loam,137,Wheat
29.0,26.0,57.0,24.9,77.0,5.78,458.0,Loam,153,Beans
44.0,60.0,75.0,16.5,48.0,6.99,463.0,Sandy Loam,186,Wheat
12.0,0.0,23.0,28.4,60.0,5.62,233.0,Sandy Loam,227,Sorghum
32.0,33.0,35.0,20.6,65.0,7.09,244.0,Clay,124,Maize
84.0,44.0,59.0,26.3,87.0,6.29,416.0,Silty Clay,222,Beans
68.0,49.0,56.0,15.9,54.0,7.88,544.0,Loam,202,Wheat
17.0,13.0,53.0,28.9,61.0,5.34,641.0,Silty Clay,116,Beans
107.0,33.0,43.0,27.5,75.0,5.86,320.0,Loam,208,Tomato
52.0,19.0,38.0,24.9,76.0,7.01,1043.0,Clay,210,Cassava
46.0,25.0,53.0,23.4,51.0,6.82,866.0,Sandy Loam,215,Maize
107.0,11.0,57.0,26.3,48.0,5.25,512.0,Clay,181,Maize
32.0,13.0,36.0,10.1,28.0,6.76,329.0,Loam,209,Wheat
57.0,38.0,69.0,23.3,48.0,8.05,662.0,Silty Clay,214,Wheat
101.0,5.0,19.0,21.9,58.0,6.26,765.0,Silty Clay,159,Wheat
27.0,0.0,21.0,31.6,52.0,5.94,431.0,Loam,216,Sorghum
82.0,51.0,49.0,29.9,70.0,6.06,628.0,Sandy Loam,164,Maize
86.0,28.0,50.0,24.9,52.0,6.84,709.0,Silty Clay,196,Maize
124.0,60.0,30.0,25.3,89.0,4.82,2202.0,Sandy Loam,207,Tea
34.0,9.0,25.0,25.9,60.0,7.95,501.0,Sandy Loam,114,Sorghum
50.0,9.0,64.0,27.5,66.0,6.67,672.0,Loam,137,Cassava
103.0,40.0,51.0,10.8,55.0,6.86,615.0,Loam,223,Wheat
31.0,44.0,62.0,31.3,45.0,6.14,170.0,Sandy Loam,136,Sorghum
55.0,33.0,36.0,31.9,39.0,5.48,341.0,Sandy Loam,147,Sorghum
32.0,28.0,54.0,23.4,79.0,4.81,945.0,Clay,87,Cassava
51.0,18.0,21.0,25.0,28.0,6.86,373.0,Loam,174,Sorghum
21.0,16.0,53.0,21.3,56.0,8.19,304.0,Loam,202,Sorghum
47.0,33.0,24.0,17.3,44.0,6.77,375.0,Loam,132,Wheat
50.0,27.0,23.0,24.2,50.0,5.47,572.0,Sandy Loam,176,Beans
74.0,47.0,73.0,26.8,63.0,6.93,308.0,Clay,186,Maize
74.0,22.0,42.0,22.2,67.0,6.03,444.0,Silty Loam,163,Tomato
19.0,33.0,50.0,19.6,74.0,5.74,900.0,Sandy Loam,181,Cassava
32.0,31.0,49.0,15.2,48.0,6.94,764.0,Loam,203,Wheat
38.0,26.0,51.0,19.6,43.0,7.43,431.0,Silty Clay,168,Wheat
62.0,34.0,63.0,28.8,22.0,7.65,127.0,Sandy Loam,167,Sorghum
32.0,45.0,29.0,22.3,65.0,7.12,531.0,Sandy Loam,220,Beans
67.0,42.0,40.0,22.5,69.0,6.79,758.0,Loam,114,Maize
57.0,48.0,48.0,20.5,66.0,5.61,341.0,Silty Clay,261,Maize
51.0,10.0,28.0,30.6,67.0,6.16,338.0,Sandy Loam,211,Sorghum
27.0,32.0,28.0,28.9,72.0,8.09,359.0,Silty Loam,209,Sorghum
98.0,28.0,44.0,24.3,57.0,5.91,858.0,Loam,188,Maize
32.0,0.0,12.0,31.5,59.0,7.7,371.0,Clay,159,Sorghum
94.0,50.0,43.0,22.0,69.0,6.74,343.0,Clay,245,Beans
59.0,43.0,41.0,21.5,69.0,6.28,496.0,Loam,152,Tomato
115.0,17.0,70.0,17.6,78.0,7.54,440.0,Sandy Loam,183,Wheat
47.0,11.0,36.0,31.1,83.0,6.67,616.0,Clay,210,Cassava
27.0,23.0,53.0,23.6,37.0,6.36,534.0,Silty Loam,148,Sorghum
91.0,26.0,31.0,19.2,64.0,7.83,470.0,Sandy Loam,99,Wheat
95.0,44.0,59.0,17.7,51.0,8.11,412.0,Silty Loam,204,Wheat
29.0,31.0,76.0,22.6,73.0,5.8,1278.0,Loam,204,Cassava
36.0,25.0,16.0,28.3,37.0,6.66,577.0,Sandy Loam,215,Sorghum
92.0,55.0,25.0,21.8,74.0,7.45,514.0,Sandy Loam,234,Maize
75.0,33.0,63.0,23.2,62.0,6.77,387.0,Sandy Loam,172,Wheat
34.0,36.0,29.0,9.0,58.0,7.99,618.0,Silty Loam,188,Wheat
76.0,14.0,27.0,31.2,51.0,7.48,433.0,Loam,276,Maize
34.0,15.0,7.0,24.4,65.0,6.47,421.0,Loam,115,Beans
33.0,15.0,13.0,19.9,46.0,6.33,577.0,Silty Loam,152,Wheat
118.0,43.0,29.0,18.0,50.0,7.28,471.0,Loam,195,Wheat
79.0,27.0,88.0,29.1,55.0,5.45,1165.0,Loam,160,Tomato
18.0,36.0,16.0,29.5,69.0,5.79,494.0,Loam,170,Beans
93.0,31.0,74.0,10.7,56.0,7.67,339.0,Silty Loam,207,Wheat
49.0,41.0,40.0,17.9,73.0,6.35,758.0,Loam,113,Beans
24.0,50.0,27.0,24.3,59.0,7.21,404.0,Loam,163,Beans
31.0,33.0,48.0,32.8,55.0,5.9,528.0,Loam,148,Sorghum
26.0,38.0,35.0,15.7,73.0,6.68,311.0,Loam,212,Beans
71.0,16.0,74.0,18.7,84.0,4.76,2295.0,Silty Loam,136,Tea
99.0,15.0,51.0,21.6,78.0,6.29,333.0,Loam,180,Beans
83.0,62.0,53.0,19.4,48.0,7.02,655.0,Loam,168,Tomato
57.0,51.0,64.0,23.8,87.0,5.63,877.0,Sandy Loam,148,Maize
52.0,26.0,53.0,23.5,50.0,7.31,785.0,Silty Clay,190,Beans
77.0,57.0,44.0,27.9,72.0,5.98,363.0,Clay,144,Tomato
74.0,55.0,55.0,14.7,48.0,6.7,663.0,Loam,172,Wheat
52.0,14.0,71.0,11.5,44.0,7.71,753.0,Silty Loam,158,Wheat
119.0,53.0,67.0,29.6,63.0,6.98,336.0,Loam,191,Maize
84.0,20.0,72.0,14.2,59.0,6.52,554.0,Loam,168,Wheat
63.0,37.0,16.0,34.8,62.0,6.49,540.0,Loam,178,Sorghum
69.0,7.0,62.0,22.6,90.0,6.33,303.0,Loam,202,Maize
30.0,19.0,55.0,26.6,78.0,5.23,1329.0,Sandy Loam,170,Cassava
85.0,18.0,82.0,12.8,64.0,7.23,480.0,Sandy Loam,154,Wheat
76.0,30.0,21.0,25.8,62.0,6.04,280.0,Loam,323,Beans
44.0,28.0,23.0,29.8,28.0,6.36,376.0,Clay,156,Sorghum
31.0,12.0,48.0,21.0,69.0,7.86,414.0,Loam,190,Wheat
44.0,9.0,61.0,27.9,49.0,6.35,393.0,Clay,164,Sorghum
38.0,23.0,27.0,26.6,89.0,7.26,531.0,Loam,145,Beans
49.0,26.0,35.0,15.5,51.0,6.07,725.0,Clay,168,Wheat
75.0,30.0,30.0,9.9,63.0,7.31,755.0,Clay,188,Wheat
40.0,45.0,65.0,20.8,65.0,7.44,1033.0,Loam,189,Tomato
105.0,46.0,48.0,17.2,78.0,4.52,2848.0,Sandy Loam,169,Tea
89.0,50.0,49.0,10.3,67.0,7.65,731.0,Loam,216,Wheat
27.0,15.0,27.0,25.9,42.0,6.96,337.0,Sandy Loam,217,Sorghum
56.0,56.0,47.0,17.2,79.0,7.02,721.0,Sandy Loam,241,Maize
94.0,35.0,62.0,22.6,79.0,5.61,318.0,Silty Clay,174,Maize
92.0,30.0,17.0,19.1,64.0,5.64,411.0,Sandy Loam,209,Maize
36.0,27.0,42.0,28.2,80.0,7.31,627.0,Clay,170,Cassava
37.0,8.0,77.0,29.8,81.0,7.53,1273.0,Sandy Loam,181,Cassava
112.0,19.0,50.0,24.4,75.0,6.94,343.0,Loam,158,Maize
75.0,25.0,19.0,23.2,73.0,6.04,546.0,Silty Clay,225,Beans
78.0,29.0,38.0,22.0,60.0,6.2,516.0,Clay,209,Beans
107.0,43.0,15.0,23.9,60.0,6.5,479.0,Clay,133,Tomato
96.0,12.0,48.0,20.7,71.0,5.93,586.0,Sandy Loam,177,Maize
19.0,37.0,62.0,16.1,47.0,7.15,240.0,Sandy Loam,134,Beans
127.0,5.0,39.0,31.9,46.0,6.62,467.0,Sandy Loam,185,Maize
30.0,20.0,44.0,13.9,73.0,6.45,361.0,Clay,212,Wheat
56.0,39.0,62.0,25.2,58.0,5.37,398.0,Loam,138,Beans
68.0,8.0,57.0,18.4,45.0,6.36,548.0,Silty Loam,164,Wheat
112.0,33.0,42.0,21.9,76.0,6.17,2714.0,Sandy Loam,170,Tea
90.0,39.0,23.0,21.8,51.0,7.28,350.0,Sandy Loam,159,Wheat
61.0,34.0,70.0,31.5,67.0,5.94,1109.0,Clay,197,Tomato
50.0,25.0,41.0,28.4,54.0,6.26,236.0,Loam,137,Sorghum
79.0,43.0,9.0,24.0,65.0,6.35,500.0,Clay,200,Maize
36.0,13.0,42.0,15.8,60.0,8.15,422.0,Loam,162,Wheat
34.0,3.0,35.0,25.1,43.0,6.37,242.0,Clay,160,Sorghum
80.0,41.0,79.0,19.5,50.0,6.16,1142.0,Sandy Loam,151,Tomato
58.0,45.0,7.0,22.5,54.0,7.46,658.0,Loam,113,Beans
71.0,14.0,19.0,21.1,77.0,7.5,357.0,Sandy Loam,97,Maize
119.0,56.0,11.0,21.0,75.0,6.59,919.0,Silty Clay,165,Maize
37.0,7.0,63.0,30.0,91.0,6.95,1104.0,Loam,233,Cassava
106.0,38.0,44.0,30.9,84.0,5.63,784.0,Clay,230,Maize
68.0,36.0,69.0,27.2,61.0,6.09,554.0,Clay,213,Tomato
86.0,39.0,14.0,24.0,75.0,7.06,811.0,Silty Loam,161,Beans
19.0,16.0,33.0,23.8,72.0,6.87,159.0,Loam,201,Beans
22.0,38.0,82.0,31.3,68.0,7.29,1479.0,Silty Clay,143,Cassava
45.0,5.0,52.0,21.9,81.0,4.72,981.0,Sandy Loam,136,Cassava
91.0,42.0,43.0,24.7,42.0,7.21,316.0,Loam,129,Wheat
49.0,30.0,3.0,27.8,58.0,7.41,190.0,Silty Loam,202,Sorghum
2.0,38.0,25.0,26.8,54.0,7.3,426.0,Sandy Loam,205,Sorghum
76.0,16.0,37.0,19.7,48.0,5.47,305.0,Sandy Loam,183,Beans
95.0,24.0,54.0,20.8,32.0,6.14,699.0,Silty Loam,178,Wheat
103.0,27.0,90.0,25.7,65.0,7.14,1021.0,Loam,176,Tomato
77.0,41.0,31.0,15.4,61.0,7.94,257.0,Loam,95,Wheat
67.0,34.0,46.0,14.1,42.0,6.89,630.0,Loam,213,Wheat
60.0,47.0,38.0,9.7,42.0,8.0,748.0,Clay,145,Wheat
112.0,23.0,74.0,27.5,72.0,6.95,730.0,Loam,205,Maize
62.0,27.0,44.0,21.0,72.0,7.18,400.0,Silty Loam,197,Maize
59.0,2.0,67.0,12.4,55.0,6.38,683.0,Sandy Loam,181,Wheat
38.0,36.0,30.0,22.4,97.0,5.42,401.0,Loam,169,Beans
31.0,38.0,22.0,24.5,73.0,5.28,1410.0,Clay,205,Cassava
56.0,38.0,32.0,17.9,64.0,7.37,500.0,Loam,166,Wheat
69.0,20.0,39.0,25.2,56.0,7.42,806.0,Silty Loam,206,Maize
23.0,4.0,40.0,24.4,77.0,4.47,1272.0,Loam,168,Cassava
74.0,24.0,25.0,26.3,48.0,7.14,645.0,Sandy Loam,182,Maize
88.0,43.0,34.0,22.5,48.0,7.29,439.0,Silty Loam,167,Maize
39.0,54.0,5.0,15.3,76.0,7.93,638.0,Loam,206,Wheat
92.0,25.0,57.0,24.7,71.0,6.64,530.0,Clay,201,Maize
45.0,28.0,33.0,22.8,66.0,6.12,415.0,Sandy Loam,116,Beans
109.0,32.0,36.0,9.6,26.0,6.08,539.0,Clay,207,Wheat
32.0,36.0,39.0,19.7,80.0,6.01,418.0,Loam,203,Beans
67.0,53.0,12.0,26.4,52.0,7.2,653.0,Silty Loam,243,Maize
71.0,17.0,59.0,17.4,50.0,6.29,369.0,Silty Clay,216,Wheat
64.0,26.0,35.0,22.6,85.0,5.26,579.0,Clay,239,Beans
67.0,67.0,49.0,21.2,73.0,6.48,779.0,Loam,193,Tomato
42.0,31.0,33.0,17.5,58.0,6.66,655.0,Clay,217,Wheat
48.0,21.0,85.0,20.9,81.0,7.44,1052.0,Silty Clay,159,Cassava
61.0,51.0,26.0,15.7,63.0,6.92,331.0,Clay,178,Wheat
35.0,32.0,38.0,20.5,92.0,6.31,648.0,Loam,220,Beans
59.0,38.0,45.0,25.4,49.0,5.98,575.0,Silty Clay,244,Maize
97.0,37.0,14.0,10.5,34.0,6.85,654.0,Sandy Loam,119,Wheat
41.0,31.0,48.0,27.7,55.0,6.2,962.0,Silty Clay,146,Cassava
63.0,16.0,39.0,22.7,80.0,6.55,369.0,Loam,188,Beans
21.0,31.0,50.0,28.9,59.0,7.38,201.0,Silty Loam,239,Sorghum
99.0,19.0,57.0,24.4,48.0,6.82,556.0,Loam,123,Maize
79.0,4.0,56.0,24.3,66.0,6.77,689.0,Loam,172,Maize
66.0,26.0,29.0,27.9,66.0,6.26,271.0,Sandy Loam,167,Beans
50.0,45.0,57.0,27.3,70.0,6.01,460.0,Loam,224,Beans
36.0,15.0,93.0,26.5,58.0,6.49,1197.0,Silty Clay,188,Cassava
96.0,40.0,52.0,22.7,74.0,6.47,618.0,Loam,163,Maize
35.0,10.0,61.0,21.4,63.0,4.29,563.0,Silty Clay,209,Cassava
47.0,29.0,50.0,29.1,30.0,7.24,200.0,Silty Loam,160,Sorghum
73.0,28.0,60.0,22.7,80.0,5.89,696.0,Sandy Loam,227,Maize
30.0,39.0,63.0,31.1,39.0,6.15,115.0,Loam,221,Sorghum
97.0,46.0,15.0,15.9,91.0,7.27,771.0,Loam,174,Wheat
37.0,19.0,65.0,18.3,55.0,6.58,579.0,Clay,97,Wheat
30.0,36.0,22.0,25.7,61.0,5.94,547.0,Silty Loam,165,Beans
46.0,14.0,20.0,28.0,54.0,5.81,265.0,Sandy Loam,156,Sorghum
59.0,12.0,35.0,22.0,57.0,6.85,886.0,Silty Clay,195,Tomato
80.0,15.0,58.0,20.7,73.0,5.23,530.0,Silty Loam,97,Beans
35.0,13.0,67.0,23.2,80.0,7.51,1051.0,Loam,178,Cassava
1.0,12.0,14.0,26.1,52.0,6.35,183.0,Silty Loam,204,Sorghum
50.0,9.0,57.0,31.9,27.0,7.42,566.0,Loam,182,Sorghum
69.0,7.0,43.0,17.9,45.0,7.89,376.0,Silty Loam,127,Wheat
34.0,35.0,27.0,22.1,39.0,6.79,564.0,Silty Loam,158,Sorghum
132.0,46.0,40.0,16.0,75.0,6.4,1551.0,Silty Clay,163,Tea
125.0,68.0,91.0,28.0,56.0,6.97,806.0,Sandy Loam,281,Tomato
37.0,33.0,63.0,32.8,46.0,6.34,170.0,Sandy Loam,104,Sorghum
110.0,53.0,57.0,17.5,79.0,5.36,2003.0,Clay,126,Tea
99.0,18.0,54.0,27.2,65.0,5.36,407.0,Loam,181,Beans
93.0,49.0,32.0,25.9,57.0,6.02,557.0,Sandy Loam,167,Beans
109.0,33.0,59.0,24.8,70.0,6.25,811.0,Sandy Loam,124,Maize
35.0,41.0,16.0,26.4,57.0,5.9,510.0,Silty Loam,169,Sorghum
50.0,49.0,15.0,16.9,82.0,6.29,636.0,Sandy Loam,257,Beans
94.0,18.0,42.0,28.2,62.0,6.45,518.0,Loam,150,Maize
76.0,36.0,43.0,23.2,41.0,6.48,365.0,Sandy Loam,257,Maize
47.0,5.0,0.0,22.0,47.0,5.82,354.0,Silty Loam,185,Sorghum
71.0,17.0,56.0,21.5,68.0,5.74,694.0,Clay,140,Beans
99.0,53.0,70.0,24.5,60.0,6.39,1159.0,Sandy Loam,100,Tomato
29.0,45.0,25.0,20.7,68.0,6.42,832.0,Loam,159,Wheat
40.0,29.0,39.0,31.8,54.0,5.68,427.0,Sandy Loam,166,Sorghum
121.0,25.0,36.0,22.8,61.0,7.79,555.0,Loam,211,Wheat
49.0,43.0,39.0,19.7,62.0,7.07,814.0,Silty Clay,159,Maize
21.0,29.0,48.0,27.2,58.0,6.98,506.0,Clay,169,Sorghum
40.0,36.0,50.0,33.2,58.0,5.99,242.0,Clay,122,Sorghum
78.0,27.0,27.0,20.0,47.0,7.2,824.0,Clay,139,Beans
34.0,29.0,62.0,31.7,81.0,5.16,1135.0,Sandy Loam,149,Cassava
33.0,18.0,32.0,28.4,43.0,7.96,287.0,Clay,205,Sorghum
39.0,24.0,7.0,33.1,31.0,7.88,459.0,Silty Loam,247,Sorghum
119.0,65.0,41.0,20.6,70.0,6.97,949.0,Clay,221,Tomato
42.0,37.0,18.0,35.2,53.0,6.59,103.0,Sandy Loam,159,Sorghum
84.0,46.0,74.0,20.3,70.0,6.52,275.0,Loam,228,Tomato
115.0,66.0,59.0,17.0,45.0,7.92,341.0,Silty Loam,164,Wheat
51.0,49.0,66.0,24.1,58.0,6.87,772.0,Sandy Loam,171,Maize
89.0,27.0,64.0,13.4,54.0,7.79,503.0,Silty Loam,160,Wheat
48.0,29.0,15.0,36.2,54.0,6.18,227.0,Sandy Loam,127,Sorghum
51.0,42.0,29.0,21.5,60.0,6.28,401.0,Loam,166,Wheat
62.0,58.0,18.0,20.3,67.0,6.12,327.0,Silty Clay,209,Wheat
100.0,35.0,85.0,19.7,84.0,5.25,1574.0,Loam,182,Tea
55.0,6.0,9.0,21.4,88.0,5.32,802.0,Sandy Loam,146,Cassava
41.0,14.0,3.0,33.5,37.0,7.88,290.0,Loam,169,Sorghum
90.0,47.0,32.0,28.6,69.0,7.25,918.0,Loam,171,Maize
38.0,13.0,51.0,17.9,77.0,5.62,446.0,Sandy Loam,226,Beans
32.0,18.0,0.0,32.0,43.0,6.26,224.0,Loam,252,Sorghum
13.0,11.0,32.0,33.5,29.0,6.82,217.0,Sandy Loam,137,Sorghum
45.0,48.0,46.0,23.9,43.0,5.34,323.0,Sandy Loam,270,Beans
26.0,36.0,94.0,19.5,99.0,4.85,714.0,Sandy Loam,129,Cassava
30.0,22.0,33.0,26.8,63.0,6.78,392.0,Clay,139,Beans
119.0,16.0,51.0,23.3,76.0,7.24,635.0,Sandy Loam,166,Maize
36.0,23.0,113.0,28.1,76.0,5.46,895.0,Loam,225,Cassava
91.0,9.0,63.0,19.8,42.0,6.09,504.0,Loam,103,Wheat
43.0,36.0,56.0,24.4,73.0,5.12,540.0,Sandy Loam,150,Cassava
101.0,45.0,35.0,12.4,42.0,7.0,597.0,Silty Loam,101,Wheat
66.0,47.0,50.0,15.3,52.0,7.51,473.0,Sandy Loam,187,Wheat
67.0,47.0,60.0,18.1,85.0,5.71,1815.0,Loam,95,Tea
77.0,53.0,29.0,18.1,64.0,5.81,502.0,Clay,121,Wheat
84.0,12.0,77.0,24.7,68.0,7.12,283.0,Clay,209,Wheat
29.0,27.0,16.0,27.4,28.0,7.77,410.0,Loam,175,Sorghum
30.0,2.0,29.0,29.7,46.0,6.99,502.0,Loam,198,Sorghum
39.0,18.0,55.0,33.4,35.0,5.95,612.0,Loam,232,Sorghum
65.0,46.0,39.0,27.4,76.0,5.69,484.0,Clay,185,Beans
49.0,22.0,51.0,15.7,58.0,7.03,507.0,Silty Loam,178,Wheat
80.0,34.0,25.0,22.6,43.0,7.54,676.0,Sandy Loam,215,Wheat
106.0,18.0,62.0,18.5,58.0,6.42,860.0,Sandy Loam,146,Maize
85.0,27.0,97.0,23.0,75.0,5.57,573.0,Loam,117,Tomato
18.0,27.0,10.0,32.8,65.0,7.14,666.0,Sandy Loam,190,Sorghum
70.0,28.0,31.0,26.5,74.0,5.93,324.0,Sandy Loam,210,Beans
71.0,32.0,71.0,12.2,73.0,6.37,503.0,Loam,187,Wheat
74.0,36.0,30.0,26.5,76.0,7.42,500.0,Silty Loam,262,Beans
94.0,72.0,63.0,19.3,78.0,5.4,1920.0,Loam,168,Tea
123.0,20.0,60.0,29.8,89.0,5.61,666.0,Silty Loam,187,Tomato
108.0,44.0,75.0,11.6,58.0,6.33,594.0,Clay,201,Wheat
10.0,16.0,35.0,22.7,63.0,6.24,554.0,Loam,178,Sorghum
73.0,27.0,60.0,29.3,68.0,6.22,686.0,Silty Loam,242,Maize
69.0,32.0,37.0,16.4,70.0,5.01,2860.0,Sandy Loam,142,Tea
70.0,38.0,62.0,23.5,47.0,7.38,727.0,Loam,224,Wheat
121.0,57.0,62.0,15.6,46.0,7.24,612.0,Loam,105,Wheat
110.0,13.0,48.0,19.7,70.0,6.27,690.0,Silty Clay,135,Wheat
150.0,61.0,31.0,22.2,55.0,7.28,673.0,Loam,189,Tomato
106.0,53.0,67.0,30.7,68.0,6.74,643.0,Clay,181,Maize
78.0,27.0,28.0,20.2,66.0,6.01,1151.0,Sandy Loam,219,Tomato
102.0,50.0,61.0,12.0,38.0,7.49,494.0,Silty Clay,281,Wheat
112.0,38.0,42.0,17.3,62.0,6.48,441.0,Loam,199,Wheat
90.0,49.0,54.0,17.0,65.0,7.01,352.0,Silty Clay,186,Wheat
7.0,9.0,33.0,33.3,75.0,7.3,953.0,Silty Clay,138,Cassava
77.0,23.0,67.0,12.0,75.0,8.22,440.0,Loam,212,Wheat
93.0,48.0,39.0,17.7,69.0,7.58,233.0,Clay,232,Maize
22.0,9.0,48.0,20.3,81.0,7.14,636.0,Loam,204,Cassava
126.0,62.0,28.0,23.9,88.0,6.53,434.0,Loam,186,Tomato
23.0,11.0,49.0,27.3,50.0,7.83,196.0,Silty Loam,182,Sorghum
63.0,6.0,81.0,20.1,65.0,7.89,752.0,Clay,227,Wheat
76.0,11.0,81.0,15.9,71.0,7.17,511.0,Loam,182,Wheat
50.0,34.0,29.0,21.7,78.0,5.22,2271.0,Silty Clay,253,Tea
48.0,24.0,28.0,19.7,58.0,5.32,364.0,Clay,141,Beans
62.0,15.0,23.0,34.4,32.0,8.07,589.0,Loam,271,Sorghum
66.0,37.0,45.0,21.9,48.0,5.24,197.0,Loam,205,Beans
69.0,36.0,6.0,11.1,59.0,6.86,396.0,Loam,189,Wheat
54.0,32.0,58.0,29.0,61.0,7.2,537.0,Silty Loam,180,Sorghum
57.0,33.0,40.0,20.4,70.0,5.72,662.0,Silty Loam,191,Maize
25.0,41.0,47.0,9.0,65.0,7.05,644.0,Loam,230,Wheat
47.0,28.0,48.0,27.5,56.0,7.29,547.0,Loam,153,Maize
51.0,58.0,61.0,22.7,51.0,6.94,403.0,Sandy Loam,147,Wheat
127.0,37.0,72.0,16.7,85.0,5.09,1413.0,Loam,128,Tea
52.0,10.0,96.0,23.5,81.0,5.84,611.0,Loam,133,Cassava
99.0,21.0,83.0,11.7,56.0,6.72,662.0,Loam,197,Wheat
79.0,58.0,76.0,20.3,62.0,6.93,420.0,Sandy Loam,194,Maize
59.0,49.0,35.0,19.7,75.0,6.92,713.0,Loam,131,Wheat
84.0,41.0,56.0,22.5,86.0,6.48,802.0,Loam,165,Maize
17.0,20.0,53.0,29.7,75.0,5.54,1311.0,Sandy Loam,256,Cassava
112.0,44.0,60.0,26.3,64.0,7.47,510.0,Loam,183,Tomato
16.0,25.0,9.0,22.0,49.0,6.64,401.0,Sandy Loam,141,Sorghum
86.0,49.0,52.0,20.6,72.0,6.29,604.0,Sandy Loam,211,Maize
4.0,40.0,87.0,21.5,82.0,6.72,999.0,Silty Clay,261,Cassava
28.0,23.0,48.0,32.9,38.0,6.51,270.0,Clay,141,Sorghum
95.0,59.0,23.0,21.5,67.0,5.92,928.0,Sandy Loam,208,Maize
113.0,73.0,25.0,17.4,72.0,6.24,1922.0,Loam,181,Tea
56.0,5.0,23.0,34.2,63.0,6.73,410.0,Sandy Loam,184,Sorghum
117.0,72.0,81.0,25.6,44.0,5.74,1129.0,Silty Loam,155,Tomato
71.0,37.0,87.0,28.1,72.0,6.57,852.0,Sandy Loam,153,Tomato
85.0,60.0,64.0,23.5,53.0,5.78,739.0,Sandy Loam,213,Maize
20.0,30.0,56.0,20.8,92.0,6.2,1411.0,Loam,129,Cassava
88.0,32.0,94.0,19.7,67.0,6.99,542.0,Loam,183,Maize
79.0,21.0,53.0,9.9,28.0,6.49,374.0,Clay,195,Wheat
68.0,41.0,69.0,21.9,80.0,7.42,842.0,Silty Clay,183,Maize
71.0,32.0,30.0,22.6,63.0,5.48,479.0,Clay,129,Beans
31.0,22.0,49.0,34.4,44.0,6.92,171.0,Silty Loam,171,Sorghum
49.0,57.0,81.0,22.8,63.0,7.07,606.0,Loam,223,Maize
44.0,20.0,58.0,20.3,49.0,6.28,447.0,Clay,132,Wheat
35.0,33.0,41.0,27.1,55.0,7.05,711.0,Loam,196,Beans
23.0,30.0,33.0,29.0,74.0,7.48,536.0,Loam,164,Beans
92.0,37.0,86.0,29.7,51.0,7.56,700.0,Loam,173,Maize
81.0,39.0,75.0,22.0,61.0,5.55,271.0,Sandy Loam,204,Beans
81.0,46.0,67.0,30.0,69.0,7.35,440.0,Sandy Loam,135,Maize
47.0,38.0,40.0,23.9,65.0,6.52,380.0,Loam,153,Wheat
46.0,5.0,51.0,17.2,43.0,8.15,553.0,Clay,168,Wheat
54.0,38.0,79.0,11.5,75.0,6.69,345.0,Loam,211,Wheat
60.0,32.0,50.0,18.0,62.0,6.33,550.0,Clay,147,Maize
92.0,70.0,39.0,23.2,53.0,7.34,686.0,Sandy Loam,184,Tomato
39.0,36.0,40.0,33.6,50.0,7.86,68.0,Sandy Loam,201,Sorghum
73.0,29.0,20.0,22.0,44.0,6.97,521.0,Loam,160,Beans
19.0,3.0,20.0,31.8,31.0,6.74,498.0,Silty Loam,242,Sorghum
46.0,0.0,42.0,34.2,32.0,7.39,329.0,Clay,159,Sorghum
71.0,21.0,19.0,23.2,71.0,6.54,232.0,Sandy Loam,176,Beans
75.0,59.0,45.0,22.0,68.0,6.99,978.0,Loam,147,Tomato
72.0,24.0,65.0,21.9,43.0,7.63,370.0,Silty Loam,128,Wheat
96.0,66.0,87.0,28.9,55.0,5.88,1002.0,Loam,116,Tomato
60.0,26.0,13.0,25.1,68.0,5.99,523.0,Loam,207,Maize
78.0,31.0,29.0,27.9,59.0,7.24,357.0,Loam,198,Maize
66.0,48.0,31.0,19.0,57.0,6.91,743.0,Sandy Loam,210,Wheat
5.0,21.0,24.0,22.6,55.0,7.56,313.0,Silty Loam,118,Sorghum
40.0,7.0,54.0,26.6,56.0,7.32,450.0,Silty Loam,174,Sorghum
127.0,31.0,85.0,17.1,83.0,5.15,1986.0,Sandy Loam,192,Tea
48.0,60.0,25.0,17.6,55.0,6.76,389.0,Loam,204,Wheat
89.0,47.0,62.0,26.7,48.0,5.57,441.0,Silty Clay,244,Maize
136.0,68.0,64.0,27.6,49.0,5.7,499.0,Sandy Loam,90,Tomato
117.0,60.0,53.0,26.3,78.0,7.47,616.0,Clay,180,Maize
91.0,30.0,65.0,22.4,89.0,6.71,407.0,Silty Clay,192,Tomato
79.0,20.0,7.0,17.7,52.0,6.92,522.0,Loam,222,Wheat
75.0,59.0,84.0,10.0,41.0,6.77,691.0,Loam,245,Wheat
38.0,25.0,49.0,24.9,60.0,7.29,740.0,Clay,216,Beans
62.0,36.0,15.0,29.7,67.0,6.52,730.0,Silty Loam,168,Maize
29.0,42.0,21.0,27.0,75.0,5.89,656.0,Loam,200,Beans
21.0,30.0,25.0,22.8,79.0,5.77,245.0,Loam,291,Beans
17.0,4.0,45.0,32.2,48.0,5.83,364.0,Loam,206,Sorghum
85.0,45.0,42.0,20.0,57.0,7.29,707.0,Loam,263,Wheat
65.0,45.0,38.0,24.0,58.0,7.39,790.0,Clay,171,Beans
98.0,67.0,84.0,18.4,49.0,7.21,530.0,Sandy Loam,206,Tomato
119.0,57.0,54.0,10.2,66.0,6.45,411.0,Sandy Loam,189,Wheat
73.0,32.0,50.0,20.2,78.0,6.27,548.0,Loam,214,Beans
17.0,28.0,48.0,23.7,57.0,5.64,244.0,Silty Clay,150,Beans
47.0,32.0,18.0,26.9,74.0,7.33,372.0,Loam,206,Maize
56.0,19.0,72.0,25.6,76.0,5.71,573.0,Silty Loam,218,Maize
45.0,54.0,46.0,21.4,48.0,6.41,780.0,Silty Clay,145,Maize
122.0,64.0,111.0,26.6,66.0,7.21,992.0,Loam,125,Tomato
56.0,6.0,15.0,27.6,46.0,5.63,136.0,Silty Loam,254,Sorghum
58.0,26.0,56.0,23.1,60.0,5.25,332.0,Loam,223,Beans
56.0,30.0,46.0,21.2,77.0,6.65,1318.0,Sandy Loam,166,Cassava
27.0,26.0,45.0,28.4,54.0,6.47,535.0,Sandy Loam,218,Sorghum
73.0,41.0,70.0,15.5,57.0,6.94,504.0,Silty Loam,127,Wheat
35.0,9.0,91.0,11.3,67.0,7.93,771.0,Silty Clay,193,Wheat
72.0,65.0,72.0,21.8,89.0,5.34,2496.0,Sandy Loam,161,Tea
56.0,16.0,35.0,29.9,61.0,5.34,629.0,Loam,284,Cassava
103.0,54.0,79.0,22.8,86.0,6.28,677.0,Sandy Loam,218,Maize
92.0,52.0,59.0,21.3,43.0,7.77,443.0,Silty Clay,147,Wheat
41.0,20.0,63.0,9.6,53.0,6.23,559.0,Clay,123,Wheat
95.0,52.0,66.0,18.6,62.0,6.19,541.0,Loam,210,Wheat
88.0,43.0,62.0,10.7,50.0,7.09,864.0,Clay,206,Wheat
53.0,36.0,37.0,23.8,81.0,7.43,288.0,Sandy Loam,168,Beans
111.0,41.0,71.0,10.4,41.0,6.24,578.0,Loam,152,Wheat
75.0,55.0,54.0,22.3,88.0,5.38,688.0,Loam,166,Beans
87.0,24.0,66.0,17.0,55.0,5.96,627.0,Clay,206,Wheat
91.0,38.0,67.0,13.3,63.0,7.27,790.0,Loam,184,Wheat
39.0,27.0,85.0,14.9,46.0,6.92,468.0,Loam,236,Wheat
97.0,61.0,59.0,21.2,52.0,6.24,311.0,Silty Loam,199,Wheat
67.0,33.0,13.0,10.2,48.0,6.44,723.0,Loam,114,Wheat
70.0,47.0,58.0,22.3,63.0,5.5,264.0,Sandy Loam,281,Beans
44.0,43.0,56.0,19.8,73.0,6.15,579.0,Sandy Loam,156,Beans
51.0,43.0,42.0,18.3,79.0,6.36,661.0,Clay,243,Maize
118.0,62.0,42.0,25.1,40.0,7.05,540.0,Silty Loam,198,Wheat
118.0,37.0,37.0,25.4,75.0,7.22,272.0,Loam,242,Maize
57.0,40.0,61.0,25.3,56.0,7.38,1007.0,Loam,167,Tomato
73.0,38.0,49.0,13.1,50.0,6.76,770.0,Silty Loam,192,Wheat
126.0,23.0,65.0,26.4,59.0,5.45,816.0,Loam,171,Maize
81.0,44.0,25.0,15.5,57.0,6.77,626.0,Sandy Loam,234,Wheat
76.0,14.0,13.0,26.5,46.0,6.19,699.0,Loam,201,Beans
61.0,30.0,32.0,23.5,43.0,7.43,560.0,Sandy Loam,170,Wheat
10.0,22.0,34.0,25.1,43.0,6.63,568.0,Silty Loam,110,Sorghum
33.0,21.0,55.0,31.6,45.0,5.66,544.0,Loam,188,Sorghum
28.0,14.0,41.0,29.7,39.0,6.93,338.0,Loam,121,Sorghum
97.0,42.0,69.0,22.2,78.0,6.4,854.0,Silty Clay,188,Maize
84.0,35.0,37.0,27.3,72.0,7.09,704.0,Silty Clay,165,Maize
13.0,44.0,32.0,27.9,33.0,6.49,441.0,Silty Loam,150,Sorghum
48.0,25.0,70.0,18.5,73.0,6.69,1062.0,Loam,181,Tomato
44.0,23.0,15.0,26.3,53.0,5.43,354.0,Loam,176,Beans
27.0,36.0,27.0,22.2,31.0,5.74,515.0,Loam,185,Sorghum
65.0,48.0,39.0,20.3,81.0,6.34,745.0,Silty Clay,171,Maize
19.0,27.0,97.0,23.1,70.0,6.14,708.0,Sandy Loam,191,Cassava
69.0,14.0,32.0,19.8,53.0,7.25,271.0,Loam,218,Wheat
68.0,38.0,81.0,18.1,56.0,5.29,894.0,Sandy Loam,209,Maize
75.0,74.0,52.0,17.6,93.0,6.52,3048.0,Silty Loam,159,Tea
61.0,63.0,70.0,25.2,71.0,6.44,714.0,Clay,175,Maize
104.0,36.0,108.0,30.9,76.0,6.12,850.0,Silty Clay,244,Tomato
113.0,50.0,73.0,13.7,51.0,6.54,455.0,Loam,199,Wheat
40.0,23.0,113.0,27.3,59.0,4.62,1429.0,Sandy Loam,177,Cassava
111.0,26.0,63.0,28.9,57.0,5.83,646.0,Clay,130,Maize
49.0,27.0,112.0,24.0,73.0,5.98,755.0,Sandy Loam,162,Cassava
96.0,48.0,68.0,19.6,71.0,6.14,2745.0,Sandy Loam,222,Tea
106.0,34.0,65.0,21.3,82.0,5.26,2887.0,Sandy Loam,183,Tea
25.0,27.0,25.0,20.2,67.0,6.23,511.0,Sandy Loam,148,Beans
35.0,23.0,29.0,22.7,73.0,5.91,341.0,Loam,122,Sorghum
108.0,65.0,63.0,23.1,68.0,7.4,557.0,Sandy Loam,156,Maize
70.0,14.0,30.0,12.9,54.0,7.32,800.0,Loam,227,Wheat
66.0,52.0,61.0,21.3,53.0,7.09,362.0,Loam,171,Wheat
122.0,68.0,64.0,18.4,54.0,6.59,623.0,Clay,171,Tomato
30.0,11.0,44.0,31.3,48.0,7.25,447.0,Loam,195,Sorghum
56.0,1.0,39.0,30.4,36.0,6.45,400.0,Loam,202,Sorghum
53.0,51.0,36.0,20.9,62.0,5.62,493.0,Loam,183,Maize
128.0,73.0,80.0,22.6,55.0,6.95,1170.0,Sandy Loam,128,Tomato
56.0,13.0,82.0,19.2,72.0,6.35,865.0,Loam,158,Maize
66.0,60.0,37.0,26.5,47.0,7.53,548.0,Loam,149,Maize
130.0,79.0,68.0,21.9,89.0,6.11,1802.0,Clay,138,Tea
50.0,26.0,96.0,21.0,65.0,6.58,859.0,Silty Clay,145,Cassava
48.0,29.0,29.0,20.6,63.0,7.2,588.0,Clay,93,Beans
52.0,21.0,48.0,26.5,57.0,7.1,346.0,Sandy Loam,108,Maize
31.0,54.0,42.0,21.4,72.0,6.11,424.0,Silty Loam,75,Beans
134.0,38.0,61.0,22.2,63.0,4.73,1302.0,Sandy Loam,148,Tea
48.0,26.0,44.0,14.7,81.0,6.54,561.0,Silty Loam,135,Wheat
33.0,51.0,25.0,24.8,80.0,5.44,515.0,Silty Clay,92,Beans
43.0,6.0,36.0,24.5,60.0,7.33,690.0,Loam,176,Maize
34.0,49.0,65.0,12.3,42.0,6.04,600.0,Clay,148,Wheat
102.0,40.0,74.0,18.2,71.0,7.05,476.0,Loam,218,Wheat
70.0,16.0,79.0,17.3,58.0,8.03,578.0,Clay,175,Wheat
51.0,18.0,18.0,32.8,47.0,7.11,456.0,Loam,199,Sorghum
82.0,46.0,15.0,24.8,94.0,6.87,761.0,Clay,172,Beans
54.0,17.0,36.0,23.4,61.0,6.36,619.0,Silty Loam,226,Wheat
87.0,10.0,24.0,20.8,68.0,6.53,390.0,Loam,251,Maize
62.0,18.0,54.0,22.6,57.0,6.85,790.0,Sandy Loam,148,Maize
103.0,29.0,42.0,23.2,61.0,6.41,550.0,Clay,157,Maize
51.0,46.0,42.0,17.8,59.0,7.37,424.0,Loam,187,Wheat
5.0,27.0,33.0,27.7,59.0,6.74,520.0,Loam,154,Sorghum
4.0,0.0,40.0,20.5,85.0,6.81,1290.0,Clay,151,Cassava
55.0,47.0,66.0,18.5,75.0,6.8,668.0,Sandy Loam,184,Wheat
36.0,41.0,22.0,22.9,59.0,5.74,499.0,Loam,161,Beans
46.0,73.0,54.0,31.1,83.0,6.14,674.0,Silty Clay,182,Tomato
125.0,45.0,53.0,15.9,71.0,4.31,2578.0,Clay,231,Tea
57.0,43.0,41.0,18.3,66.0,6.07,1983.0,Loam,232,Tea
97.0,71.0,64.0,22.9,83.0,5.24,1628.0,Loam,99,Tea
63.0,35.0,92.0,20.0,65.0,7.15,943.0,Loam,182,Tomato
52.0,19.0,8.0,21.3,58.0,5.2,765.0,Silty Loam,155,Beans
98.0,58.0,89.0,19.7,51.0,6.95,675.0,Loam,158,Wheat
83.0,20.0,53.0,21.2,65.0,7.35,1151.0,Loam,132,Tomato
127.0,42.0,62.0,12.1,71.0,6.85,689.0,Loam,200,Wheat
54.0,10.0,49.0,17.5,44.0,7.12,411.0,Silty Loam,200,Wheat
102.0,74.0,79.0,28.9,78.0,5.62,404.0,Silty Clay,181,Tomato
62.0,59.0,84.0,14.7,97.0,6.27,1597.0,Loam,190,Tea
79.0,22.0,35.0,12.2,58.0,6.08,768.0,Silty Clay,191,Wheat
39.0,7.0,54.0,34.5,48.0,6.13,341.0,Sandy Loam,177,Sorghum
49.0,7.0,75.0,18.4,66.0,7.01,590.0,Clay,207,Wheat
46.0,66.0,61.0,16.5,71.0,7.51,679.0,Clay,163,Wheat
67.0,38.0,53.0,15.3,68.0,6.44,530.0,Loam,190,Wheat
69.0,47.0,36.0,19.6,84.0,5.78,400.0,Loam,216,Beans
40.0,52.0,52.0,14.7,55.0,6.62,602.0,Loam,185,Wheat
55.0,35.0,87.0,29.7,63.0,5.97,869.0,Sandy Loam,231,Cassava
53.0,17.0,69.0,21.9,56.0,7.02,795.0,Silty Loam,244,Wheat
31.0,27.0,51.0,23.4,55.0,7.53,525.0,Sandy Loam,171,Sorghum
92.0,47.0,48.0,15.4,71.0,7.78,656.0,Loam,169,Wheat
84.0,55.0,92.0,23.0,85.0,5.65,922.0,Loam,177,Tomato
70.0,46.0,33.0,13.5,55.0,7.43,821.0,Sandy Loam,186,Wheat
93.0,41.0,44.0,21.0,38.0,7.54,565.0,Sandy Loam,181,Wheat
48.0,55.0,24.0,24.5,77.0,6.03,415.0,Silty Loam,168,Maize
163.0,26.0,70.0,21.8,55.0,6.52,1052.0,Clay,281,Tomato
119.0,31.0,91.0,17.0,82.0,5.44,2826.0,Loam,236,Tea
61.0,54.0,76.0,25.0,74.0,7.07,1095.0,Sandy Loam,307,Tomato
70.0,24.0,20.0,22.5,75.0,5.02,559.0,Sandy Loam,260,Cassava
23.0,41.0,32.0,22.4,78.0,5.61,534.0,Clay,185,Beans
66.0,13.0,60.0,15.1,76.0,7.74,653.0,Silty Loam,176,Wheat
42.0,18.0,83.0,25.9,64.0,6.12,528.0,Loam,218,Maize
62.0,23.0,63.0,18.7,74.0,7.63,1517.0,Sandy Loam,150,Cassava
101.0,86.0,70.0,26.7,75.0,6.27,816.0,Loam,152,Tomato
90.0,20.0,43.0,10.5,56.0,5.92,699.0,Loam,197,Wheat
49.0,28.0,30.0,27.5,79.0,6.3,362.0,Clay,239,Maize
37.0,38.0,44.0,25.2,85.0,6.42,516.0,Loam,182,Cassava
144.0,59.0,73.0,18.3,83.0,5.37,2999.0,Clay,247,Tea
62.0,37.0,25.0,23.1,59.0,5.76,778.0,Clay,143,Beans
49.0,80.0,59.0,25.9,84.0,5.96,745.0,Sandy Loam,180,Tomato
122.0,62.0,94.0,23.0,69.0,5.93,661.0,Silty Loam,252,Tomato
78.0,16.0,18.0,20.2,58.0,6.9,379.0,Sandy Loam,137,Wheat
36.0,33.0,17.0,22.7,59.0,7.09,210.0,Loam,208,Beans
51.0,18.0,25.0,23.6,56.0,6.59,654.0,Loam,134,Maize
111.0,63.0,60.0,26.9,60.0,6.75,734.0,Loam,126,Maize
67.0,55.0,43.0,21.8,60.0,7.5,1156.0,Sandy Loam,212,Tomato
35.0,34.0,85.0,20.3,62.0,6.35,629.0,Clay,171,Cassava
12.0,23.0,49.0,28.3,69.0,7.13,323.0,Loam,207,Sorghum
91.0,71.0,65.0,18.7,64.0,6.76,749.0,Clay,93,Tomato
83.0,56.0,15.0,11.4,70.0,8.26,537.0,Clay,144,Wheat
63.0,64.0,81.0,26.4,84.0,6.83,1050.0,Sandy Loam,210,Tomato
82.0,31.0,68.0,21.3,86.0,7.02,819.0,Silty Clay,210,Tomato
85.0,30.0,30.0,16.3,46.0,7.01,602.0,Silty Clay,141,Wheat
63.0,54.0,58.0,18.7,55.0,6.06,747.0,Clay,178,Wheat
89.0,28.0,65.0,24.1,66.0,6.28,2055.0,Loam,177,Tea
17.0,6.0,38.0,25.0,36.0,6.12,536.0,Sandy Loam,157,Sorghum
43.0,26.0,17.0,32.8,62.0,7.47,440.0,Loam,143,Sorghum
72.0,40.0,27.0,29.2,61.0,7.17,910.0,Silty Clay,107,Tomato
52.0,28.0,44.0,25.5,61.0,5.55,1491.0,Clay,115,Cassava
37.0,27.0,49.0,26.7,54.0,6.97,264.0,Loam,141,Sorghum
26.0,17.0,32.0,20.2,74.0,5.65,641.0,Silty Clay,158,Beans
76.0,32.0,15.0,27.4,75.0,6.22,611.0,Clay,201,Beans
71.0,22.0,43.0,22.7,64.0,5.98,668.0,Clay,185,Beans
106.0,64.0,95.0,21.3,58.0,6.54,379.0,Loam,229,Tomato
86.0,42.0,57.0,29.9,57.0,6.36,565.0,Loam,195,Maize
21.0,7.0,30.0,20.6,47.0,7.6,755.0,Sandy Loam,187,Beans
45.0,10.0,46.0,33.8,53.0,7.32,138.0,Silty Loam,131,Sorghum
79.0,30.0,76.0,24.0,58.0,7.75,813.0,Sandy Loam,191,Tomato
91.0,29.0,64.0,25.2,81.0,6.74,593.0,Silty Clay,198,Tomato
60.0,53.0,66.0,20.0,59.0,6.91,641.0,Sandy Loam,209,Wheat
85.0,67.0,82.0,23.9,77.0,6.51,2089.0,Loam,122,Tea
47.0,18.0,32.0,26.5,69.0,6.41,817.0,Loam,194,Maize
10.0,5.0,26.0,32.4,76.0,5.04,1036.0,Sandy Loam,216,Cassava
31.0,37.0,106.0,26.3,70.0,4.4,1415.0,Silty Loam,106,Cassava
83.0,37.0,36.0,10.5,87.0,7.48,658.0,Loam,257,Wheat
72.0,40.0,60.0,10.2,68.0,6.22,531.0,Sandy Loam,218,Wheat
108.0,23.0,54.0,22.1,52.0,6.6,451.0,Clay,154,Maize
93.0,24.0,45.0,23.4,64.0,6.3,639.0,Sandy Loam,187,Beans
110.0,55.0,57.0,18.1,76.0,6.08,716.0,Silty Clay,186,Tomato
47.0,63.0,41.0,18.3,78.0,6.52,622.0,Loam,160,Maize
31.0,12.0,92.0,25.0,84.0,5.09,790.0,Loam,221,Cassava
68.0,38.0,33.0,23.1,53.0,5.72,735.0,Loam,142,Maize
77.0,45.0,51.0,16.3,63.0,5.9,689.0,Silty Clay,234,Beans
113.0,13.0,69.0,19.6,69.0,7.07,540.0,Silty Loam,215,Wheat
94.0,23.0,55.0,16.8,53.0,7.69,303.0,Silty Loam,197,Wheat
34.0,36.0,24.0,26.9,49.0,5.61,387.0,Sandy Loam,195,Sorghum
141.0,38.0,80.0,25.8,46.0,6.68,460.0,Loam,148,Tomato
92.0,45.0,75.0,28.8,58.0,6.93,1111.0,Loam,272,Tomato
40.0,16.0,30.0,20.8,58.0,7.36,694.0,Loam,123,Wheat
86.0,50.0,56.0,11.1,67.0,6.54,781.0,Loam,163,Wheat
49.0,40.0,1.0,27.5,33.0,7.18,237.0,Loam,201,Sorghum
56.0,29.0,35.0,21.9,76.0,5.35,630.0,Loam,182,Beans
1.0,31.0,59.0,20.8,76.0,4.28,983.0,Silty Loam,196,Cassava
38.0,11.0,27.0,34.2,37.0,6.08,515.0,Silty Clay,132,Sorghum
44.0,50.0,42.0,21.3,55.0,7.94,821.0,Silty Clay,225,Wheat
47.0,60.0,38.0,15.5,63.0,6.85,536.0,Silty Clay,126,Wheat
63.0,14.0,16.0,22.3,57.0,7.52,387.0,Sandy Loam,209,Sorghum
115.0,8.0,47.0,20.4,55.0,6.06,371.0,Clay,156,Wheat
118.0,12.0,42.0,10.3,63.0,7.88,657.0,Loam,141,Wheat
90.0,12.0,72.0,13.6,49.0,7.07,292.0,Sandy Loam,192,Wheat
61.0,27.0,71.0,30.8,68.0,7.04,1423.0,Clay,241,Cassava
71.0,26.0,51.0,24.8,63.0,6.35,450.0,Silty Loam,121,Beans
15.0,14.0,48.0,24.8,50.0,5.56,1145.0,Loam,168,Cassava
58.0,35.0,53.0,22.6,59.0,6.25,226.0,Loam,189,Beans
48.0,36.0,20.0,29.3,48.0,6.64,278.0,Loam,215,Sorghum
105.0,22.0,33.0,22.3,68.0,5.96,791.0,Loam,188,Tomato
74.0,44.0,24.0,24.3,71.0,5.96,1312.0,Sandy Loam,191,Tea
75.0,64.0,20.0,15.9,44.0,6.17,399.0,Loam,183,Wheat
53.0,40.0,33.0,22.7,59.0,6.06,425.0,Sandy Loam,198,Beans
82.0,36.0,70.0,25.2,67.0,6.7,354.0,Silty Clay,202,Maize
119.0,19.0,48.0,25.8,57.0,5.73,785.0,Sandy Loam,97,Tomato
81.0,15.0,27.0,12.2,42.0,7.05,567.0,Loam,150,Wheat
34.0,14.0,63.0,26.8,60.0,7.33,858.0,Silty Clay,212,Cassava
54.0,20.0,75.0,9.9,66.0,6.58,668.0,Silty Loam,217,Wheat
38.0,28.0,83.0,30.1,84.0,5.77,928.0,Clay,140,Cassava
35.0,45.0,64.0,18.3,72.0,7.19,583.0,Sandy Loam,90,Beans
98.0,32.0,79.0,21.1,84.0,6.09,2754.0,Clay,264,Tea
12.0,46.0,52.0,27.8,92.0,5.11,1066.0,Sandy Loam,190,Cassava
58.0,2.0,44.0,25.4,75.0,6.11,706.0,Silty Loam,132,Beans
66.0,18.0,60.0,26.9,79.0,6.79,663.0,Sandy Loam,166,Cassava
56.0,16.0,82.0,19.6,67.0,5.91,643.0,Clay,202,Wheat
21.0,32.0,91.0,21.7,85.0,7.58,580.0,Loam,176,Cassava
68.0,17.0,63.0,18.1,61.0,6.09,402.0,Sandy Loam,198,Beans
46.0,18.0,35.0,22.2,67.0,6.18,1069.0,Clay,200,Cassava
104.0,51.0,37.0,15.0,52.0,6.21,414.0,Clay,175,Wheat
104.0,22.0,32.0,21.3,79.0,5.76,2541.0,Sandy Loam,164,Tea
56.0,42.0,23.0,28.3,75.0,5.75,362.0,Clay,238,Maize
39.0,13.0,25.0,21.4,65.0,6.35,373.0,Loam,233,Sorghum
127.0,37.0,30.0,25.8,58.0,6.1,547.0,Sandy Loam,174,Tomato
50.0,12.0,63.0,27.9,75.0,4.82,1386.0,Sandy Loam,159,Cassava
85.0,6.0,57.0,17.0,74.0,6.81,425.0,Silty Loam,217,Wheat
80.0,75.0,63.0,26.1,53.0,5.85,1121.0,Loam,151,Tomato
62.0,18.0,32.0,21.0,49.0,7.09,647.0,Clay,139,Beans
46.0,17.0,40.0,25.0,71.0,6.59,364.0,Sandy Loam,188,Sorghum
103.0,22.0,20.0,17.5,58.0,5.36,369.0,Loam,188,Tomato
56.0,16.0,49.0,26.1,66.0,5.58,608.0,Silty Clay,194,Maize
47.0,19.0,17.0,26.9,61.0,6.51,395.0,Sandy Loam,264,Sorghum
111.0,48.0,59.0,16.9,89.0,5.0,2832.0,Silty Clay,247,Tea
29.0,31.0,23.0,16.3,77.0,5.81,230.0,Sandy Loam,253,Beans
123.0,54.0,37.0,20.3,71.0,5.32,723.0,Sandy Loam,157,Tomato
15.0,31.0,118.0,20.3,75.0,6.07,839.0,Clay,174,Cassava
92.0,23.0,39.0,20.6,82.0,5.96,368.0,Silty Loam,230,Beans
63.0,47.0,40.0,26.1,69.0,5.61,837.0,Sandy Loam,189,Maize
63.0,57.0,59.0,25.8,56.0,5.49,674.0,Sandy Loam,180,Maize
117.0,67.0,35.0,19.9,59.0,6.59,357.0,Loam,208,Tomato
119.0,56.0,29.0,27.6,68.0,6.41,819.0,Loam,169,Maize
34.0,31.0,91.0,28.4,62.0,5.12,1487.0,Sandy Loam,217,Cassava
112.0,13.0,33.0,21.6,57.0,7.24,511.0,Sandy Loam,231,Wheat
120.0,44.0,30.0,24.8,76.0,7.1,741.0,Loam,128,Maize
70.0,53.0,58.0,17.9,52.0,6.05,507.0,Silty Loam,142,Tomato
44.0,18.0,22.0,31.3,62.0,5.65,631.0,Silty Clay,205,Sorghum
38.0,11.0,70.0,25.4,73.0,7.01,1189.0,Loam,209,Cassava
28.0,34.0,37.0,28.5,62.0,6.02,504.0,Loam,193,Sorghum
39.0,7.0,66.0,16.4,46.0,6.82,810.0,Clay,163,Wheat
85.0,28.0,43.0,25.0,55.0,5.34,245.0,Loam,205,Beans
25.0,22.0,62.0,20.5,90.0,6.62,1402.0,Loam,190,Cassava
29.0,30.0,65.0,36.0,62.0,5.33,664.0,Loam,154,Sorghum
51.0,39.0,73.0,20.4,79.0,5.75,1084.0,Loam,206,Cassava
66.0,18.0,20.0,28.0,67.0,5.72,683.0,Sandy Loam,115,Maize
105.0,13.0,51.0,21.2,66.0,7.5,709.0,Loam,211,Tomato
95.0,32.0,55.0,27.2,52.0,5.72,433.0,Sandy Loam,236,Maize
38.0,12.0,44.0,28.2,81.0,5.41,444.0,Loam,127,Beans
56.0,9.0,118.0,22.7,71.0,5.49,1368.0,Silty Clay,150,Cassava
70.0,48.0,65.0,22.2,51.0,6.57,440.0,Sandy Loam,223,Maize
54.0,41.0,54.0,22.7,43.0,6.97,292.0,Loam,242,Wheat
77.0,37.0,30.0,20.8,54.0,6.5,458.0,Loam,195,Wheat
36.0,9.0,54.0,23.4,65.0,6.98,524.0,Loam,136,Wheat
102.0,26.0,44.0,15.2,73.0,7.3,336.0,Sandy Loam,204,Wheat
72.0,61.0,55.0,21.2,83.0,7.32,1148.0,Sandy Loam,210,Tomato
36.0,15.0,26.0,33.9,51.0,6.15,370.0,Silty Clay,229,Sorghum
18.0,23.0,30.0,20.5,79.0,6.96,1016.0,Loam,166,Cassava
75.0,37.0,40.0,21.0,64.0,7.94,353.0,Clay,138,Wheat
116.0,0.0,34.0,30.2,61.0,6.99,501.0,Silty Loam,175,Maize
90.0,26.0,75.0,21.9,46.0,6.84,616.0,Loam,216,Wheat
79.0,82.0,60.0,15.8,83.0,4.57,2768.0,Silty Clay,186,Tea
77.0,54.0,64.0,19.7,84.0,6.09,446.0,Loam,197,Maize
45.0,25.0,27.0,25.6,54.0,7.03,285.0,Clay,159,Sorghum
80.0,38.0,85.0,14.9,76.0,8.05,514.0,Silty Loam,111,Wheat
60.0,15.0,8.0,19.9,48.0,6.6,446.0,Loam,98,Wheat
54.0,22.0,37.0,21.9,70.0,7.16,582.0,Silty Clay,165,Beans
133.0,38.0,84.0,16.4,88.0,4.51,1420.0,Loam,223,Tea
27.0,30.0,58.0,23.0,45.0,7.01,530.0,Silty Clay,176,Beans
71.0,57.0,38.0,16.8,88.0,5.14,2008.0,Sandy Loam,162,Tea
76.0,22.0,84.0,24.2,74.0,6.47,707.0,Loam,221,Wheat
31.0,13.0,53.0,23.8,60.0,6.2,173.0,Silty Clay,120,Beans
44.0,43.0,70.0,24.2,63.0,6.73,282.0,Sandy Loam,277,Wheat
32.0,35.0,31.0,21.4,77.0,6.02,1013.0,Sandy Loam,180,Cassava
149.0,68.0,37.0,20.5,47.0,6.77,876.0,Loam,229,Tomato
74.0,36.0,87.0,28.1,53.0,6.56,1095.0,Clay,226,Tomato
76.0,30.0,58.0,29.4,67.0,6.63,395.0,Loam,239,Maize
64.0,49.0,64.0,12.5,47.0,6.71,777.0,Loam,167,Wheat
121.0,62.0,57.0,20.7,88.0,7.24,419.0,Loam,149,Maize
83.0,12.0,42.0,20.2,53.0,6.35,601.0,Loam,150,Beans
109.0,24.0,89.0,21.7,66.0,6.06,888.0,Sandy Loam,148,Tomato
63.0,59.0,23.0,22.1,55.0,6.35,533.0,Loam,187,Wheat
40.0,29.0,14.0,33.0,38.0,7.08,419.0,Sandy Loam,193,Sorghum
39.0,15.0,65.0,32.4,30.0,7.66,232.0,Clay,222,Sorghum
24.0,19.0,93.0,28.4,80.0,5.02,1536.0,Clay,171,Cassava
53.0,27.0,47.0,25.8,75.0,5.67,794.0,Loam,211,Beans
60.0,21.0,94.0,25.5,63.0,7.71,623.0,Sandy Loam,250,Maize
69.0,69.0,53.0,28.3,58.0,6.6,458.0,Loam,131,Tomato
50.0,33.0,17.0,34.7,65.0,7.24,671.0,Loam,163,Sorghum
111.0,34.0,40.0,13.3,55.0,7.47,735.0,Clay,98,Wheat
101.0,42.0,46.0,20.3,64.0,6.73,470.0,Loam,208,Maize
27.0,34.0,20.0,31.9,34.0,7.91,357.0,Silty Loam,181,Sorghum
61.0,25.0,49.0,28.6,48.0,7.66,551.0,Sandy Loam,155,Sorghum
76.0,58.0,90.0,22.4,65.0,5.71,484.0,Loam,163,Tomato
115.0,44.0,30.0,11.4,73.0,6.71,438.0,Silty Loam,162,Wheat
107.0,55.0,71.0,9.4,56.0,6.31,811.0,Silty Clay,118,Wheat
18.0,8.0,98.0,26.3,68.0,5.32,983.0,Silty Loam,186,Cassava
65.0,49.0,76.0,19.5,68.0,6.42,655.0,Silty Clay,178,Wheat
107.0,23.0,55.0,21.5,52.0,6.97,1136.0,Loam,127,Tomato
87.0,31.0,57.0,11.9,62.0,6.25,622.0,Sandy Loam,216,Wheat
106.0,48.0,63.0,27.1,67.0,6.48,666.0,Sandy Loam,137,Tomato
99.0,20.0,52.0,29.4,51.0,6.49,776.0,Sandy Loam,198,Maize
56.0,38.0,46.0,22.8,68.0,7.26,693.0,Loam,198,Maize
67.0,43.0,61.0,16.4,67.0,7.72,321.0,Sandy Loam,181,Wheat
98.0,11.0,77.0,17.6,66.0,7.54,340.0,Sandy Loam,166,Maize
29.0,29.0,52.0,24.5,79.0,5.58,868.0,Silty Loam,119,Cassava
18.0,34.0,61.0,28.7,77.0,5.95,806.0,Loam,172,Cassava
124.0,76.0,70.0,17.9,86.0,5.72,2135.0,Sandy Loam,216,Tea
115.0,12.0,61.0,10.0,72.0,6.91,355.0,Loam,146,Wheat
88.0,39.0,73.0,28.8,72.0,5.93,468.0,Silty Loam,194,Maize
120.0,33.0,48.0,28.5,55.0,5.6,988.0,Silty Clay,198,Tomato
34.0,23.0,125.0,26.0,76.0,6.09,631.0,Sandy Loam,206,Cassava
99.0,77.0,52.0,19.7,81.0,5.97,264.0,Loam,210,Tomato
54.0,16.0,62.0,27.4,80.0,6.02,313.0,Loam,121,Beans
112.0,3.0,93.0,26.9,83.0,7.08,652.0,Clay,165,Maize
57.0,81.0,51.0,17.8,58.0,7.65,431.0,Loam,171,Tomato
56.0,32.0,59.0,21.2,73.0,6.4,326.0,Loam,180,Beans
31.0,27.0,47.0,35.5,44.0,6.74,369.0,Clay,155,Sorghum
93.0,53.0,40.0,20.4,68.0,6.3,366.0,Silty Clay,174,Maize
37.0,17.0,59.0,24.9,27.0,6.55,218.0,Loam,184,Sorghum
83.0,50.0,84.0,18.9,92.0,4.77,2803.0,Loam,163,Tea
73.0,64.0,73.0,29.4,73.0,6.39,910.0,Loam,101,Maize
62.0,22.0,28.0,24.0,60.0,6.14,437.0,Sandy Loam,236,Maize
79.0,29.0,40.0,22.4,50.0,7.72,866.0,Clay,123,Maize
98.0,56.0,60.0,23.4,54.0,6.94,317.0,Sandy Loam,169,Wheat
32.0,29.0,25.0,22.0,86.0,5.23,624.0,Silty Clay,230,Beans
21.0,33.0,24.0,34.1,37.0,5.85,528.0,Silty Clay,241,Sorghum
98.0,45.0,23.0,28.4,76.0,6.94,821.0,Silty Clay,146,Maize
27.0,40.0,73.0,25.1,79.0,5.86,530.0,Silty Loam,198,Cassava
72.0,46.0,73.0,12.1,76.0,6.87,418.0,Loam,133,Wheat
51.0,21.0,37.0,26.4,33.0,5.83,435.0,Silty Loam,174,Sorghum
116.0,45.0,72.0,11.4,78.0,6.88,370.0,Sandy Loam,213,Wheat
106.0,37.0,66.0,12.6,50.0,6.11,529.0,Sandy Loam,117,Wheat
57.0,45.0,22.0,28.8,51.0,6.51,606.0,Sandy Loam,201,Beans
52.0,27.0,23.0,24.1,83.0,5.97,544.0,Sandy Loam,155,Beans
119.0,43.0,72.0,21.6,66.0,7.31,306.0,Clay,195,Wheat
72.0,19.0,51.0,24.3,85.0,6.14,810.0,Clay,206,Beans
14.0,18.0,52.0,30.6,72.0,5.73,703.0,Loam,155,Cassava
70.0,43.0,72.0,20.9,71.0,5.94,659.0,Silty Loam,251,Maize
83.0,34.0,32.0,27.7,63.0,6.85,581.0,Silty Loam,227,Beans
72.0,74.0,86.0,27.8,62.0,7.01,508.0,Clay,190,Tomato
61.0,11.0,14.0,34.6,49.0,7.29,297.0,Silty Loam,231,Sorghum
75.0,35.0,48.0,29.8,53.0,7.05,393.0,Loam,178,Tomato
68.0,69.0,61.0,22.6,47.0,7.36,701.0,Silty Loam,233,Wheat
56.0,11.0,61.0,23.3,88.0,6.81,739.0,Silty Loam,111,Cassava
92.0,49.0,43.0,24.1,66.0,6.01,2226.0,Sandy Loam,148,Tea
61.0,28.0,23.0,19.9,82.0,5.83,892.0,Silty Clay,234,Cassava
35.0,0.0,59.0,15.4,53.0,7.69,761.0,Silty Loam,174,Wheat
40.0,7.0,26.0,25.5,54.0,7.07,290.0,Sandy Loam,202,Sorghum
27.0,10.0,25.0,29.3,64.0,6.37,373.0,Clay,194,Sorghum
114.0,19.0,35.0,24.0,94.0,5.14,2820.0,Loam,107,Tea
52.0,30.0,38.0,20.6,77.0,6.12,273.0,Clay,222,Maize
68.0,29.0,101.0,28.9,81.0,6.87,1187.0,Loam,180,Cassava
94.0,43.0,39.0,25.8,53.0,7.2,496.0,Clay,188,Maize
39.0,32.0,45.0,19.3,56.0,6.92,660.0,Silty Clay,218,Beans
66.0,28.0,28.0,19.9,61.0,5.79,375.0,Silty Loam,198,Beans
105.0,42.0,58.0,19.5,71.0,6.34,530.0,Sandy Loam,163,Maize
87.0,68.0,84.0,23.5,74.0,6.43,753.0,Sandy Loam,194,Tomato
37.0,4.0,61.0,29.2,79.0,6.53,1115.0,Loam,184,Cassava
123.0,51.0,63.0,25.7,50.0,6.82,288.0,Sandy Loam,244,Tomato
44.0,34.0,97.0,27.4,74.0,5.94,530.0,Loam,153,Cassava
53.0,52.0,43.0,19.1,64.0,6.24,723.0,Clay,148,Maize
13.0,14.0,78.0,21.9,86.0,5.72,1405.0,Loam,219,Cassava
104.0,76.0,40.0,26.5,67.0,5.99,792.0,Silty Loam,203,Tomato
60.0,8.0,112.0,24.1,62.0,6.93,714.0,Sandy Loam,187,Cassava
43.0,9.0,25.0,13.3,39.0,6.15,411.0,Loam,269,Wheat
81.0,15.0,8.0,23.3,72.0,5.42,392.0,Silty Loam,184,Beans
44.0,15.0,34.0,30.9,55.0,7.2,1433.0,Silty Loam,109,Cassava
84.0,92.0,46.0,19.7,66.0,7.53,844.0,Clay,163,Tomato
28.0,19.0,34.0,14.5,74.0,8.18,518.0,Clay,173,Wheat
69.0,19.0,56.0,27.2,68.0,6.49,820.0,Sandy Loam,175,Maize
125.0,63.0,58.0,21.6,59.0,6.54,540.0,Sandy Loam,173,Tomato
68.0,42.0,42.0,16.7,57.0,7.13,1055.0,Loam,147,Tomato
73.0,71.0,81.0,26.7,66.0,7.34,594.0,Loam,177,Tomato
112.0,68.0,78.0,27.1,78.0,7.48,276.0,Sandy Loam,181,Tomato
9.0,17.0,112.0,30.2,69.0,4.96,1073.0,Sandy Loam,114,Cassava
93.0,49.0,16.0,17.1,62.0,6.59,633.0,Silty Clay,159,Wheat
126.0,21.0,27.0,21.6,74.0,6.32,744.0,Loam,257,Wheat
40.0,36.0,113.0,28.8,88.0,5.87,858.0,Clay,207,Cassava
62.0,14.0,61.0,25.9,72.0,7.22,1510.0,Clay,182,Cassava
36.0,23.0,11.0,26.6,60.0,5.98,749.0,Clay,211,Beans
41.0,27.0,58.0,16.8,72.0,6.29,504.0,Clay,172,Beans
53.0,25.0,72.0,28.3,60.0,5.93,648.0,Clay,145,Maize
49.0,40.0,36.0,22.7,70.0,7.27,318.0,Sandy Loam,190,Beans
128.0,20.0,53.0,19.9,90.0,6.34,595.0,Loam,211,Maize
60.0,23.0,57.0,25.7,74.0,6.74,698.0,Loam,143,Maize
23.0,29.0,75.0,31.6,92.0,5.52,683.0,Loam,179,Cassava
30.0,1.0,49.0,31.4,55.0,7.3,804.0,Sandy Loam,273,Cassava
50.0,32.0,82.0,32.1,88.0,7.41,852.0,Silty Loam,141,Cassava
130.0,37.0,43.0,27.4,67.0,7.54,767.0,Clay,160,Tomato
7.0,20.0,53.0,30.5,76.0,5.97,901.0,Loam,137,Cassava
81.0,52.0,50.0,26.7,67.0,6.27,313.0,Loam,281,Maize
141.0,37.0,51.0,17.1,70.0,5.18,1960.0,Clay,176,Tea
36.0,39.0,71.0,21.4,63.0,7.32,301.0,Silty Loam,246,Maize
119.0,27.0,85.0,24.8,81.0,6.6,624.0,Loam,216,Tomato
32.0,32.0,120.0,30.2,78.0,7.18,715.0,Loam,180,Cassava
50.0,16.0,21.0,22.7,50.0,7.17,400.0,Loam,237,Sorghum
110.0,26.0,29.0,26.4,63.0,5.7,724.0,Loam,177,Maize
45.0,56.0,38.0,21.9,58.0,7.03,400.0,Loam,213,Wheat
68.0,72.0,40.0,20.6,86.0,6.11,2987.0,Loam,151,Tea
63.0,7.0,37.0,19.0,80.0,6.71,358.0,Silty Loam,89,Beans
49.0,21.0,29.0,28.7,57.0,6.27,719.0,Clay,162,Maize
8.0,26.0,9.0,31.0,61.0,7.79,218.0,Sandy Loam,144,Sorghum
62.0,41.0,36.0,24.3,77.0,6.24,398.0,Sandy Loam,172,Beans
93.0,15.0,18.0,24.5,75.0,5.63,361.0,Sandy Loam,190,Beans
66.0,33.0,31.0,21.2,55.0,6.64,188.0,Loam,210,Beans
75.0,58.0,78.0,12.5,67.0,6.62,723.0,Silty Clay,197,Wheat
51.0,29.0,46.0,21.3,56.0,7.22,651.0,Sandy Loam,156,Maize
121.0,78.0,60.0,28.7,64.0,6.46,1176.0,Sandy Loam,183,Tomato
61.0,31.0,85.0,21.0,53.0,6.03,505.0,Silty Clay,197,Maize
74.0,29.0,76.0,18.3,36.0,6.4,410.0,Loam,230,Wheat
68.0,7.0,40.0,22.9,73.0,7.27,349.0,Loam,190,Maize
29.0,32.0,12.0,29.2,45.0,7.39,215.0,Loam,193,Sorghum
43.0,37.0,52.0,26.7,66.0,5.07,1360.0,Clay,238,Cassava
25.0,26.0,46.0,27.6,37.0,6.05,523.0,Clay,161,Sorghum
34.0,47.0,44.0,18.2,76.0,7.22,656.0,Clay,122,Wheat
82.0,38.0,31.0,31.0,76.0,5.78,646.0,Sandy Loam,214,Maize
40.0,27.0,37.0,20.7,42.0,5.53,508.0,Sandy Loam,150,Beans
59.0,20.0,41.0,34.7,66.0,7.72,187.0,Loam,152,Sorghum
28.0,19.0,65.0,26.9,59.0,7.49,513.0,Loam,153,Sorghum
21.0,36.0,37.0,32.8,72.0,5.69,1485.0,Silty Loam,199,Cassava
27.0,23.0,99.0,28.4,70.0,5.53,1054.0,Silty Loam,153,Cassava
1.0,28.0,21.0,28.7,70.0,7.2,1029.0,Silty Loam,135,Cassava
57.0,28.0,37.0,16.8,46.0,7.35,679.0,Sandy Loam,202,Wheat
64.0,27.0,38.0,26.6,42.0,6.08,391.0,Clay,225,Sorghum
131.0,32.0,71.0,21.3,44.0,6.52,401.0,Sandy Loam,221,Wheat
15.0,22.0,113.0,22.4,91.0,7.16,1317.0,Sandy Loam,257,Cassava
90.0,42.0,43.0,20.87974371,82.00274423,6.502985292,2029.355362,Clay,160,rice
85.0,58.0,41.0,21.77046169,80.31964408,7.038096361,2266.555374,Clay Loam,165,rice
60.0,55.0,44.0,23.00445915,82.3207629,7.840207144,2639.642476,Clay,172,rice
74.0,35.0,40.0,26.49109635,80.15836264,6.980400905,2428.640342,Clay,168,rice
78.0,42.0,42.0,20.13017482,81.60487287,7.628472891,2627.173405,Clay Loam,172,rice
69.0,37.0,42.0,23.05804872,83.37011772,7.073453503,2510.549998,Clay Loam,170,rice
69.0,55.0,38.0,22.70883798,82.63941394,5.70080568,2713.248604,Clay,174,rice
94.0,53.0,40.0,20.27774362,82.89408619,5.718627178,2419.741949,Silty Clay,168,rice
89.0,54.0,38.0,24.51588066,83.5352163,6.685346424,2304.462359,Clay,166,rice
68.0,58.0,38.0,23.22397386,83.03322691,6.336253525,2212.091958,Clay,164,rice
91.0,53.0,40.0,26.52723513,81.41753846,5.386167788,2646.148697,Clay,172,rice
90.0,46.0,42.0,23.97898217,81.45061596,7.50283396,2500.832336,Clay,170,rice
78.0,58.0,44.0,26.80079604,80.88684822,5.108681786,2844.364567,Clay Loam,176,rice
93.0,56.0,36.0,24.01497622,82.05687182,6.98435366,1852.773389,Clay,157,rice
94.0,50.0,37.0,25.66585205,80.66385045,6.94801983,2095.869708,Silty Clay,161,rice
60.0,48.0,39.0,24.28209415,80.30025587,7.042299069,2310.863347,Clay Loam,166,rice
85.0,38.0,41.0,21.58711777,82.7883708,6.249050656,2766.552459,Silty Clay,175,rice
91.0,35.0,39.0,23.79391957,80.41817957,6.970859754,2062.611855,Silty Clay,161,rice
77.0,38.0,36.0,21.8652524,80.1923008,5.953933276,2245.550169,Silty Clay,164,rice
88.0,35.0,40.0,23.57943626,83.58760316,5.85393208,2912.986618,Silty Clay,178,rice
89.0,45.0,36.0,21.32504158,80.47476396,6.442475375,1854.974732,Clay Loam,157,rice
76.0,40.0,43.0,25.15745531,83.11713476,5.070175667,2313.843163,Clay Loam,166,rice
67.0,59.0,41.0,21.94766735,80.97384195,6.012632591,2133.560921,Silty Clay,162,rice
83.0,41.0,43.0,21.0525355,82.67839517,6.254028451,2331.075816,Silty Clay,166,rice
98.0,47.0,37.0,23.48381344,81.33265073,7.375482851,2240.581164,Clay Loam,164,rice
66.0,53.0,41.0,25.0756354,80.52389148,7.778915154,2570.038865,Clay Loam,171,rice
97.0,59.0,43.0,26.35927159,84.04403589,6.286500176,2713.586137,Clay Loam,174,rice
97.0,50.0,41.0,24.52922681,80.54498576,7.070959995,2602.634026,Clay,172,rice
60.0,49.0,44.0,20.77576147,84.49774397,6.244841491,2400.810647,Clay,168,rice
84.0,51.0,35.0,22.30157427,80.64416466,6.043304899,1979.791215,Clay,159,rice
73.0,57.0,41.0,21.44653958,84.94375962,5.824709117,2722.017204,Silty Clay,174,rice
92.0,35.0,40.0,22.17931888,80.33127223,6.357389366,2000.882787,Clay,160,rice
85.0,37.0,39.0,24.52783742,82.73685569,6.364134968,2246.757231,Silty Clay,164,rice
98.0,53.0,38.0,20.26707606,81.63895217,5.01450727,2704.417274,Silty Clay,174,rice
88.0,54.0,44.0,25.7354293,83.88266234,6.149410611,2331.321372,Clay,166,rice
95.0,55.0,42.0,26.79533926,82.1480873,5.950660556,1933.473987,Silty Clay,158,rice
99.0,57.0,35.0,26.75754171,81.17734011,5.960370061,2722.999056,Clay,174,rice
95.0,39.0,36.0,23.86330467,83.15250801,5.561398642,2852.493645,Clay,177,rice
60.0,43.0,44.0,21.01944696,82.95221726,7.416245107,2984.018471,Clay Loam,179,rice
63.0,44.0,41.0,24.17298839,83.7287574,5.583370042,2570.343554,Clay,171,rice
62.0,42.0,36.0,22.78133816,82.06719137,6.430010215,2487.183228,Clay Loam,169,rice
64.0,45.0,43.0,25.62980105,83.52842314,5.534878156,2099.001977,Clay,161,rice
83.0,60.0,36.0,25.59704938,80.14509262,6.903985986,2008.34898,Clay,160,rice
82.0,40.0,40.0,23.83067496,84.81360127,6.271478838,2985.601175,Clay Loam,179,rice
85.0,52.0,45.0,26.31355498,82.36698992,7.224285503,2655.355937,Clay Loam,173,rice
91.0,35.0,38.0,24.8972823,80.52586088,6.13428721,1836.793207,Clay,156,rice
76.0,49.0,42.0,24.958779,84.47963372,5.206373153,1969.560008,Silty Clay,159,rice
74.0,39.0,38.0,23.24113501,84.59201843,7.782051313,2330.453455,Clay Loam,166,rice
79.0,43.0,39.0,21.66628296,80.70960551,7.062779015,2108.142087,Silty Clay,162,rice
88.0,55.0,45.0,24.63544858,80.41363018,7.730367824,2537.202781,Silty Clay,170,rice
60.0,36.0,43.0,23.43121862,83.06310136,5.286203711,2199.048349,Silty Clay,163,rice
76.0,60.0,39.0,20.0454142,80.3477562,6.766240045,2085.810155,Clay Loam,161,rice
93.0,56.0,42.0,23.85724032,82.22572988,7.382762603,1950.948311,Silty Clay,159,rice
65.0,60.0,43.0,21.97199397,81.89918197,5.658169482,2273.637009,Clay Loam,165,rice
95.0,52.0,36.0,26.22916897,83.83625819,5.543360238,2865.083725,Silty Clay,177,rice
75.0,38.0,39.0,23.44676801,84.79352417,6.215109715,2839.338466,Clay,176,rice
74.0,54.0,38.0,25.65553461,83.47021081,7.120272972,2173.788583,Clay,163,rice
91.0,36.0,45.0,24.44345477,82.45432595,5.950647577,2679.761948,Clay Loam,173,rice
71.0,46.0,40.0,20.2801937,82.1235421,7.236705436,1919.535738,Clay,158,rice
99.0,55.0,35.0,21.7238313,80.2389895,6.501697816,2779.626192,Clay,175,rice
72.0,40.0,38.0,20.41447029,82.20802629,7.592490617,2451.511304,Silty Clay,169,rice
83.0,58.0,45.0,25.75528612,83.51827127,5.875345751,2456.626799,Clay Loam,169,rice
93.0,58.0,38.0,20.61521424,83.77345559,6.932400225,2795.451717,Silty Clay,175,rice
70.0,36.0,42.0,21.84106875,80.72886384,6.946209881,2023.838319,Silty Clay,160,rice
76.0,47.0,42.0,20.08369642,83.29114712,5.739175027,2636.372176,Silty Clay,172,rice
99.0,41.0,36.0,24.45802087,82.74835604,6.738652179,1825.616319,Silty Clay,156,rice
99.0,54.0,37.0,21.14347496,80.33502926,5.594819626,1986.730942,Silty Clay,159,rice
86.0,59.0,35.0,25.78720567,82.11124033,6.946636369,2435.120414,Silty Clay,168,rice
69.0,46.0,41.0,23.64124821,80.28597873,5.012139669,2631.103304,Silty Clay,172,rice
91.0,56.0,37.0,23.43191632,80.56887849,6.363472208,2695.039162,Clay Loam,173,rice
61.0,52.0,41.0,24.97669518,83.891805,6.880431223,2048.001847,Clay,160,rice
67.0,45.0,38.0,22.72791041,82.1706881,7.300410836,2608.875056,Silty Clay,172,rice
79.0,42.0,37.0,24.87300744,82.84022551,6.587918708,2956.094492,Silty Clay,179,rice
78.0,43.0,42.0,21.32376327,83.00320459,7.283736617,1923.197536,Silty Clay,158,rice
75.0,54.0,36.0,26.29465461,84.56919326,7.023936392,2574.914906,Silty Clay,171,rice
97.0,36.0,45.0,22.2286982,81.85872947,6.939083505,2780.791793,Silty Clay,175,rice
67.0,47.0,44.0,26.73072391,81.78596776,7.868474653,2804.044392,Silty Clay,176,rice
73.0,35.0,38.0,24.88921174,81.97927117,5.005306977,1859.461429,Clay,157,rice
77.0,36.0,37.0,26.88444878,81.46033732,6.136131869,1945.766559,Clay,158,rice
81.0,41.0,38.0,22.67846116,83.72874389,7.524080076,2009.133156,Silty Clay,160,rice
68.0,57.0,43.0,26.08867875,80.37979919,5.706943251,1829.043504,Clay,156,rice
72.0,45.0,35.0,25.42977518,82.94682591,5.758506323,1953.574542,Clay Loam,159,rice
61.0,53.0,43.0,26.40323239,81.05635517,6.349606327,2233.671883,Silty Clay,164,rice
67.0,43.0,39.0,26.04371967,84.96907151,5.999969026,1867.536773,Clay Loam,157,rice
67.0,58.0,39.0,25.2827223,80.54372813,5.453592032,2201.156708,Clay Loam,164,rice
66.0,60.0,38.0,22.08576562,83.47038318,6.372576327,2317.364957,Silty Clay,166,rice
82.0,43.0,38.0,23.28617173,81.43321641,5.105588355,2423.170629,Clay,168,rice
84.0,50.0,44.0,25.48591986,81.40633547,5.935344406,1826.549356,Clay Loam,156,rice
81.0,53.0,42.0,23.67575393,81.03569343,5.17782304,2337.034975,Silty Clay,166,rice
91.0,50.0,40.0,20.82477109,84.1341879,6.462391607,2302.242223,Clay Loam,166,rice
93.0,53.0,38.0,26.92995077,81.91411159,7.069172227,2906.793783,Clay Loam,178,rice
90.0,44.0,38.0,23.83509503,83.88387074,7.473134377,2412.013513,Clay Loam,168,rice
81.0,45.0,35.0,26.52872817,80.12267476,6.158376967,2189.163567,Clay Loam,163,rice
78.0,40.0,38.0,26.46428311,83.85642678,7.549873681,2482.256491,Clay,169,rice
60.0,51.0,36.0,22.69657794,82.81088865,6.028321558,2569.964761,Clay Loam,171,rice
88.0,46.0,42.0,22.68319059,83.46358271,6.604993475,1942.651719,Clay Loam,158,rice
93.0,47.0,37.0,21.53346343,82.14004101,6.500343222,2959.248796,Clay Loam,179,rice
60.0,55.0,45.0,21.40865769,83.3293191,5.935745417,2875.766935,Clay,177,rice
78.0,35.0,44.0,26.54348085,84.67353597,7.072655622,1836.222657,Clay Loam,156,rice
65.0,37.0,40.0,23.35905428,83.59512273,5.333322606,1884.13665,Clay Loam,157,rice
71.0,54.0,16.0,22.61359953,63.69070564,5.749914421,877.5953857,Silty Loam,111,maize
61.0,44.0,17.0,26.10018422,71.57476937,6.931756558,1022.662445,Silty Loam,115,maize
80.0,43.0,16.0,23.55882094,71.59351368,6.657964753,667.1995467,Silty Loam,106,maize
73.0,58.0,21.0,19.97215954,57.68272924,6.596060648,606.5171481,Loam,105,maize
61.0,38.0,20.0,18.47891261,62.69503871,5.970458434,654.3835393,Silty Loam,106,maize
68.0,41.0,16.0,21.77689322,57.80840636,6.158830619,1020.861694,Silty Loam,115,maize
93.0,41.0,17.0,25.6217169,66.50415474,6.047906679,1054.654703,Loam,116,maize
89.0,60.0,19.0,25.19192419,66.6902901,5.913664501,780.6639649,Silty Loam,109,maize
76.0,44.0,17.0,20.41683147,62.5542482,5.855442401,652.7798457,Loam,106,maize
67.0,60.0,25.0,24.92162194,66.78627406,5.750254943,1092.162279,Sandy Loam,117,maize
70.0,44.0,19.0,23.31689124,73.4541537,5.852607099,942.9712821,Silty Loam,113,maize
90.0,49.0,21.0,24.84016732,68.3584573,6.472523287,740.5474936,Sandy Loam,108,maize
62.0,52.0,16.0,22.27526694,58.84015925,6.967057762,638.7020584,Loam,105,maize
92.0,44.0,16.0,18.87751445,65.76816093,6.082973754,947.6189431,Silty Loam,113,maize
66.0,54.0,21.0,25.19008683,60.2001687,5.919045532,721.2375573,Loam,108,maize
63.0,58.0,22.0,18.25405352,55.28220433,6.204747653,637.2358154,Sandy Loam,105,maize
70.0,47.0,17.0,24.6129118,70.4162444,6.600827017,1041.626147,Loam,116,maize
61.0,41.0,17.0,25.1420613,65.26185135,6.021902237,766.8456006,Silty Loam,109,maize
66.0,53.0,19.0,23.09348056,60.1159381,6.033550195,654.9730729,Silty Loam,106,maize
74.0,55.0,19.0,18.05033737,62.89366992,6.28886807,842.3613484,Sandy Loam,111,maize
77.0,57.0,21.0,24.9321581,73.80435276,6.550563823,797.4078719,Loam,109,maize
99.0,50.0,15.0,18.14710054,71.09445342,5.573286437,880.7753741,Silty Loam,112,maize
74.0,56.0,22.0,18.28362235,66.65952796,6.829199275,809.7573281,Sandy Loam,110,maize
83.0,45.0,21.0,18.83344471,58.75082029,5.716222912,797.532896,Silty Loam,109,maize
100.0,48.0,16.0,25.71895816,67.22190688,5.54990242,745.1490791,Silty Loam,108,maize
79.0,51.0,16.0,25.33797709,68.49835977,6.586244581,964.6380213,Loam,114,maize
94.0,39.0,18.0,23.89114571,57.48775781,5.893093135,1028.301942,Silty Loam,115,maize
75.0,49.0,15.0,21.53574127,71.50905983,5.918263801,1024.852929,Loam,115,maize
78.0,48.0,22.0,23.08974909,63.10459626,5.588650585,704.3473609,Silty Loam,107,maize
87.0,54.0,20.0,25.61707368,63.4711755,6.576418207,1088.303762,Sandy Loam,117,maize
87.0,35.0,25.0,21.44526922,63.1621551,6.178056304,658.8951188,Silty Loam,106,maize
63.0,43.0,19.0,18.51816776,55.53128131,6.641906353,909.88051,Loam,112,maize
84.0,57.0,25.0,22.53510514,67.99257471,6.489040367,644.0866039,Loam,106,maize
64.0,35.0,23.0,23.02038334,61.89472002,5.680361038,630.3843397,Sandy Loam,105,maize
60.0,46.0,22.0,24.89364635,65.61418761,6.625404348,879.298085,Silty Loam,111,maize
98.0,44.0,21.0,25.77175115,74.089114,6.524478032,1074.931917,Silty Loam,116,maize
75.0,56.0,18.0,19.39851734,62.35750641,5.696205468,609.5197486,Sandy Loam,105,maize
86.0,55.0,21.0,21.54156232,59.64024162,6.803931519,1097.515385,Silty Loam,117,maize
98.0,35.0,18.0,23.79746068,74.82913698,6.252797548,917.6337172,Silty Loam,112,maize
76.0,57.0,18.0,18.9802729,74.52600826,6.092725883,942.6249353,Loam,113,maize
99.0,56.0,17.0,24.10859207,73.13112261,6.234330356,710.7562236,Silty Loam,107,maize
60.0,44.0,23.0,24.7947077,70.04556743,5.722579819,767.2860067,Silty Loam,109,maize
74.0,48.0,17.0,21.63162756,60.27766379,6.430616465,692.1803098,Sandy Loam,107,maize
89.0,60.0,17.0,25.37548751,57.21025565,5.983952675,1017.004306,Sandy Loam,115,maize
69.0,51.0,23.0,22.21738222,72.85462807,6.80163854,1066.213157,Loam,116,maize
96.0,46.0,22.0,20.58314011,69.00128641,6.499936446,662.9390357,Silty Loam,106,maize
61.0,60.0,15.0,24.87502824,68.74248334,6.265564338,912.6056654,Silty Loam,112,maize
74.0,58.0,18.0,20.03728219,56.35606753,6.727303282,1090.24141,Silty Loam,117,maize
74.0,43.0,23.0,25.95263264,61.89082199,6.325235159,995.7981207,Loam,114,maize
63.0,43.0,17.0,19.28889933,65.47050802,6.807487794,713.195307,Loam,107,maize
99.0,36.0,20.0,20.57981887,65.34583901,6.671085817,783.4604471,Sandy Loam,109,maize
77.0,36.0,23.0,24.71417533,56.73426469,6.648725327,884.5361858,Loam,112,maize
87.0,60.0,23.0,20.27317074,63.91281869,6.439071996,625.0351892,Silty Loam,105,maize
60.0,38.0,17.0,18.41932981,64.23580251,6.474476516,764.1312437,Silty Loam,109,maize
94.0,54.0,17.0,23.39128187,61.74427165,5.871647806,1073.198135,Loam,116,maize
95.0,38.0,22.0,19.84939404,61.24500053,5.730617109,1007.689246,Silty Loam,115,maize
84.0,44.0,21.0,21.869274,61.91044947,5.850439831,1072.681929,Silty Loam,116,maize
77.0,58.0,19.0,22.8056033,56.50768935,5.791649933,1015.952794,Loam,115,maize
66.0,44.0,20.0,19.0781471,69.02298571,6.740000688,807.2515943,Loam,110,maize
63.0,35.0,16.0,22.02720976,65.35549924,6.272417541,837.3280082,Silty Loam,110,maize
79.0,45.0,20.0,23.80546189,59.24537979,5.715208817,899.622014,Silty Loam,112,maize
72.0,60.0,25.0,18.52510753,69.0276233,5.773454729,881.0234397,Silty Loam,112,maize
67.0,51.0,24.0,23.50297882,61.32026065,5.584171461,647.7791424,Sandy Loam,106,maize
86.0,36.0,24.0,26.54986394,72.89187265,5.787268394,733.3636055,Sandy Loam,108,maize
76.0,48.0,18.0,19.29563411,69.63481219,5.77597783,832.1030571,Sandy Loam,110,maize
75.0,53.0,18.0,20.68899915,59.4375337,6.864793607,1036.51438,Loam,115,maize
81.0,45.0,23.0,19.32666088,68.034493,6.192360003,842.2969177,Sandy Loam,111,maize
73.0,45.0,21.0,24.60532218,73.58868502,6.636803223,965.9195302,Loam,114,maize
71.0,35.0,24.0,22.27373646,59.52193158,5.826426917,679.6704792,Loam,106,maize
96.0,54.0,22.0,25.70196694,61.33450447,6.960358276,832.0711308,Sandy Loam,110,maize
99.0,39.0,18.0,19.20129357,68.30578978,6.11275104,878.5092352,Sandy Loam,111,maize
62.0,48.0,20.0,21.70181447,60.47470519,6.708446922,957.1388473,Sandy Loam,113,maize
86.0,37.0,16.0,20.51716779,59.21235483,5.561510732,676.1013737,Silty Loam,106,maize
94.0,50.0,19.0,23.30355338,73.62548442,5.873242491,975.9081274,Sandy Loam,114,maize
76.0,39.0,24.0,24.2547451,55.64709899,6.995843776,642.3845455,Silty Loam,106,maize
77.0,52.0,17.0,24.86374934,65.7420046,5.714799723,758.2270467,Loam,108,maize
74.0,39.0,23.0,22.6265115,65.77472881,6.78073637,881.7251033,Silty Loam,112,maize
81.0,49.0,20.0,18.04185513,60.61494304,5.513697923,1042.321615,Sandy Loam,116,maize
63.0,42.0,21.0,23.26237612,72.33125523,5.798423908,671.0225139,Loam,106,maize
99.0,38.0,21.0,22.88330922,71.59722446,6.352471866,677.2777298,Loam,106,maize
90.0,52.0,25.0,25.97482359,69.36385721,6.822586546,1032.234212,Loam,115,maize
68.0,40.0,19.0,26.14384005,66.20569924,6.655426355,1072.361366,Silty Loam,116,maize
60.0,57.0,24.0,18.66116213,61.55327249,6.121294041,750.3247667,Sandy Loam,108,maize
71.0,52.0,18.0,25.10787449,55.97732754,5.790770203,781.6077693,Loam,109,maize
61.0,59.0,17.0,23.33844615,59.24580604,6.47444292,1050.083144,Loam,116,maize
88.0,38.0,15.0,25.08239719,65.92195844,6.455116637,624.9190812,Loam,105,maize
65.0,60.0,22.0,25.36768364,72.52054555,6.606984086,1079.124111,Silty Loam,116,maize
78.0,37.0,22.0,25.34217103,63.31801994,6.330554389,745.2082026,Silty Loam,108,maize
78.0,58.0,15.0,25.00933355,67.816568,6.528631266,629.1359494,Sandy Loam,105,maize
92.0,60.0,23.0,18.66746724,71.516474,5.721667141,699.3293255,Silty Loam,107,maize
79.0,59.0,17.0,20.37999665,63.73849998,6.644205485,1085.054416,Loam,117,maize
91.0,55.0,15.0,18.09300227,72.61024172,6.376651091,789.6159541,Sandy Loam,109,maize
76.0,51.0,18.0,26.16985907,71.96246617,6.247040422,798.4925393,Loam,109,maize
87.0,48.0,25.0,18.65396672,61.37879671,6.656730008,936.2039175,Loam,113,maize
71.0,60.0,22.0,26.07470121,59.37147589,6.2048017,857.5692395,Silty Loam,111,maize
90.0,57.0,24.0,18.92851916,72.80086137,6.158860284,823.4162918,Sandy Loam,110,maize
67.0,35.0,22.0,23.30546753,63.24648023,6.385684214,1087.603001,Silty Loam,117,maize
60.0,54.0,19.0,18.74826712,62.49878458,6.417820493,702.3401597,Silty Loam,107,maize
83.0,58.0,23.0,19.74213321,59.66263104,6.381201909,655.0861389,Sandy Loam,106,maize
83.0,57.0,19.0,25.73044432,70.74739256,6.877869005,987.3771338,Loam,114,maize
40.0,72.0,77.0,17.02498456,16.98861173,7.485996067,885.5123143,Sandy Loam,98,chickpea
23.0,72.0,84.0,19.02061277,17.13159126,6.920251378,799.2698081,Loam,99,chickpea
39.0,58.0,85.0,17.88776475,15.40589717,5.996932037,685.4932919,Sandy Loam,98,chickpea
22.0,72.0,85.0,18.86805647,15.65809214,6.391173589,885.1048983,Loam,99,chickpea
36.0,67.0,77.0,18.36952567,19.56381041,7.152811172,792.6357665,Loam,99,chickpea
32.0,73.0,81.0,20.45078582,15.40312102,5.988992796,926.8373702,Clay Loam,100,chickpea
58.0,70.0,84.0,20.6543203,16.60820843,6.231049028,746.631118,Loam,100,chickpea
59.0,70.0,84.0,17.3348681,18.74926979,7.550808267,826.1734721,Clay Loam,98,chickpea
42.0,62.0,75.0,18.17912258,18.90426935,7.010570541,818.4997529,Sandy Loam,99,chickpea
28.0,74.0,81.0,18.01272266,18.30968112,8.753795334,819.8568791,Sandy Loam,99,chickpea
58.0,66.0,79.0,20.99373558,19.33470387,8.718192847,935.5280105,Sandy Loam,100,chickpea
43.0,66.0,79.0,19.46233971,15.22538951,7.976607593,745.8565097,Sandy Loam,99,chickpea
58.0,63.0,81.0,19.81344531,14.69765308,6.515499549,789.6514709,Clay Loam,99,chickpea
23.0,62.0,85.0,18.97424756,19.5161216,8.490127142,807.108745,Sandy Loam,99,chickpea
27.0,62.0,77.0,18.19737048,14.71070537,6.576415562,701.8185181,Loam,99,chickpea
28.0,72.0,84.0,18.72963144,19.18197264,6.481783043,715.8010169,Loam,99,chickpea
50.0,56.0,76.0,20.99502153,19.8601304,7.966605025,735.0734019,Loam,100,chickpea
39.0,71.0,84.0,20.28155898,16.39535215,8.140825437,825.2339655,Clay Loam,100,chickpea
25.0,78.0,76.0,17.48042641,15.7559405,7.228963452,669.6980581,Sandy Loam,98,chickpea
31.0,70.0,77.0,20.88818675,14.32313811,6.492546046,904.6228334,Sandy Loam,100,chickpea
26.0,80.0,83.0,17.08498521,16.14565756,7.528599957,713.1007253,Sandy Loam,98,chickpea
25.0,68.0,77.0,20.09340593,15.11279612,7.701446446,857.4904898,Clay Loam,100,chickpea
31.0,78.0,76.0,17.57212145,14.99927489,8.519975748,893.1050665,Loam,98,chickpea
60.0,68.0,83.0,19.12065218,18.43475844,6.620900869,855.2950164,Loam,99,chickpea
59.0,62.0,83.0,18.57665902,19.22008229,8.104396058,729.4940441,Sandy Loam,99,chickpea
22.0,67.0,78.0,17.16606398,14.42457525,6.204090835,723.2667516,Loam,98,chickpea
36.0,65.0,80.0,18.2872007,16.67921616,6.051091339,748.7445574,Loam,99,chickpea
59.0,60.0,84.0,19.03025305,18.66725565,7.690962338,947.0992037,Clay Loam,99,chickpea
54.0,77.0,85.0,17.1418614,17.0662427,7.829211144,837.4606679,Clay Loam,98,chickpea
43.0,68.0,81.0,17.47809436,17.93253975,6.761599706,789.2060234,Clay Loam,98,chickpea
28.0,76.0,82.0,20.56601874,14.25803981,6.654425315,837.5937135,Clay Loam,100,chickpea
42.0,79.0,85.0,17.22385224,15.82069268,6.129533877,765.7580954,Sandy Loam,98,chickpea
32.0,60.0,83.0,19.69141713,19.44225438,8.829273328,917.6071648,Clay Loam,99,chickpea
22.0,78.0,76.0,17.84851658,19.09172907,8.621662982,763.2470713,Loam,98,chickpea
31.0,79.0,75.0,18.8202251,16.1074793,8.204862075,897.3119396,Sandy Loam,99,chickpea
28.0,58.0,81.0,17.47500984,16.54314829,6.18042747,933.5034262,Loam,98,chickpea
57.0,58.0,77.0,18.72649425,17.58406365,7.978996755,812.0176515,Loam,99,chickpea
49.0,55.0,78.0,18.65580107,16.17772668,7.863113671,817.0769297,Loam,99,chickpea
46.0,76.0,77.0,18.2356751,19.68538502,6.967843048,837.4879344,Clay Loam,99,chickpea
54.0,61.0,77.0,18.81198127,15.21618225,6.206582193,775.429424,Clay Loam,99,chickpea
38.0,60.0,76.0,18.65054116,17.80852431,8.868741443,779.2798682,Sandy Loam,99,chickpea
59.0,55.0,79.0,20.36720401,16.89574311,8.766128654,822.545577,Sandy Loam,100,chickpea
36.0,76.0,75.0,18.38120357,16.63805158,8.736337905,705.2056697,Clay Loam,99,chickpea
57.0,68.0,81.0,17.17012591,17.30457712,8.081095263,727.8624223,Loam,98,chickpea
35.0,66.0,81.0,19.37101121,15.77458129,6.138243973,852.4819851,Sandy Loam,99,chickpea
35.0,64.0,78.0,17.92845928,14.27327988,7.496645259,853.7378769,Clay Loam,98,chickpea
52.0,60.0,79.0,19.45339934,18.23490739,8.380185271,756.317566,Clay Loam,99,chickpea
27.0,76.0,83.0,19.12829388,14.92241479,6.289614016,896.1857826,Clay Loam,99,chickpea
57.0,60.0,84.0,19.1034283,17.26184541,6.586777189,754.9101167,Loam,99,chickpea
52.0,68.0,78.0,17.48504075,16.96070581,6.89655198,860.5078037,Clay Loam,98,chickpea
43.0,79.0,79.0,19.40751744,18.98030507,7.806747656,802.5064637,Clay Loam,99,chickpea
44.0,74.0,85.0,20.18649426,19.63719995,7.150681303,782.6039559,Clay Loam,100,chickpea
24.0,55.0,78.0,17.30287885,15.15405941,6.64919573,755.7790384,Clay Loam,98,chickpea
29.0,77.0,75.0,17.50361137,15.48083156,7.778591618,729.446671,Sandy Loam,98,chickpea
20.0,60.0,78.0,18.17234999,14.70085967,6.358740355,907.760707,Sandy Loam,99,chickpea
56.0,67.0,78.0,17.57445618,16.71826572,8.255450758,778.1891424,Clay Loam,98,chickpea
37.0,66.0,85.0,20.93175255,18.91295403,6.456148474,780.6910795,Loam,100,chickpea
49.0,71.0,76.0,19.71098332,17.63879418,6.613072145,855.7925437,Sandy Loam,99,chickpea
59.0,69.0,80.0,19.07937684,17.86754927,8.165359297,694.0619137,Clay Loam,99,chickpea
20.0,79.0,77.0,18.54988627,16.02542689,7.64867466,763.2565249,Sandy Loam,99,chickpea
24.0,56.0,85.0,18.19903647,17.41333199,6.545888558,806.405403,Sandy Loam,99,chickpea
51.0,72.0,75.0,18.88852533,14.99451145,7.104224797,801.113384,Loam,99,chickpea
57.0,73.0,85.0,18.49311205,14.72115044,7.358099622,919.4595352,Clay Loam,99,chickpea
22.0,64.0,82.0,19.48974337,17.17260319,6.4740245,875.1312796,Clay Loam,99,chickpea
52.0,73.0,79.0,17.25769499,18.74943955,7.840339389,940.0287214,Loam,98,chickpea
29.0,75.0,75.0,19.62416326,18.71483156,7.064790365,884.585692,Loam,99,chickpea
44.0,59.0,78.0,20.67526473,19.85388984,7.599033472,847.8344008,Clay Loam,100,chickpea
41.0,69.0,82.0,20.02381489,16.63294455,6.715587232,689.7806542,Clay Loam,100,chickpea
52.0,56.0,85.0,20.1187446,14.44228303,6.81712422,886.8168643,Loam,100,chickpea
34.0,76.0,80.0,20.65691793,15.84572566,7.985417393,652.3811143,Sandy Loam,100,chickpea
42.0,74.0,83.0,19.2582557,14.2804191,7.545258424,657.8042032,Sandy Loam,99,chickpea
34.0,71.0,79.0,17.927806,15.85622899,7.728998197,746.3872762,Loam,98,chickpea
27.0,73.0,79.0,19.16288268,15.83500655,7.354973451,826.9766829,Sandy Loam,99,chickpea
30.0,70.0,79.0,20.26942271,19.96978871,7.313122235,696.4449182,Loam,100,chickpea
57.0,57.0,75.0,17.09104223,18.25142068,7.785039076,872.7444866,Sandy Loam,98,chickpea
27.0,79.0,82.0,17.06579293,17.54024066,6.307004923,708.7150577,Sandy Loam,98,chickpea
32.0,71.0,85.0,20.62767492,14.44008871,6.403982316,920.6630306,Clay Loam,100,chickpea
31.0,76.0,82.0,20.8248451,17.85057083,7.599279991,792.0509212,Clay Loam,100,chickpea
33.0,75.0,84.0,19.46210401,18.72831993,7.217018459,688.1405149,Sandy Loam,99,chickpea
47.0,80.0,77.0,17.18248372,16.42891834,7.561108006,728.5017344,Sandy Loam,98,chickpea
54.0,62.0,80.0,17.48911699,16.39055394,7.489545074,794.5758333,Clay Loam,98,chickpea
47.0,79.0,78.0,17.48395377,14.76014523,6.609696734,651.1365631,Clay Loam,98,chickpea
35.0,57.0,83.0,19.48316794,17.44534641,7.476800943,804.986291,Clay Loam,99,chickpea
53.0,73.0,77.0,19.71359733,18.09665739,7.325451279,736.4476535,Loam,99,chickpea
45.0,61.0,78.0,19.48649305,16.06240074,6.489389282,815.284269,Sandy Loam,99,chickpea
37.0,78.0,79.0,19.95264829,14.82633099,7.786366322,886.810311,Clay Loam,99,chickpea
30.0,75.0,81.0,19.41789736,16.80472243,6.408437886,684.951189,Sandy Loam,99,chickpea
37.0,55.0,82.0,19.45591848,18.02235902,8.423873703,784.4910564,Loam,99,chickpea
53.0,65.0,76.0,20.19137759,16.41998269,8.719960893,773.3795356,Loam,100,chickpea
22.0,60.0,85.0,18.8392908,14.74071856,7.811997977,947.8189594,Clay Loam,99,chickpea
60.0,61.0,78.0,20.71219282,19.83643308,6.317153205,940.3659867,Loam,100,chickpea
42.0,67.0,77.0,18.99424448,15.9362937,7.114405288,786.9707199,Sandy Loam,99,chickpea
39.0,76.0,76.0,19.96837462,15.57324389,8.135900726,691.5759062,Clay Loam,99,chickpea
35.0,63.0,76.0,17.81564548,17.60756635,7.714153038,908.2097601,Sandy Loam,98,chickpea
30.0,65.0,82.0,20.71424384,15.27824066,7.103798069,767.7888672,Sandy Loam,100,chickpea
57.0,56.0,78.0,17.34150229,18.75626255,8.861479668,679.545435,Loam,98,chickpea
48.0,65.0,78.0,17.43732714,14.33847406,7.861128148,730.926704,Loam,98,chickpea
36.0,56.0,83.0,18.89780215,19.76182946,7.4526709,690.9512477,Loam,99,chickpea
40.0,58.0,75.0,18.59190771,14.77959596,7.168096055,896.0982451,Loam,99,chickpea
49.0,69.0,82.0,18.31561493,15.36143547,7.26311855,817.8710463,Loam,99,chickpea
13.0,60.0,25.0,17.13692774,20.59541693,5.68597166,1282.56862,Silty Loam,78,kidneybeans
25.0,70.0,16.0,19.63474332,18.90705639,5.759237003,1063.598183,Loam,79,kidneybeans
31.0,55.0,22.0,22.91350245,21.33953114,5.873171894,1092.25556,Loam,81,kidneybeans
40.0,64.0,16.0,16.43340342,24.24045875,5.926676985,1403.717815,Loam,78,kidneybeans
2.0,61.0,20.0,22.13974653,23.02251117,5.95561668,766.4128258,Loam,81,kidneybeans
26.0,65.0,22.0,17.84806561,18.77621951,5.949949081,1430.984171,Sandy Loam,78,kidneybeans
17.0,57.0,21.0,19.88394011,20.31564139,5.789214289,609.1974792,Loam,79,kidneybeans
26.0,80.0,18.0,19.32509638,23.3334788,5.581021521,1047.783947,Silty Loam,79,kidneybeans
17.0,59.0,17.0,18.4167001,23.42829938,5.689858133,1329.801054,Silty Loam,79,kidneybeans
27.0,59.0,22.0,21.81167649,23.20591245,5.794158504,1300.608093,Loam,80,kidneybeans
28.0,58.0,24.0,19.72702528,18.28173015,5.748190463,1437.630894,Loam,79,kidneybeans
25.0,57.0,19.0,17.15432954,19.87070659,5.566522896,879.9669731,Silty Loam,78,kidneybeans
28.0,80.0,17.0,19.62207826,18.67170854,5.809419584,1441.567454,Silty Loam,79,kidneybeans
25.0,60.0,22.0,21.63149148,21.17919701,5.887263027,1343.649948,Sandy Loam,80,kidneybeans
12.0,78.0,23.0,16.06522754,18.72479695,5.99812453,880.6638775,Silty Loam,78,kidneybeans
6.0,77.0,25.0,20.61162204,24.36314135,5.792744849,696.3833855,Sandy Loam,80,kidneybeans
22.0,79.0,17.0,21.42451099,20.39659714,5.912289889,1165.206923,Sandy Loam,80,kidneybeans
27.0,80.0,15.0,19.07096165,21.21092266,5.788386951,862.1917578,Sandy Loam,79,kidneybeans
10.0,55.0,23.0,21.18853178,19.63438599,5.728233081,1371.948633,Sandy Loam,80,kidneybeans
23.0,65.0,20.0,23.0429097,22.42610972,5.833940084,1083.684316,Sandy Loam,81,kidneybeans
19.0,78.0,16.0,20.65375833,23.10538637,5.967533236,677.1768947,Loam,80,kidneybeans
19.0,65.0,25.0,18.09551014,18.29318436,5.625096446,1447.902323,Silty Loam,79,kidneybeans
22.0,70.0,19.0,18.23775702,21.07643273,5.515615023,694.4951585,Sandy Loam,79,kidneybeans
37.0,64.0,22.0,17.48189735,18.8251973,5.954665349,1219.401369,Silty Loam,78,kidneybeans
11.0,71.0,17.0,19.9191786,21.47324158,5.74644777,826.8554379,Silty Loam,79,kidneybeans
18.0,79.0,20.0,20.27514686,23.2353604,5.877347515,1397.521543,Sandy Loam,80,kidneybeans
21.0,63.0,17.0,15.77370214,19.2303162,5.979973965,1083.441414,Loam,77,kidneybeans
24.0,80.0,22.0,16.71170642,19.17651433,5.635993966,967.7285817,Sandy Loam,78,kidneybeans
34.0,60.0,22.0,17.66148158,18.15302753,5.635231778,1006.711761,Loam,78,kidneybeans
16.0,75.0,21.0,18.50692825,23.61670065,5.679224346,870.513289,Silty Loam,79,kidneybeans
17.0,77.0,23.0,24.51324787,20.81527638,5.670062975,641.9497947,Loam,82,kidneybeans
37.0,72.0,18.0,18.87614998,24.54038287,5.724242065,1054.120514,Loam,79,kidneybeans
40.0,73.0,20.0,21.59343016,20.31871249,5.811314232,611.3872036,Loam,80,kidneybeans
9.0,77.0,17.0,20.12373284,24.45202552,5.783425416,1061.58201,Silty Loam,80,kidneybeans
1.0,62.0,23.0,15.43546065,18.37477907,5.607808432,1390.302034,Silty Loam,77,kidneybeans
33.0,59.0,22.0,22.64236876,21.59396123,5.946999529,1223.886015,Loam,81,kidneybeans
23.0,59.0,19.0,21.98560799,24.87304788,5.852046999,1295.650601,Loam,80,kidneybeans
6.0,62.0,22.0,20.53052663,18.09224048,5.824090984,1204.509288,Sandy Loam,80,kidneybeans
25.0,63.0,20.0,15.78601387,21.14544088,5.502999119,951.7028129,Loam,77,kidneybeans
7.0,79.0,23.0,19.6365349,19.68751084,5.821649914,966.5888933,Sandy Loam,79,kidneybeans
8.0,72.0,17.0,20.57341244,19.7520218,5.711439256,878.7869161,Loam,80,kidneybeans
27.0,64.0,15.0,20.16080524,24.84207559,5.514927264,1382.362122,Sandy Loam,80,kidneybeans
28.0,66.0,23.0,21.53989176,24.25386207,5.99616119,1206.913038,Silty Loam,80,kidneybeans
32.0,57.0,18.0,15.53834801,23.75560241,5.695422863,1073.850593,Loam,77,kidneybeans
27.0,56.0,22.0,19.91853092,20.70099804,5.833010958,1086.434544,Loam,79,kidneybeans
17.0,77.0,24.0,20.76952209,18.93146941,5.568456899,1090.193712,Loam,80,kidneybeans
0.0,65.0,15.0,23.46168338,23.22197648,5.645435626,958.4253438,Loam,81,kidneybeans
13.0,72.0,21.0,24.32116642,21.0278674,5.821194486,602.7552528,Sandy Loam,82,kidneybeans
34.0,60.0,23.0,20.12574053,24.96969858,5.659254981,1000.497183,Loam,80,kidneybeans
9.0,80.0,19.0,21.80619564,18.57086554,5.945465949,1250.972687,Silty Loam,80,kidneybeans
11.0,72.0,20.0,19.52226241,24.92607153,5.951177452,1133.34026,Silty Loam,79,kidneybeans
3.0,67.0,24.0,17.00067625,19.90790546,5.520880014,1032.926407,Loam,78,kidneybeans
35.0,69.0,23.0,16.78791503,24.96881755,5.578410206,754.5328039,Silty Loam,78,kidneybeans
3.0,77.0,25.0,24.84906168,22.89464642,5.608165195,622.1292186,Loam,82,kidneybeans
23.0,62.0,19.0,16.51783455,20.4555596,5.609435128,987.7794225,Loam,78,kidneybeans
22.0,71.0,17.0,18.15300153,19.38602098,5.509295379,1076.907964,Silty Loam,79,kidneybeans
31.0,79.0,25.0,23.18864385,22.3104551,5.902033406,633.8208822,Loam,81,kidneybeans
34.0,59.0,18.0,23.38002569,21.98879437,5.744117663,876.6898664,Silty Loam,81,kidneybeans
12.0,63.0,17.0,18.358923,19.37703396,5.717143397,1384.14764,Sandy Loam,79,kidneybeans
27.0,56.0,20.0,19.25975367,20.51346956,5.542690119,949.533526,Loam,79,kidneybeans
7.0,63.0,24.0,22.95458237,24.03553105,5.858617867,1077.315386,Sandy Loam,81,kidneybeans
24.0,67.0,22.0,20.120043,22.89845607,5.618844277,1046.252153,Silty Loam,80,kidneybeans
11.0,71.0,24.0,21.14011423,22.7182355,5.606620346,1416.056722,Sandy Loam,80,kidneybeans
37.0,74.0,15.0,24.92360104,18.22590825,5.582178402,627.089169,Sandy Loam,82,kidneybeans
25.0,76.0,24.0,15.33042636,24.91506728,5.56503533,1353.315583,Silty Loam,77,kidneybeans
34.0,66.0,17.0,18.81097271,21.27833035,5.889614577,1250.84915,Sandy Loam,79,kidneybeans
20.0,69.0,15.0,23.44260668,22.77255917,5.934136378,1074.137246,Sandy Loam,81,kidneybeans
37.0,65.0,16.0,22.8352024,18.97267518,5.683548308,635.9276673,Silty Loam,81,kidneybeans
18.0,74.0,15.0,24.9035819,22.27512704,5.70836603,1464.727237,Sandy Loam,82,kidneybeans
4.0,67.0,25.0,23.78709569,24.35679348,5.948164454,1196.404412,Silty Loam,81,kidneybeans
37.0,56.0,25.0,22.05592283,19.60379304,5.774755144,1267.265372,Sandy Loam,81,kidneybeans
5.0,59.0,15.0,18.87492997,20.18238348,5.97229163,1341.811718,Silty Loam,79,kidneybeans
11.0,61.0,21.0,18.62328774,23.02410338,5.532100554,1353.378033,Silty Loam,79,kidneybeans
22.0,80.0,20.0,23.00884744,18.86880997,5.669560726,1001.18612,Sandy Loam,81,kidneybeans
12.0,61.0,19.0,19.33162606,24.13995025,5.655726817,685.1253427,Sandy Loam,79,kidneybeans
5.0,74.0,21.0,16.24469193,21.35793891,5.591704014,669.7053257,Sandy Loam,78,kidneybeans
27.0,69.0,22.0,17.91652287,24.90814655,5.932323085,691.4681022,Loam,78,kidneybeans
31.0,75.0,18.0,15.46789263,21.43780702,5.824208309,888.8796102,Loam,77,kidneybeans
36.0,68.0,20.0,17.06104474,23.77201471,5.86442953,818.3420522,Loam,78,kidneybeans
5.0,65.0,16.0,21.32776028,18.48522915,5.866744372,1091.013261,Silty Loam,80,kidneybeans
32.0,79.0,15.0,23.90910104,20.74619325,5.706198621,816.0211243,Sandy Loam,81,kidneybeans
11.0,78.0,22.0,23.89756791,22.74378977,5.940546818,1126.616435,Silty Loam,81,kidneybeans
0.0,55.0,22.0,22.98666928,20.57940608,5.916779289,1438.584938,Loam,81,kidneybeans
14.0,59.0,15.0,21.35135729,22.91244883,5.779090476,1464.548645,Sandy Loam,80,kidneybeans
29.0,68.0,23.0,24.1638445,19.27907819,5.82738029,1167.324324,Silty Loam,82,kidneybeans
32.0,68.0,19.0,24.62835037,18.18325169,5.514234138,1497.441028,Sandy Loam,82,kidneybeans
17.0,64.0,17.0,21.02213209,24.93896255,5.662699104,1246.118471,Silty Loam,80,kidneybeans
13.0,69.0,19.0,17.30844532,20.01730914,5.86390397,1151.99245,Sandy Loam,78,kidneybeans
14.0,67.0,22.0,23.82576704,24.75485098,5.624690248,846.4143632,Loam,81,kidneybeans
9.0,69.0,20.0,19.30607278,23.96362799,5.591560999,1293.449326,Loam,79,kidneybeans
20.0,73.0,22.0,16.03768615,22.33195853,5.976312538,1303.900798,Sandy Loam,78,kidneybeans
40.0,78.0,20.0,19.18572809,20.83398341,5.669236258,801.5293435,Silty Loam,79,kidneybeans
27.0,72.0,23.0,19.92889503,21.79992115,5.961934481,640.2640797,Loam,79,kidneybeans
14.0,67.0,15.0,19.56376468,24.67385131,5.690065688,1392.921004,Loam,79,kidneybeans
7.0,56.0,18.0,18.31357543,24.32991649,5.698371311,761.4153904,Loam,79,kidneybeans
27.0,65.0,18.0,20.10993761,23.22323766,5.59503163,733.6386477,Sandy Loam,80,kidneybeans
30.0,63.0,16.0,23.60506572,21.90539577,5.525904526,1005.978728,Sandy Loam,81,kidneybeans
37.0,70.0,25.0,19.73136909,24.89487354,5.819403771,840.6354115,Silty Loam,79,kidneybeans
27.0,63.0,19.0,20.93409877,21.1893007,5.562201934,1331.914419,Silty Loam,80,kidneybeans
22.0,60.0,24.0,18.78226261,20.24768314,5.630664753,1042.570723,Silty Loam,79,kidneybeans
3.0,72.0,24.0,36.51268371,57.92887167,6.03160778,1226.539694,Red Volcanic,144,pigeonpeas
40.0,59.0,23.0,36.89163721,62.73178224,5.269084669,1637.266551,Red Volcanic,152,pigeonpeas
33.0,73.0,23.0,29.23540524,59.38967583,5.985792703,1033.301803,Loam,140,pigeonpeas
27.0,57.0,24.0,27.33534897,43.35795962,6.09186275,1423.303677,Loam,148,pigeonpeas
10.0,79.0,18.0,21.0643684,55.46985938,5.624731338,1846.226709,Red Volcanic,156,pigeonpeas
30.0,75.0,25.0,30.33276599,42.35249879,6.446091759,1492.99952,Loam,149,pigeonpeas
40.0,70.0,20.0,31.80130272,45.03186173,5.623490043,1470.361442,Sandy Loam,149,pigeonpeas
38.0,55.0,19.0,33.18184225,38.23184742,5.864623352,1988.298806,Red Volcanic,159,pigeonpeas
35.0,58.0,20.0,29.38538562,63.47742011,5.761702519,900.5422663,Loam,138,pigeonpeas
38.0,61.0,21.0,30.27374995,67.38680755,4.696518678,1277.767134,Red Volcanic,145,pigeonpeas
33.0,58.0,24.0,35.45790488,68.75810535,5.269504214,1086.333046,Sandy Loam,141,pigeonpeas
16.0,56.0,17.0,33.80020039,40.03262418,7.445444883,1766.165894,Red Volcanic,155,pigeonpeas
31.0,72.0,17.0,28.69180475,49.47225353,5.833031708,963.6222901,Red Volcanic,139,pigeonpeas
16.0,80.0,20.0,31.24021696,56.67369054,7.339320929,1220.146733,Red Volcanic,144,pigeonpeas
27.0,72.0,17.0,28.98039357,57.23265151,6.347929353,1207.435664,Red Volcanic,144,pigeonpeas
40.0,62.0,19.0,27.32198928,34.13737127,4.697750704,965.1524028,Sandy Loam,139,pigeonpeas
18.0,58.0,16.0,21.47607807,38.80023714,4.962661422,1803.82234,Red Volcanic,156,pigeonpeas
3.0,68.0,16.0,18.31910448,34.69776639,4.964887857,1074.721605,Red Volcanic,141,pigeonpeas
26.0,67.0,24.0,36.97794384,37.73992903,5.642813116,1614.812963,Loam,152,pigeonpeas
16.0,70.0,20.0,24.80467592,40.1242747,5.6093956,1215.639121,Red Volcanic,144,pigeonpeas
24.0,63.0,19.0,19.3479443,55.96805489,4.681576043,1945.921148,Loam,158,pigeonpeas
9.0,76.0,25.0,28.88302142,50.12323801,5.70951224,1792.155874,Sandy Loam,155,pigeonpeas
16.0,55.0,19.0,19.54314136,47.19188279,6.413543781,1924.372194,Sandy Loam,158,pigeonpeas
28.0,75.0,21.0,24.7741949,50.54621094,6.007508163,1142.821387,Sandy Loam,142,pigeonpeas
16.0,71.0,24.0,18.33124824,38.40975482,4.946369874,1396.483317,Sandy Loam,147,pigeonpeas
24.0,70.0,21.0,19.14729038,45.3733757,5.517208078,1327.748215,Loam,146,pigeonpeas
38.0,72.0,21.0,28.23416057,49.4421345,5.902103172,1865.008581,Red Volcanic,157,pigeonpeas
9.0,66.0,21.0,30.11812084,34.13307843,5.719889876,1570.858232,Sandy Loam,151,pigeonpeas
34.0,56.0,17.0,33.4126864,35.42910045,4.548202098,1396.702541,Red Volcanic,147,pigeonpeas
1.0,76.0,19.0,24.18553163,46.68746847,6.669529416,1773.377996,Loam,155,pigeonpeas
6.0,69.0,19.0,26.88630675,41.69617915,4.750929218,944.6748008,Loam,138,pigeonpeas
26.0,73.0,21.0,31.33170829,57.97429171,4.946263888,1617.820226,Loam,152,pigeonpeas
27.0,61.0,18.0,33.30711818,67.07780816,5.266227032,1085.090168,Sandy Loam,141,pigeonpeas
27.0,71.0,23.0,23.45379018,46.48714759,7.10959773,1508.712202,Red Volcanic,150,pigeonpeas
36.0,61.0,21.0,34.53823889,39.04468913,5.617008201,1685.948318,Red Volcanic,153,pigeonpeas
17.0,73.0,18.0,19.50112224,34.51086611,5.632353113,1973.752649,Red Volcanic,159,pigeonpeas
26.0,72.0,22.0,28.76794904,37.57792132,4.674941549,917.2084869,Loam,138,pigeonpeas
17.0,64.0,16.0,30.97758716,32.24914235,7.161797643,1807.16828,Sandy Loam,156,pigeonpeas
14.0,74.0,19.0,18.39759147,36.82639309,6.624966131,931.2330644,Loam,138,pigeonpeas
39.0,60.0,15.0,35.09357419,30.98685456,5.004074624,1169.106908,Loam,143,pigeonpeas
6.0,66.0,15.0,34.93174223,30.40046769,6.345806011,1592.649827,Red Volcanic,151,pigeonpeas
8.0,59.0,18.0,29.50523036,35.72032498,6.216814453,1878.961851,Loam,157,pigeonpeas
2.0,67.0,18.0,34.51934775,47.52980027,5.921666758,1290.064612,Red Volcanic,145,pigeonpeas
1.0,76.0,17.0,28.43430726,52.10010827,6.012719118,1470.414824,Sandy Loam,149,pigeonpeas
16.0,73.0,19.0,18.41645629,34.80541039,4.684079249,1632.747473,Red Volcanic,152,pigeonpeas
23.0,75.0,25.0,31.07508973,47.19847683,7.077170002,913.1256412,Sandy Loam,138,pigeonpeas
32.0,70.0,20.0,20.89342749,46.24856523,6.208843215,1955.697875,Red Volcanic,159,pigeonpeas
28.0,59.0,22.0,30.90607799,52.79913039,7.05181629,1709.919828,Loam,154,pigeonpeas
5.0,62.0,23.0,27.9348279,66.45457122,4.722222454,1453.728801,Loam,149,pigeonpeas
36.0,67.0,25.0,35.95176642,36.52780776,6.418062652,1360.456753,Sandy Loam,147,pigeonpeas
1.0,66.0,23.0,19.54317155,56.92831399,4.803564468,1731.686574,Sandy Loam,154,pigeonpeas
24.0,73.0,20.0,19.63736208,32.31528909,4.608695247,1764.134092,Sandy Loam,155,pigeonpeas
17.0,67.0,18.0,31.2192752,56.46868874,5.611510977,1292.028653,Red Volcanic,145,pigeonpeas
5.0,55.0,18.0,33.50876355,45.70976142,7.322097972,1266.738117,Red Volcanic,145,pigeonpeas
5.0,56.0,24.0,24.80710166,45.01110015,5.023115055,1884.928637,Sandy Loam,157,pigeonpeas
37.0,77.0,17.0,36.20970524,31.94550613,5.617122801,1910.658531,Loam,158,pigeonpeas
13.0,73.0,20.0,30.50420876,35.48885969,5.391560418,1625.927723,Red Volcanic,152,pigeonpeas
6.0,63.0,23.0,26.01630259,49.94704718,5.906596905,1603.337447,Red Volcanic,152,pigeonpeas
16.0,77.0,22.0,31.48469278,35.6395615,6.574209678,1005.46816,Red Volcanic,140,pigeonpeas
25.0,64.0,20.0,33.15122581,32.45974539,4.807776749,1050.380275,Sandy Loam,141,pigeonpeas
34.0,75.0,24.0,23.50222822,51.29019509,4.760038039,1923.023991,Sandy Loam,158,pigeonpeas
20.0,77.0,23.0,34.87248659,38.83786012,5.180271502,1482.502786,Sandy Loam,149,pigeonpeas
35.0,80.0,25.0,28.09269012,44.93322042,4.895927306,1971.144011,Sandy Loam,159,pigeonpeas
14.0,75.0,24.0,24.54757829,57.3414485,6.436160044,1183.606557,Sandy Loam,143,pigeonpeas
36.0,80.0,21.0,33.64769646,48.41490082,7.066087261,1004.673278,Loam,140,pigeonpeas
7.0,77.0,18.0,20.5591255,60.54880693,6.655918078,1910.895109,Loam,158,pigeonpeas
29.0,78.0,25.0,19.95991719,59.33157782,5.982854523,1957.87103,Sandy Loam,159,pigeonpeas
30.0,60.0,21.0,28.87667593,62.4901206,5.457871273,1822.688175,Red Volcanic,156,pigeonpeas
20.0,74.0,16.0,36.04353699,43.61444121,4.759490199,1598.938645,Sandy Loam,151,pigeonpeas
19.0,57.0,23.0,23.6734328,47.2879691,7.342409555,1411.250722,Loam,148,pigeonpeas
3.0,60.0,19.0,25.74679443,40.7192594,4.820788186,1007.791633,Loam,140,pigeonpeas
5.0,77.0,19.0,31.08564994,66.68832981,6.242052013,1759.303271,Red Volcanic,155,pigeonpeas
5.0,68.0,20.0,18.72987676,61.33186249,5.001038726,1398.710041,Loam,147,pigeonpeas
37.0,73.0,21.0,29.50304807,63.46513414,5.560224583,1895.208915,Sandy Loam,157,pigeonpeas
9.0,59.0,24.0,20.43517772,39.37252634,4.747352458,1372.279662,Red Volcanic,147,pigeonpeas
20.0,72.0,15.0,36.00415838,56.01334416,7.313517308,1348.596466,Sandy Loam,146,pigeonpeas
31.0,56.0,23.0,31.46846241,35.39454002,5.661826398,1745.723999,Sandy Loam,154,pigeonpeas
0.0,70.0,21.0,36.30049702,56.03021253,4.672437054,1016.073988,Red Volcanic,140,pigeonpeas
21.0,74.0,15.0,29.49096726,67.10604388,6.471862118,1532.504506,Sandy Loam,150,pigeonpeas
13.0,67.0,18.0,30.5753044,34.75591197,5.384762927,1775.764304,Loam,155,pigeonpeas
27.0,74.0,20.0,24.69487673,59.96669215,5.859813416,919.5792434,Sandy Loam,138,pigeonpeas
29.0,72.0,24.0,23.17409556,36.67847052,6.962386495,1625.931264,Red Volcanic,152,pigeonpeas
5.0,68.0,20.0,19.04380471,33.10695144,6.12166671,1553.705624,Red Volcanic,151,pigeonpeas
39.0,57.0,19.0,29.32379604,45.93248374,6.421748487,1654.113371,Red Volcanic,153,pigeonpeas
22.0,62.0,16.0,34.6455408,54.32342534,4.828936119,1809.009998,Sandy Loam,156,pigeonpeas
18.0,55.0,23.0,21.9989826,56.31006755,6.98571967,1368.274312,Red Volcanic,147,pigeonpeas
39.0,77.0,21.0,22.99774444,60.24218572,4.603563116,1596.89339,Red Volcanic,151,pigeonpeas
13.0,75.0,20.0,30.55992394,35.29006485,6.979540061,1788.998611,Sandy Loam,155,pigeonpeas
27.0,71.0,24.0,31.46417866,48.17631461,7.064973419,1654.05354,Loam,153,pigeonpeas
26.0,64.0,22.0,25.95058595,40.58227261,5.16516459,1091.821183,Sandy Loam,141,pigeonpeas
23.0,55.0,16.0,21.01142393,69.69141302,5.111488821,1852.039114,Red Volcanic,157,pigeonpeas
4.0,69.0,19.0,19.25100056,47.70351758,5.374358869,1490.63196,Red Volcanic,149,pigeonpeas
20.0,67.0,19.0,19.24462755,50.54495302,5.671419084,1806.465282,Sandy Loam,156,pigeonpeas
7.0,74.0,17.0,22.47253208,62.56532471,5.667419697,967.4706956,Loam,139,pigeonpeas
17.0,64.0,18.0,36.75087487,58.25799145,6.07938452,1246.028153,Red Volcanic,144,pigeonpeas
35.0,71.0,17.0,29.89286629,66.35375127,6.931924963,1981.403003,Red Volcanic,159,pigeonpeas
11.0,72.0,22.0,29.37735586,44.82294584,6.842744374,1724.0168,Red Volcanic,154,pigeonpeas
20.0,60.0,22.0,29.65052947,42.89833235,6.876572503,1869.226052,Sandy Loam,157,pigeonpeas
10.0,71.0,18.0,19.54284889,66.34777265,6.151029296,1731.106982,Red Volcanic,154,pigeonpeas
33.0,61.0,24.0,20.04611791,48.93905624,4.567446499,1224.564203,Loam,144,pigeonpeas
3.0,49.0,18.0,27.91095209,64.70930606,3.692863601,326.7891866,Loam,79,mothbeans
22.0,59.0,23.0,27.32220619,51.27868781,4.371745575,365.037914,Loam,79,mothbeans
36.0,58.0,25.0,28.66024187,59.3189118,8.399135958,369.2629678,Sandy Loam,79,mothbeans
4.0,43.0,18.0,29.02955344,61.09387478,8.840656256,729.8016599,Loam,79,mothbeans
29.0,54.0,16.0,27.78031515,54.65030015,8.153022903,320.5025323,Loam,79,mothbeans
32.0,43.0,22.0,31.99928579,54.1077461,5.270749441,716.266696,Sandy Loam,80,mothbeans
14.0,55.0,15.0,27.33580911,55.27755933,8.050304395,734.4775287,Loam,79,mothbeans
5.0,35.0,20.0,28.92952635,53.57014709,9.679240873,663.5634104,Sandy Loam,79,mothbeans
25.0,57.0,24.0,27.65472156,58.59986279,6.974978386,369.4255012,Sandy Loam,79,mothbeans
11.0,53.0,24.0,28.52396666,55.77264351,7.39389918,613.2935611,Loam,79,mothbeans
40.0,49.0,17.0,31.02215872,45.89239456,6.68727523,535.6783314,Loam,80,mothbeans
38.0,56.0,25.0,25.74095321,45.38497051,7.88118645,674.3488235,Loam,78,mothbeans
27.0,43.0,23.0,31.70447482,56.85420099,5.875333778,449.4317432,Loam,80,mothbeans
24.0,38.0,22.0,24.47876451,58.51663927,8.202706015,349.6933295,Sandy Loam,78,mothbeans
23.0,45.0,21.0,31.46511256,51.79939437,8.985348193,744.4330654,Loam,80,mothbeans
29.0,57.0,20.0,25.60973447,50.7330069,5.87707519,533.9249517,Sandy Loam,78,mothbeans
31.0,35.0,23.0,30.30260453,47.18283631,7.707595055,680.4039813,Loam,80,mothbeans
0.0,55.0,25.0,28.17489437,43.6672299,4.524171562,457.8172762,Loam,79,mothbeans
7.0,45.0,22.0,25.50634557,44.8302551,9.926212291,743.2635105,Loam,78,mothbeans
17.0,58.0,25.0,31.12896766,43.58788762,6.455592696,327.6742894,Sandy Loam,80,mothbeans
11.0,44.0,17.0,26.34043268,55.59160391,8.016210782,351.051197,Loam,78,mothbeans
22.0,49.0,22.0,28.23494706,61.5620517,3.71105919,726.6666443,Loam,79,mothbeans
9.0,51.0,19.0,27.04453473,49.32609633,5.49091063,482.5207759,Loam,79,mothbeans
28.0,48.0,15.0,25.16125354,55.25435777,9.254089438,408.9732789,Loam,78,mothbeans
26.0,50.0,19.0,27.3179125,51.66921088,6.005242945,325.5919573,Sandy Loam,79,mothbeans
36.0,56.0,20.0,25.4123765,49.66474269,7.437078236,318.7416982,Loam,78,mothbeans
8.0,60.0,18.0,31.21629982,46.01868196,3.808429173,531.205277,Sandy Loam,80,mothbeans
24.0,37.0,21.0,30.573999,58.22686794,5.818219385,627.4803826,Sandy Loam,80,mothbeans
22.0,43.0,24.0,25.42517036,53.2208266,4.52363558,461.9374559,Sandy Loam,78,mothbeans
36.0,43.0,24.0,27.09400578,43.65305437,3.510404312,415.3749535,Sandy Loam,79,mothbeans
22.0,44.0,24.0,24.30935081,56.32938343,6.030447288,589.9536268,Sandy Loam,78,mothbeans
17.0,43.0,22.0,30.06142622,45.90067655,5.498340808,410.550915,Sandy Loam,80,mothbeans
8.0,45.0,15.0,28.09568993,60.9835384,4.61136408,338.4110759,Loam,79,mothbeans
7.0,56.0,23.0,26.33908791,40.00933429,5.545219232,555.0429227,Sandy Loam,78,mothbeans
36.0,57.0,16.0,28.61409059,57.14218792,8.292875734,570.2891698,Sandy Loam,79,mothbeans
11.0,45.0,19.0,28.70012137,44.359648,3.828031463,441.1622138,Sandy Loam,79,mothbeans
6.0,36.0,22.0,24.21610338,59.79236306,8.869532817,422.4783476,Loam,78,mothbeans
17.0,57.0,20.0,28.50677929,45.20094476,3.793575185,661.761456,Loam,79,mothbeans
4.0,47.0,20.0,25.97948991,64.95585424,4.193189124,721.9245835,Sandy Loam,78,mothbeans
9.0,49.0,16.0,30.88482722,41.36561835,7.661537348,550.53805,Loam,80,mothbeans
25.0,51.0,24.0,25.5042419,61.66852372,9.392694614,650.7981523,Sandy Loam,78,mothbeans
36.0,44.0,21.0,25.12528913,51.33189406,4.516154055,384.8678973,Sandy Loam,78,mothbeans
21.0,38.0,20.0,27.10508014,63.56791363,5.794289715,622.0279647,Loam,79,mothbeans
37.0,57.0,20.0,31.1006247,44.82069159,7.354286985,707.9934452,Sandy Loam,80,mothbeans
32.0,48.0,18.0,26.45707778,56.40226277,5.993513566,641.6167699,Loam,78,mothbeans
29.0,44.0,20.0,30.04132304,63.56222995,8.620107545,318.3192392,Loam,80,mothbeans
25.0,51.0,18.0,27.77799528,54.82130787,9.45949344,502.8438729,Sandy Loam,79,mothbeans
10.0,44.0,24.0,30.99256944,43.02151392,8.0344125,582.7600682,Sandy Loam,80,mothbeans
23.0,35.0,18.0,26.4908332,47.36534833,5.414492777,369.9362831,Loam,78,mothbeans
9.0,60.0,23.0,31.96987867,57.17377029,6.276004336,642.5520357,Sandy Loam,80,mothbeans
3.0,58.0,21.0,25.36140526,46.82652785,9.160691747,556.0523179,Sandy Loam,78,mothbeans
22.0,42.0,22.0,25.54249137,56.96640758,7.887658711,484.6797044,Sandy Loam,78,mothbeans
12.0,39.0,21.0,28.99319096,62.85948245,8.183844843,704.713043,Loam,79,mothbeans
39.0,36.0,22.0,29.34317422,60.50320928,9.072011412,340.3335472,Loam,79,mothbeans
32.0,41.0,16.0,28.63618921,61.39451307,7.702287236,685.4877876,Sandy Loam,79,mothbeans
30.0,41.0,15.0,24.83206631,44.17085032,5.88509677,520.810886,Loam,78,mothbeans
19.0,36.0,22.0,25.44689075,58.55363573,6.16496284,570.4826619,Loam,78,mothbeans
4.0,46.0,15.0,31.01274943,62.40392519,3.504752314,637.7192383,Loam,80,mothbeans
21.0,39.0,20.0,27.06179658,52.3003173,7.388007483,607.4583498,Loam,79,mothbeans
35.0,57.0,25.0,27.0956288,42.26206161,8.340398059,711.271039,Loam,79,mothbeans
22.0,55.0,24.0,28.56800579,57.30636014,8.66077954,645.3027638,Sandy Loam,79,mothbeans
35.0,51.0,17.0,28.79929247,49.84213387,3.558822825,408.5534718,Sandy Loam,79,mothbeans
17.0,56.0,17.0,27.94293692,45.41393636,5.9565851,696.6289997,Sandy Loam,79,mothbeans
28.0,57.0,17.0,30.47757686,61.58245338,9.416003106,618.6633917,Loam,80,mothbeans
22.0,36.0,16.0,30.58139475,50.77148138,8.18422855,645.8559639,Loam,80,mothbeans
11.0,41.0,19.0,26.85911286,41.81420849,5.131779302,441.3827124,Sandy Loam,78,mothbeans
38.0,38.0,18.0,26.31051759,61.18749126,6.294130313,357.3403813,Loam,78,mothbeans
23.0,37.0,24.0,28.77833449,44.2252605,7.991902443,339.5825723,Sandy Loam,79,mothbeans
25.0,35.0,20.0,28.90245417,43.35365671,8.923095695,719.0018566,Sandy Loam,79,mothbeans
40.0,45.0,20.0,29.37687468,57.69622912,6.878498176,383.4303462,Sandy Loam,79,mothbeans
23.0,58.0,19.0,24.17093241,58.25204566,5.243634849,591.8953429,Loam,78,mothbeans
2.0,56.0,23.0,26.65333029,59.79023382,7.550090941,369.1852635,Loam,78,mothbeans
3.0,56.0,17.0,28.19912143,53.50567601,8.709291688,521.3580529,Sandy Loam,79,mothbeans
26.0,51.0,25.0,28.76488954,52.62741529,7.792508068,552.1606732,Sandy Loam,79,mothbeans
39.0,42.0,20.0,29.3499706,61.25353851,8.055908858,408.2840673,Sandy Loam,79,mothbeans
27.0,59.0,20.0,28.00937423,52.60950014,4.397698806,360.1203025,Sandy Loam,79,mothbeans
24.0,45.0,19.0,26.85851927,48.8246387,5.952384957,347.426459,Loam,78,mothbeans
7.0,40.0,17.0,31.2123945,40.92604945,8.532078733,537.8769958,Loam,80,mothbeans
15.0,45.0,23.0,24.20422636,61.43378674,7.224193642,460.203959,Sandy Loam,78,mothbeans
26.0,52.0,23.0,29.98835437,49.60384796,4.931890506,529.2929636,Sandy Loam,79,mothbeans
20.0,45.0,16.0,29.93964907,54.61813464,4.626212446,454.3669946,Loam,79,mothbeans
34.0,54.0,24.0,31.2119298,41.55934359,5.026003659,688.0141783,Loam,80,mothbeans
19.0,51.0,25.0,26.80474415,48.23991436,3.5253661,438.7801983,Sandy Loam,78,mothbeans
29.0,41.0,21.0,31.49398069,62.84916863,8.86979671,645.6807592,Sandy Loam,80,mothbeans
20.0,50.0,22.0,30.99694676,46.42693735,9.406887533,383.1597852,Sandy Loam,80,mothbeans
11.0,40.0,23.0,29.61253065,63.04749127,5.80428611,501.978269,Loam,79,mothbeans
15.0,54.0,15.0,29.97604322,57.03184356,8.35495812,448.6052932,Loam,79,mothbeans
35.0,55.0,22.0,30.88883074,52.62696801,8.634929739,555.1932414,Loam,80,mothbeans
9.0,59.0,25.0,30.39321309,60.16299493,7.699200949,353.7493212,Sandy Loam,80,mothbeans
40.0,45.0,18.0,30.43683729,55.20522037,5.261285926,309.2014047,Sandy Loam,80,mothbeans
35.0,38.0,19.0,25.32688786,63.18180319,9.112771682,327.1129281,Loam,78,mothbeans
14.0,58.0,17.0,30.53684308,59.96664731,4.605700542,334.8919022,Loam,80,mothbeans
40.0,55.0,18.0,30.38257873,40.5926071,7.115994051,479.5406479,Sandy Loam,80,mothbeans
18.0,36.0,23.0,24.01825377,53.76623369,7.214078621,350.3404425,Loam,78,mothbeans
35.0,52.0,15.0,28.69841277,61.14754363,9.93509073,656.7591794,Loam,79,mothbeans
4.0,59.0,22.0,29.33743412,49.00323081,8.914074888,424.4054315,Sandy Loam,79,mothbeans
22.0,51.0,16.0,27.96583691,61.34900107,8.639586199,701.0472076,Loam,79,mothbeans
33.0,47.0,17.0,24.86803974,48.27531965,8.621514073,639.187654,Sandy Loam,78,mothbeans
2.0,51.0,17.0,25.87682261,45.96341933,5.838508699,385.3254678,Sandy Loam,78,mothbeans
16.0,51.0,21.0,31.01963639,49.9767522,3.532008668,328.1296548,Sandy Loam,80,mothbeans
19.0,55.0,20.0,27.43329405,87.80507732,7.18530147,547.3367631,Silty Loam,69,mungbean
8.0,54.0,20.0,28.3340432,80.77275974,7.034214276,387.976407,Loam,69,mungbean
36.0,55.0,20.0,27.01470397,84.34262707,6.635968698,552.96354,Silty Loam,69,mungbean
10.0,56.0,16.0,28.17432665,81.04554836,6.828187499,363.5720652,Loam,69,mungbean
22.0,56.0,17.0,29.87888063,87.32761241,6.89077995,447.5215854,Sandy Loam,69,mungbean
9.0,57.0,24.0,29.89232778,89.71503316,7.165121109,429.9498978,Loam,69,mungbean
34.0,59.0,23.0,28.56212158,83.24855855,6.935804256,564.8265193,Loam,69,mungbean
31.0,51.0,25.0,27.53592929,85.5701901,7.196774236,530.1899249,Sandy Loam,69,mungbean
0.0,49.0,18.0,29.68361658,87.93598094,6.990095452,418.2490236,Loam,69,mungbean
21.0,39.0,20.0,28.14448546,82.1193047,7.064782138,467.5690086,Sandy Loam,69,mungbean
28.0,35.0,22.0,29.53037621,86.73346018,7.156563094,598.7232071,Loam,69,mungbean
17.0,52.0,17.0,27.88352946,86.45147631,6.364967184,446.4407105,Silty Loam,69,mungbean
24.0,42.0,23.0,28.22471276,82.35916228,6.428054409,440.1206619,Silty Loam,69,mungbean
28.0,46.0,16.0,29.008124,84.96089355,6.664187809,459.1011391,Loam,69,mungbean
21.0,38.0,21.0,29.75538903,86.45193297,6.637677489,375.4602719,Loam,69,mungbean
34.0,60.0,25.0,29.78416743,85.16906976,6.79385576,407.7872823,Loam,69,mungbean
19.0,53.0,22.0,27.8640132,80.4513142,6.852884643,428.3053902,Silty Loam,69,mungbean
31.0,58.0,15.0,27.11026483,84.96771717,7.121571293,515.2617423,Loam,69,mungbean
19.0,35.0,24.0,27.11030369,83.64274107,6.883308033,491.1964582,Silty Loam,69,mungbean
24.0,53.0,17.0,28.95451232,89.07866095,6.421271178,576.5901369,Sandy Loam,69,mungbean
13.0,47.0,20.0,29.21780035,87.93724219,6.54450214,431.386631,Silty Loam,69,mungbean
31.0,53.0,16.0,28.7420098,85.81675947,6.452006451,485.4598575,Silty Loam,69,mungbean
28.0,45.0,23.0,29.65021184,80.29868321,6.489259136,567.6278363,Sandy Loam,69,mungbean
31.0,37.0,21.0,27.23924995,86.404241,6.713410626,373.1236904,Silty Loam,69,mungbean
33.0,60.0,15.0,28.95172351,81.67085323,6.510840928,565.1103293,Loam,69,mungbean
34.0,45.0,21.0,28.18837136,82.60629652,6.287380117,370.1110438,Loam,69,mungbean
13.0,57.0,25.0,28.30041493,86.20681554,6.86308576,504.7333854,Silty Loam,69,mungbean
33.0,57.0,17.0,27.89636126,88.71782287,6.78415271,577.9863368,Loam,69,mungbean
32.0,57.0,22.0,28.6899851,87.50436797,6.769415888,445.6598352,Silty Loam,69,mungbean
23.0,59.0,25.0,27.8262623,88.73100226,6.320768488,566.8833819,Loam,69,mungbean
35.0,41.0,18.0,28.70562673,81.59200689,6.705008504,598.7065439,Loam,69,mungbean
6.0,48.0,24.0,28.6362812,84.61431076,6.790736339,484.8319335,Silty Loam,69,mungbean
29.0,36.0,25.0,28.28511547,88.4393979,7.130278657,485.6690235,Loam,69,mungbean
4.0,36.0,22.0,27.60887393,86.13316408,7.012740397,438.0041104,Silty Loam,69,mungbean
10.0,59.0,22.0,28.60901145,86.99495766,7.155685016,369.4616965,Loam,69,mungbean
14.0,48.0,21.0,29.24598976,84.80084105,6.991242362,534.3228915,Loam,69,mungbean
8.0,50.0,21.0,28.62911222,89.1148059,6.218923893,504.9913241,Sandy Loam,69,mungbean
20.0,40.0,15.0,29.57329479,88.07505524,7.199495368,450.4467075,Sandy Loam,69,mungbean
36.0,43.0,22.0,27.82684262,87.16679147,6.389882166,583.7249772,Silty Loam,69,mungbean
14.0,57.0,15.0,29.8757015,83.14796296,6.623438282,401.2044158,Sandy Loam,69,mungbean
11.0,60.0,23.0,27.33684386,88.50229102,7.033012777,510.9802625,Silty Loam,69,mungbean
10.0,59.0,15.0,29.83040388,89.30428305,6.32400451,588.6687093,Sandy Loam,69,mungbean
7.0,60.0,25.0,28.2753171,82.76020821,6.397636709,560.4995423,Loam,69,mungbean
2.0,47.0,15.0,29.86860065,85.99127934,6.401455706,584.1394143,Silty Loam,69,mungbean
20.0,45.0,22.0,29.5888162,89.9939693,6.904587016,549.6121262,Silty Loam,69,mungbean
2.0,39.0,15.0,28.07219563,82.9116472,6.478557136,496.1865305,Loam,69,mungbean
27.0,40.0,24.0,27.84026517,89.99615558,7.063022095,528.4626009,Silty Loam,69,mungbean
35.0,48.0,15.0,27.10818093,87.4512669,6.981758362,550.3723979,Silty Loam,69,mungbean
4.0,59.0,25.0,27.68515114,81.94268594,6.227134139,546.2243308,Sandy Loam,69,mungbean
1.0,48.0,24.0,29.34594634,85.60472562,6.232836962,590.3629954,Silty Loam,69,mungbean
36.0,43.0,21.0,28.36319404,84.8593608,7.140437859,529.3031105,Loam,69,mungbean
11.0,46.0,24.0,27.65280218,89.80650642,6.459252023,565.2558045,Sandy Loam,69,mungbean
34.0,47.0,19.0,27.31372793,85.44815232,6.568795404,531.5223123,Sandy Loam,69,mungbean
21.0,44.0,18.0,27.06909959,86.89934108,7.12851089,504.6746116,Loam,69,mungbean
17.0,58.0,20.0,28.06642822,85.91625451,6.42937879,392.3831035,Loam,69,mungbean
25.0,40.0,21.0,27.73329078,81.13903037,6.248900919,441.7580911,Sandy Loam,69,mungbean
2.0,38.0,18.0,27.53632932,89.92908171,6.619891498,454.8591922,Silty Loam,69,mungbean
9.0,48.0,20.0,29.66461594,84.28187572,6.377568542,560.9542002,Sandy Loam,69,mungbean
37.0,49.0,25.0,29.9145443,85.85384444,6.415459592,413.9081525,Loam,69,mungbean
36.0,38.0,15.0,28.36363858,87.59810657,6.320662012,579.9524359,Sandy Loam,69,mungbean
40.0,58.0,15.0,29.46416042,87.60890009,6.978400282,431.5411472,Loam,69,mungbean
30.0,44.0,16.0,29.73013036,82.89166381,6.442335593,509.1511275,Sandy Loam,69,mungbean
1.0,59.0,23.0,27.46852989,87.17649,7.184398832,437.8420984,Silty Loam,69,mungbean
9.0,48.0,22.0,27.77076285,87.09979549,6.402926221,495.0812624,Sandy Loam,69,mungbean
14.0,41.0,17.0,29.12939524,88.48312598,7.085982325,364.5012824,Sandy Loam,69,mungbean
35.0,52.0,19.0,27.10606808,89.89593328,6.698574085,374.5680611,Loam,69,mungbean
31.0,48.0,17.0,28.88078945,86.94206817,6.594739424,537.9732545,Loam,69,mungbean
4.0,41.0,20.0,28.14720892,83.8001509,6.647965508,374.4800463,Loam,69,mungbean
30.0,37.0,25.0,29.89129144,80.14487166,7.120032489,547.960127,Sandy Loam,69,mungbean
9.0,35.0,20.0,27.41503453,80.98004661,6.91380932,405.3173216,Silty Loam,69,mungbean
20.0,41.0,20.0,29.27308605,89.4875022,7.073048264,509.246554,Loam,69,mungbean
37.0,50.0,23.0,29.65296893,88.48587386,6.5304707,560.1913159,Loam,69,mungbean
34.0,35.0,21.0,28.44524991,82.67639542,6.684381357,581.8713162,Sandy Loam,69,mungbean
14.0,37.0,15.0,27.96235681,83.97586797,6.581351374,489.366954,Loam,69,mungbean
23.0,39.0,22.0,29.25649321,81.97952224,6.86483915,420.2483277,Silty Loam,69,mungbean
5.0,45.0,21.0,28.36291385,88.00989267,6.487124217,430.5130077,Silty Loam,69,mungbean
22.0,37.0,20.0,27.62749466,86.49366929,6.605733068,392.6137642,Loam,69,mungbean
40.0,51.0,17.0,28.66086349,86.12194568,6.860602782,500.1534317,Loam,69,mungbean
27.0,56.0,20.0,29.2114218,87.11497805,6.41874299,515.3848218,Sandy Loam,69,mungbean
31.0,40.0,22.0,29.40889385,86.16063492,6.365513634,533.5486977,Silty Loam,69,mungbean
38.0,36.0,21.0,28.02952623,84.8845732,6.556372966,361.2042927,Silty Loam,69,mungbean
6.0,37.0,17.0,28.08657178,80.35005927,6.760694228,381.4476781,Loam,69,mungbean
6.0,47.0,18.0,29.16174608,80.28038146,6.715276663,401.6545979,Sandy Loam,69,mungbean
24.0,44.0,17.0,29.8596912,80.03499648,6.666380512,506.6487502,Silty Loam,69,mungbean
25.0,59.0,19.0,29.06631494,83.6869203,6.626629798,439.5183726,Silty Loam,69,mungbean
32.0,56.0,21.0,27.38538997,88.66663953,6.702772465,582.9933073,Sandy Loam,69,mungbean
8.0,45.0,18.0,27.93034941,85.42058715,7.011030515,432.5095608,Sandy Loam,69,mungbean
19.0,39.0,17.0,29.2808618,81.8009244,6.890156495,444.7427436,Silty Loam,69,mungbean
39.0,37.0,15.0,28.9973145,83.78911515,6.821747052,598.4499208,Silty Loam,69,mungbean
33.0,37.0,19.0,27.92678579,86.5543196,7.183189922,434.826194,Sandy Loam,69,mungbean
26.0,54.0,17.0,28.5474135,88.9570454,6.27258822,494.897245,Silty Loam,69,mungbean
21.0,51.0,15.0,29.36488409,89.1886954,6.679127482,483.0159325,Loam,69,mungbean
22.0,54.0,20.0,28.56149805,83.63802195,6.689825155,410.13132,Loam,69,mungbean
29.0,45.0,16.0,28.43683487,87.91332682,6.583381939,431.2063289,Sandy Loam,69,mungbean
4.0,40.0,21.0,28.79728147,80.45744422,6.725551062,443.0070517,Sandy Loam,69,mungbean
10.0,37.0,22.0,28.7275267,89.12760359,7.069747814,585.2974279,Sandy Loam,69,mungbean
4.0,44.0,19.0,27.95639663,83.52706038,6.921993878,432.5726752,Loam,69,mungbean
20.0,45.0,17.0,28.17458662,83.69659318,6.770955317,372.464655,Silty Loam,69,mungbean
23.0,45.0,23.0,28.77653519,86.69133979,6.983130466,561.2443206,Loam,69,mungbean
25.0,48.0,21.0,28.438097,83.48991368,6.267684328,525.5469976,Silty Loam,69,mungbean
56.0,79.0,15.0,29.48439992,63.19915325,7.454532137,718.9090748,Loam,79,blackgram
25.0,62.0,21.0,26.73433965,68.13999721,7.040056094,671.5096376,Sandy Loam,78,blackgram
42.0,61.0,22.0,26.27274407,62.28814857,7.418650668,702.3207557,Loam,78,blackgram
42.0,73.0,25.0,34.03679184,67.21113844,6.501869314,732.3573601,Clay Loam,81,blackgram
44.0,58.0,18.0,28.03644051,65.06601664,6.814410928,724.9507741,Loam,79,blackgram
50.0,55.0,16.0,28.81460716,65.33538112,7.581442888,622.6242533,Sandy Loam,79,blackgram
35.0,72.0,21.0,34.03619494,64.28791388,7.741418772,668.5510868,Loam,81,blackgram
30.0,64.0,20.0,33.8642935,61.57072498,6.573531614,680.2199825,Loam,81,blackgram
27.0,64.0,21.0,32.84213012,68.68401492,7.543804223,736.7166182,Loam,80,blackgram
50.0,74.0,17.0,27.10053268,63.36085585,6.5408208,738.4949872,Clay Loam,79,blackgram
39.0,73.0,24.0,25.65842532,61.18235808,7.22405917,692.8607828,Loam,78,blackgram
57.0,67.0,25.0,32.34744009,66.61452812,7.551364319,645.5882254,Clay Loam,80,blackgram
52.0,63.0,19.0,29.58949031,68.32176769,6.928898659,675.3021213,Clay Loam,79,blackgram
55.0,66.0,22.0,30.91219459,68.79427388,7.747775263,666.3830637,Loam,80,blackgram
51.0,56.0,18.0,28.12787838,64.2097765,6.706505915,708.6340755,Loam,79,blackgram
36.0,66.0,15.0,30.08545364,69.34811988,6.668238556,671.367443,Loam,80,blackgram
59.0,55.0,19.0,31.74379487,62.51007687,7.332375138,689.7097538,Sandy Loam,80,blackgram
50.0,58.0,23.0,27.81326852,62.50460464,7.596802025,697.5555541,Loam,79,blackgram
30.0,65.0,25.0,32.88733849,64.59457409,7.70650895,715.0569456,Clay Loam,80,blackgram
20.0,62.0,18.0,29.36358721,64.98742947,7.366542647,619.1208707,Loam,79,blackgram
58.0,71.0,15.0,27.82592799,67.5861883,6.919243702,740.1229707,Sandy Loam,79,blackgram
25.0,71.0,24.0,28.49538735,60.44848407,7.187721818,749.1559514,Loam,79,blackgram
52.0,71.0,16.0,27.74274761,68.53997144,7.075886472,717.8615328,Sandy Loam,79,blackgram
40.0,63.0,18.0,30.41588462,67.66323804,6.74441168,630.2473185,Sandy Loam,80,blackgram
20.0,60.0,25.0,27.3254209,69.09047809,6.726469088,611.9250859,Loam,79,blackgram
48.0,61.0,21.0,30.28496619,61.69295127,6.628264883,656.2859526,Clay Loam,80,blackgram
49.0,68.0,22.0,28.56840626,61.53278622,7.127064207,634.9726331,Sandy Loam,79,blackgram
48.0,62.0,15.0,25.36586097,66.6379724,7.538631462,658.1655892,Loam,78,blackgram
32.0,66.0,17.0,34.9466155,65.26774011,7.162357641,701.415139,Loam,81,blackgram
21.0,63.0,22.0,25.09737391,67.72837887,6.859409487,746.1649888,Clay Loam,78,blackgram
20.0,72.0,19.0,32.47648301,64.34848735,7.397190844,658.20457,Sandy Loam,80,blackgram
25.0,65.0,21.0,33.86351172,68.59232289,6.880245789,692.4464096,Sandy Loam,81,blackgram
41.0,78.0,21.0,25.19857725,60.37332688,6.581313137,708.8787207,Loam,78,blackgram
53.0,67.0,17.0,31.77681682,69.01852894,7.296972161,614.6892873,Loam,80,blackgram
39.0,60.0,21.0,34.89814946,63.59948557,6.97297656,647.2797143,Clay Loam,81,blackgram
25.0,76.0,17.0,31.74105409,68.63525428,7.241148507,623.061735,Clay Loam,80,blackgram
21.0,78.0,19.0,27.16159076,66.76017239,6.92009048,698.5112265,Sandy Loam,79,blackgram
57.0,60.0,17.0,26.23773129,67.88521396,7.504608385,735.8663968,Sandy Loam,78,blackgram
56.0,75.0,15.0,30.20157245,60.06534859,7.152272256,663.7171179,Loam,80,blackgram
49.0,72.0,15.0,31.55846339,67.83563765,7.137004749,748.6960831,Sandy Loam,80,blackgram
24.0,80.0,19.0,29.67892453,69.0854554,6.808041722,656.6436565,Clay Loam,79,blackgram
49.0,76.0,18.0,27.05365239,67.7017527,7.393631868,604.693835,Clay Loam,79,blackgram
28.0,68.0,19.0,34.63880966,61.38597868,7.69950698,724.3169115,Loam,81,blackgram
55.0,78.0,21.0,33.39438752,62.93692886,6.602888249,635.7445989,Clay Loam,81,blackgram
50.0,64.0,25.0,28.84079155,63.37230676,6.734447425,702.5496749,Clay Loam,79,blackgram
34.0,80.0,19.0,31.49338309,63.0563645,6.521217963,714.8327008,Clay Loam,80,blackgram
20.0,68.0,23.0,25.54960633,63.95425534,7.707332484,631.830529,Clay Loam,78,blackgram
55.0,67.0,16.0,34.37329112,69.69366426,6.596719015,702.7184748,Loam,81,blackgram
23.0,70.0,15.0,34.6008247,63.11296779,7.403623355,604.1790253,Loam,81,blackgram
53.0,74.0,15.0,29.43463808,64.94329356,7.517097,721.7818157,Sandy Loam,79,blackgram
26.0,67.0,16.0,29.10713092,67.90577375,7.17620823,678.3345933,Clay Loam,79,blackgram
33.0,80.0,22.0,28.57006111,65.71765781,6.593961761,700.866434,Sandy Loam,79,blackgram
37.0,79.0,19.0,27.54384835,69.3478631,7.143942758,694.0878198,Loam,79,blackgram
33.0,75.0,21.0,33.04687968,68.93875631,6.690655045,623.0278274,Loam,81,blackgram
22.0,55.0,20.0,33.95309131,69.96100028,7.423530351,611.6350463,Loam,81,blackgram
20.0,68.0,17.0,30.11873003,60.11680815,6.578714843,717.2980375,Loam,80,blackgram
43.0,68.0,20.0,29.57812712,66.17587668,7.497469256,694.3895491,Loam,79,blackgram
44.0,76.0,22.0,27.26458947,68.01232937,7.775306272,689.1754359,Loam,79,blackgram
34.0,60.0,16.0,31.35730791,64.24992106,7.322555223,638.5668948,Loam,80,blackgram
21.0,72.0,17.0,31.52104732,66.55723677,7.580527339,617.1111448,Clay Loam,80,blackgram
25.0,68.0,19.0,29.39982732,64.25510719,7.108450121,674.7677295,Sandy Loam,79,blackgram
41.0,62.0,15.0,29.38400259,64.14928485,7.358974541,652.4194361,Loam,79,blackgram
28.0,65.0,23.0,28.38686534,61.88871127,7.405176138,742.4459122,Clay Loam,79,blackgram
35.0,64.0,15.0,28.47442276,63.53604453,6.500144962,695.274407,Clay Loam,79,blackgram
52.0,58.0,16.0,30.64095781,61.14508627,7.167435834,713.6947525,Sandy Loam,80,blackgram
58.0,75.0,25.0,25.25596239,61.36669662,7.261791753,686.4685069,Loam,78,blackgram
34.0,66.0,19.0,32.97030511,60.18122078,7.586642101,734.4678678,Sandy Loam,80,blackgram
52.0,70.0,16.0,33.66855394,66.60416867,7.534811833,673.2520551,Loam,81,blackgram
23.0,57.0,19.0,32.83963757,67.99803573,7.251000789,734.0452716,Clay Loam,80,blackgram
42.0,58.0,25.0,27.45853567,62.90020977,6.513620918,694.6020927,Clay Loam,79,blackgram
37.0,62.0,17.0,25.68576704,69.84354028,7.121254928,746.2068748,Clay Loam,78,blackgram
44.0,75.0,22.0,30.0328403,64.14800537,7.574561547,712.1006868,Clay Loam,80,blackgram
21.0,80.0,20.0,28.20667264,68.27085245,7.350869792,643.2887142,Sandy Loam,79,blackgram
56.0,76.0,16.0,28.27265858,61.18956161,7.513151076,632.9900785,Loam,79,blackgram
29.0,76.0,15.0,28.5417236,64.2020154,7.025607706,696.8862306,Loam,79,blackgram
43.0,61.0,20.0,26.87187036,61.61367264,6.804253866,635.1822045,Sandy Loam,78,blackgram
55.0,60.0,15.0,32.79766751,68.77994074,7.163043872,641.1411069,Loam,80,blackgram
44.0,63.0,15.0,26.42333018,64.51136845,7.338929556,634.6546487,Clay Loam,78,blackgram
29.0,67.0,21.0,29.79181107,63.38789228,6.621323612,630.2169909,Loam,79,blackgram
47.0,63.0,16.0,27.44003279,67.10464369,6.661870999,725.0669768,Clay Loam,79,blackgram
40.0,68.0,17.0,34.1262979,65.14877461,7.733149554,704.0795007,Sandy Loam,81,blackgram
58.0,61.0,15.0,30.94908189,64.23364112,7.402891666,627.8730907,Loam,80,blackgram
41.0,74.0,18.0,28.75751783,61.02701476,6.599147298,733.7686831,Sandy Loam,79,blackgram
58.0,79.0,17.0,27.24766491,66.10123083,7.04174124,623.1842057,Loam,79,blackgram
27.0,62.0,24.0,28.63005477,66.770943,7.353876754,622.737345,Clay Loam,79,blackgram
27.0,60.0,17.0,26.41768321,63.64698302,7.026795359,644.2177127,Sandy Loam,78,blackgram
52.0,65.0,20.0,32.81705216,66.15665137,6.814301033,688.3924882,Loam,80,blackgram
44.0,55.0,25.0,29.6321052,65.91359954,7.42160832,711.6331975,Clay Loam,79,blackgram
21.0,62.0,24.0,33.49077065,62.73317204,6.847382891,654.5328463,Sandy Loam,81,blackgram
60.0,59.0,22.0,31.86847286,66.74217464,7.191522601,742.2238583,Sandy Loam,80,blackgram
33.0,77.0,21.0,30.32992227,65.62971858,7.01285529,716.4631281,Loam,80,blackgram
59.0,58.0,17.0,28.546224,66.31394098,7.368318809,628.3469851,Loam,79,blackgram
29.0,63.0,17.0,30.02629908,67.88811637,7.26154329,664.7264636,Loam,80,blackgram
59.0,63.0,18.0,31.65531175,60.13263713,6.52669158,666.9096751,Clay Loam,80,blackgram
29.0,70.0,15.0,30.33499674,63.54718862,6.872594461,741.6699119,Loam,80,blackgram
58.0,73.0,16.0,33.36984395,65.67718163,6.874142175,648.9517488,Sandy Loam,81,blackgram
55.0,77.0,22.0,31.4345059,62.99303471,7.76061831,647.7651469,Sandy Loam,80,blackgram
42.0,79.0,23.0,27.71678273,63.29103387,6.781841984,685.6507978,Loam,79,blackgram
44.0,77.0,21.0,32.63918668,61.3009051,7.326980454,618.3876146,Loam,80,blackgram
38.0,62.0,25.0,32.7477393,67.77954584,7.453975408,633.7784443,Sandy Loam,80,blackgram
32.0,76.0,15.0,28.05153602,63.49802189,7.604110177,433.5795377,Sandy Loam,104,lentil
13.0,61.0,22.0,19.44084326,63.27771461,7.728832424,468.3130119,Loam,99,lentil
38.0,60.0,20.0,29.84823072,60.63872613,7.491217102,468.0452595,Loam,104,lentil
11.0,74.0,17.0,21.36383757,69.92375891,6.633864582,466.352865,Clay Loam,100,lentil
37.0,71.0,16.0,26.28663931,68.51966729,7.324863481,461.3833007,Loam,103,lentil
29.0,71.0,18.0,22.17499963,62.13873825,6.410441476,534.6622584,Sandy Loam,101,lentil
2.0,72.0,18.0,26.57597546,60.97876599,7.836719564,508.9110726,Clay Loam,103,lentil
6.0,59.0,21.0,26.58972517,66.14007674,6.139215944,509.0994463,Loam,103,lentil
13.0,64.0,20.0,19.1345771,62.57526895,6.590571088,364.6946971,Clay Loam,99,lentil
8.0,58.0,17.0,28.75273118,69.15640149,7.286049978,351.5426171,Loam,104,lentil
6.0,77.0,20.0,25.78746268,60.2816298,6.058306161,491.4337177,Loam,102,lentil
2.0,75.0,22.0,23.89271875,61.78779413,6.658605362,525.5730112,Loam,101,lentil
3.0,69.0,23.0,28.67408774,63.18832976,7.299360767,429.6018627,Sandy Loam,104,lentil
27.0,80.0,24.0,28.42062847,61.77336343,7.815210661,490.2366803,Sandy Loam,104,lentil
39.0,78.0,15.0,21.35499456,62.60136323,5.925391795,417.8219834,Clay Loam,100,lentil
40.0,79.0,17.0,21.12695586,63.18738532,6.403683619,387.1834464,Loam,100,lentil
37.0,62.0,22.0,24.02037872,61.62313345,7.397546271,497.8102578,Loam,102,lentil
31.0,60.0,24.0,25.40474421,65.8567539,7.722335992,519.2057267,Sandy Loam,102,lentil
22.0,67.0,22.0,29.03017561,64.49166566,7.475926645,549.393771,Loam,104,lentil
3.0,78.0,18.0,20.21368219,68.65257685,6.887130053,508.9732989,Sandy Loam,100,lentil
4.0,80.0,16.0,29.19585548,68.01965728,7.441976825,449.3261911,Loam,104,lentil
13.0,61.0,24.0,18.29783597,69.6897615,7.629910253,493.9111479,Clay Loam,99,lentil
12.0,66.0,20.0,27.41434987,63.41785982,7.336117221,444.3177543,Loam,103,lentil
4.0,61.0,21.0,24.84063998,60.09116626,6.75020529,487.7790371,Loam,102,lentil
9.0,60.0,21.0,29.94413861,67.31323084,7.52178027,403.7113729,Sandy Loam,104,lentil
18.0,66.0,22.0,25.87990287,67.55109024,6.347379185,478.9645224,Loam,102,lentil
32.0,56.0,18.0,20.0467711,65.84395319,7.135251532,460.5333124,Loam,100,lentil
6.0,72.0,15.0,22.99451999,66.70897237,7.670178119,544.9044154,Sandy Loam,101,lentil
15.0,77.0,20.0,25.13163619,66.92642362,7.399749291,490.4015558,Clay Loam,102,lentil
0.0,65.0,24.0,28.49584395,62.44616219,7.841496029,531.4531023,Clay Loam,104,lentil
30.0,79.0,22.0,18.28766124,69.48515056,6.254216611,486.0449438,Sandy Loam,99,lentil
3.0,63.0,16.0,24.38041875,61.18458224,6.868881708,531.3946695,Sandy Loam,102,lentil
2.0,78.0,23.0,21.31852148,66.43934593,7.320514721,454.2616802,Sandy Loam,100,lentil
10.0,78.0,18.0,18.54141834,62.70637578,6.296976913,440.7819743,Sandy Loam,99,lentil
14.0,67.0,25.0,25.28710601,60.85993533,7.241151936,493.7369982,Sandy Loam,102,lentil
39.0,65.0,23.0,25.43459777,69.12613376,7.685959305,410.2682925,Clay Loam,102,lentil
19.0,72.0,15.0,28.83600962,69.76112921,6.890760124,440.8562546,Clay Loam,104,lentil
18.0,57.0,21.0,27.37659643,63.93927841,6.155915975,494.7371773,Sandy Loam,103,lentil
31.0,58.0,15.0,28.31886863,60.19461399,6.167855382,453.6521251,Loam,104,lentil
28.0,58.0,25.0,27.4818649,62.04814951,6.861640036,378.1123974,Sandy Loam,103,lentil
5.0,65.0,19.0,18.28072173,68.10365387,6.978361689,488.0253285,Loam,99,lentil
16.0,65.0,19.0,27.61204997,69.29786244,7.043160241,427.2374404,Sandy Loam,103,lentil
34.0,65.0,19.0,23.43974653,63.22011726,5.94239222,454.0277297,Sandy Loam,101,lentil
14.0,69.0,19.0,20.95628486,63.68128841,7.239455147,523.9881209,Clay Loam,100,lentil
22.0,55.0,16.0,23.7937153,68.03209183,6.516317561,497.3922097,Loam,101,lentil
24.0,61.0,17.0,22.6371424,65.44544859,6.233269045,383.0411077,Loam,101,lentil
2.0,79.0,15.0,21.53577883,65.47227704,7.505283615,357.5107592,Clay Loam,100,lentil
26.0,63.0,17.0,29.87854588,65.73085206,6.950300686,449.5654782,Clay Loam,104,lentil
27.0,61.0,15.0,25.2653291,67.10004577,6.958054839,483.3941188,Clay Loam,102,lentil
24.0,70.0,16.0,25.17885316,68.93307305,6.54803469,350.3484812,Clay Loam,102,lentil
13.0,74.0,25.0,24.12192608,61.09533545,6.461618577,442.3629285,Loam,102,lentil
6.0,64.0,23.0,23.33565221,67.40460704,7.065264073,361.8678721,Loam,101,lentil
12.0,58.0,23.0,21.74600081,63.39503184,6.765091462,504.3306085,Sandy Loam,100,lentil
32.0,79.0,22.0,27.60195453,63.46170674,5.91645379,543.7814199,Sandy Loam,103,lentil
6.0,68.0,18.0,24.388717,62.50453062,6.711341147,472.6052494,Clay Loam,102,lentil
10.0,79.0,20.0,24.98287462,66.895409,6.379881442,382.1370568,Clay Loam,102,lentil
38.0,77.0,22.0,28.234829,69.3159965,6.313284268,353.6831423,Clay Loam,104,lentil
17.0,74.0,17.0,26.03026959,69.55863145,7.393210848,371.1395801,Sandy Loam,103,lentil
26.0,68.0,24.0,28.04849594,64.07691942,7.504930973,371.5824966,Sandy Loam,104,lentil
23.0,75.0,17.0,24.87425505,64.00213929,7.198076286,482.8137482,Sandy Loam,102,lentil
32.0,78.0,22.0,23.97081395,62.35557553,7.007037515,534.0906048,Sandy Loam,101,lentil
19.0,79.0,19.0,20.06003985,67.76252583,6.677262562,428.9509057,Sandy Loam,100,lentil
22.0,60.0,18.0,19.59221047,61.28633405,6.74398035,417.704893,Sandy Loam,99,lentil
28.0,69.0,16.0,29.77013109,66.29327012,6.547361618,356.9674138,Sandy Loam,104,lentil
1.0,67.0,21.0,27.52135365,60.53657684,6.551577598,480.6491307,Clay Loam,103,lentil
12.0,67.0,23.0,25.62896213,63.14909763,6.585020303,454.9683991,Clay Loam,102,lentil
36.0,67.0,20.0,20.39078312,60.47528931,6.924042372,533.1508572,Clay Loam,100,lentil
28.0,70.0,21.0,25.39038396,60.4989659,7.437373666,391.8374505,Clay Loam,102,lentil
12.0,71.0,19.0,24.91079638,60.71367427,7.142611056,421.9740397,Sandy Loam,102,lentil
22.0,68.0,16.0,27.70496805,63.20915034,7.74672376,374.6160727,Loam,103,lentil
26.0,66.0,22.0,18.06486101,65.1034354,6.300479414,515.4922825,Sandy Loam,99,lentil
16.0,65.0,16.0,18.13027797,62.45851612,6.078724107,506.128521,Loam,99,lentil
14.0,59.0,22.0,23.82723528,67.89815262,6.76660668,469.0725077,Clay Loam,101,lentil
33.0,59.0,19.0,23.19305333,62.74710773,7.641024177,495.5213308,Sandy Loam,101,lentil
21.0,63.0,17.0,25.08966129,68.17543102,6.559681838,414.5486619,Clay Loam,102,lentil
0.0,69.0,21.0,25.86928193,61.88321072,7.072923306,366.8284038,Sandy Loam,102,lentil
10.0,75.0,17.0,18.43966037,68.05394959,7.732194788,390.0992137,Clay Loam,99,lentil
30.0,61.0,18.0,27.14911056,67.02664337,6.157782589,525.0812701,Loam,103,lentil
0.0,74.0,17.0,23.33375853,64.50515776,7.240988401,470.1510708,Loam,101,lentil
35.0,74.0,22.0,26.7230014,62.96841833,6.898905799,428.7274897,Loam,103,lentil
7.0,63.0,24.0,19.55750776,64.45268309,6.818681086,530.4669416,Sandy Loam,99,lentil
9.0,56.0,17.0,26.13708256,66.7729209,6.261937875,464.8280681,Loam,103,lentil
14.0,74.0,15.0,27.99990346,65.57653373,6.493036868,499.4043064,Sandy Loam,103,lentil
14.0,76.0,20.0,29.05941162,62.10652364,7.042474679,365.011366,Loam,104,lentil
36.0,65.0,16.0,25.71269843,64.1123333,7.692013657,501.7067771,Loam,102,lentil
28.0,67.0,21.0,21.79792649,63.73086065,6.250994223,466.2370222,Sandy Loam,100,lentil
28.0,79.0,16.0,24.70626432,60.26854183,6.052184881,531.2442925,Sandy Loam,102,lentil
40.0,61.0,22.0,20.94981756,65.8108757,7.002216044,442.3913012,Loam,100,lentil
10.0,70.0,19.0,24.84918386,68.98088448,7.272427638,416.1080544,Sandy Loam,102,lentil
12.0,80.0,19.0,21.91041045,65.21662467,5.962001484,361.0211371,Loam,100,lentil
37.0,77.0,20.0,25.93381964,68.70533022,7.080506001,510.2372773,Sandy Loam,102,lentil
0.0,67.0,22.0,29.82112112,69.4073209,6.593798387,515.6461082,Clay Loam,104,lentil
7.0,73.0,25.0,27.52185591,63.13215259,7.28805662,452.0841071,Clay Loam,103,lentil
10.0,56.0,18.0,27.99627907,68.6428593,7.32710972,461.0585191,Clay Loam,103,lentil
39.0,70.0,15.0,20.76774783,63.90164154,6.366355781,479.271552,Clay Loam,100,lentil
26.0,56.0,22.0,23.05276444,60.424786,7.011121216,526.0285259,Clay Loam,101,lentil
9.0,77.0,17.0,21.65845777,63.58337146,6.280725549,380.7659414,Loam,100,lentil
4.0,59.0,19.0,26.25070298,67.62779652,7.621494566,408.106299,Clay Loam,103,lentil
34.0,73.0,15.0,20.97195263,63.83179889,7.630424083,531.0207889,Clay Loam,100,lentil
33.0,77.0,15.0,23.89736406,66.32102048,7.802212437,407.4536757,Clay Loam,101,lentil
2.0,24.0,38.0,24.55981624,91.63536236,5.922935513,1119.684622,Red Volcanic,217,pomegranate
6.0,18.0,37.0,19.65690085,89.93701023,5.937649578,1080.458926,Loam,216,pomegranate
8.0,26.0,36.0,18.78359608,87.4024767,6.804781106,1025.184759,Sandy Loam,214,pomegranate
37.0,18.0,39.0,24.1469628,94.5110662,6.424670614,1102.316633,Red Volcanic,216,pomegranate
0.0,27.0,38.0,22.44581266,89.90147027,6.738016221,1093.905998,Red Volcanic,216,pomegranate
31.0,25.0,38.0,24.96273236,92.40501423,6.497366677,1094.169192,Red Volcanic,216,pomegranate
21.0,21.0,38.0,22.5526059,89.3259486,6.327673765,1048.955643,Sandy Loam,214,pomegranate
6.0,30.0,40.0,22.77035608,91.45498527,6.36137446,1069.659201,Loam,215,pomegranate
25.0,27.0,41.0,19.20090378,94.27659596,6.923509371,1080.423555,Sandy Loam,216,pomegranate
15.0,11.0,38.0,23.12808226,92.68328358,6.630646083,1093.930157,Loam,216,pomegranate
14.0,5.0,36.0,24.92639065,85.19098079,5.832525853,1047.693804,Red Volcanic,214,pomegranate
16.0,10.0,41.0,24.77464458,85.63608688,6.738993954,1057.595811,Red Volcanic,215,pomegranate
36.0,7.0,37.0,19.8671184,86.35590206,5.782435567,1083.168858,Sandy Loam,216,pomegranate
4.0,20.0,41.0,24.26601316,93.7974061,6.537042717,1045.375109,Sandy Loam,214,pomegranate
29.0,22.0,40.0,23.62600218,89.73266695,6.145104401,1076.836871,Loam,215,pomegranate
16.0,15.0,42.0,19.67832052,89.08935702,6.890784045,1085.468633,Loam,216,pomegranate
18.0,27.0,41.0,22.36509395,92.30882391,7.175344328,1048.216333,Sandy Loam,214,pomegranate
11.0,18.0,42.0,21.57936934,94.88267728,5.938528744,1028.593382,Loam,214,pomegranate
5.0,15.0,38.0,18.26233221,88.16779129,5.709380472,1080.756727,Sandy Loam,216,pomegranate
18.0,23.0,44.0,23.71028128,89.61794165,6.184400085,1056.499907,Loam,215,pomegranate
9.0,8.0,40.0,22.48720144,89.9224883,6.553509673,1116.631582,Sandy Loam,217,pomegranate
40.0,27.0,45.0,21.6602498,94.79397419,5.885638185,1124.349689,Sandy Loam,217,pomegranate
22.0,23.0,44.0,20.13037175,89.31505137,6.143874691,1073.416913,Sandy Loam,215,pomegranate
9.0,16.0,39.0,18.41164435,91.11927248,6.101198974,1051.834976,Loam,215,pomegranate
12.0,29.0,40.0,19.68291173,89.75272999,6.594037135,1112.818551,Loam,217,pomegranate
0.0,17.0,42.0,23.20242586,91.19442671,6.859840821,1090.946323,Loam,216,pomegranate
2.0,21.0,44.0,18.92157197,87.31290342,6.56893406,1028.013275,Sandy Loam,214,pomegranate
28.0,6.0,40.0,22.10621387,91.34039616,6.769855664,1068.704803,Loam,215,pomegranate
8.0,23.0,44.0,18.47412402,89.68919664,7.130837931,1084.758509,Loam,216,pomegranate
29.0,16.0,36.0,19.81069447,88.92944254,5.740338002,1028.60084,Sandy Loam,214,pomegranate
17.0,18.0,43.0,24.4880844,90.83687246,5.843005428,1031.969341,Red Volcanic,214,pomegranate
34.0,21.0,42.0,18.75927679,89.93457597,6.648687274,1110.196744,Sandy Loam,217,pomegranate
21.0,23.0,42.0,19.54128063,90.29751796,6.902751061,1043.739878,Loam,214,pomegranate
25.0,17.0,40.0,18.91251245,87.74938524,6.608023872,1112.800516,Sandy Loam,217,pomegranate
8.0,25.0,36.0,19.91330523,94.95031368,6.828522375,1040.277061,Red Volcanic,214,pomegranate
26.0,18.0,42.0,19.72620525,89.64934166,6.910374919,1082.287276,Sandy Loam,216,pomegranate
4.0,19.0,42.0,23.83185873,87.84034604,6.306605528,1112.232716,Loam,217,pomegranate
36.0,24.0,41.0,24.94467632,94.25702672,7.009180374,1038.799347,Red Volcanic,214,pomegranate
5.0,24.0,40.0,24.692258,93.87030088,6.297907579,1046.735454,Loam,214,pomegranate
19.0,17.0,39.0,24.72485577,85.56083187,6.728599215,1112.787584,Red Volcanic,217,pomegranate
39.0,30.0,38.0,20.12644921,87.59629625,6.965156738,1080.65579,Red Volcanic,216,pomegranate
5.0,29.0,44.0,21.02432943,93.0569505,5.578095745,1047.847006,Sandy Loam,214,pomegranate
4.0,24.0,43.0,22.40423537,88.1508343,7.199504273,1098.695196,Sandy Loam,216,pomegranate
38.0,21.0,35.0,20.33691147,89.38003827,5.841367187,1109.653137,Loam,216,pomegranate
37.0,11.0,36.0,24.24779615,85.56033312,6.710143266,1069.216033,Sandy Loam,215,pomegranate
9.0,25.0,41.0,24.81530144,91.90842992,5.972714857,1092.853418,Sandy Loam,216,pomegranate
29.0,22.0,43.0,19.66329768,87.95158129,5.561851831,1060.380805,Red Volcanic,215,pomegranate
5.0,21.0,38.0,22.43377991,90.3396556,6.107054808,1124.59697,Sandy Loam,217,pomegranate
22.0,26.0,38.0,22.92052307,85.12912161,6.988035315,1102.437841,Red Volcanic,216,pomegranate
4.0,18.0,37.0,22.91843172,85.40695044,7.13147457,1062.817706,Red Volcanic,215,pomegranate
21.0,6.0,41.0,24.88244467,89.39686219,7.086947687,1071.951707,Red Volcanic,215,pomegranate
29.0,21.0,45.0,23.40981539,93.13277,6.749260456,1052.240743,Loam,215,pomegranate
23.0,5.0,44.0,21.20725375,94.26304717,7.16300467,1075.660804,Loam,215,pomegranate
13.0,7.0,43.0,18.20230419,91.12282162,7.013481515,1096.623974,Loam,216,pomegranate
5.0,13.0,37.0,22.34375696,89.7870345,5.648243649,1033.183074,Red Volcanic,214,pomegranate
27.0,24.0,41.0,24.32770134,90.88292835,6.610251186,1104.606459,Loam,216,pomegranate
7.0,23.0,35.0,19.75088482,88.71691157,7.054313823,1025.538035,Loam,214,pomegranate
12.0,20.0,39.0,19.86173586,86.19740917,6.026999326,1110.217929,Sandy Loam,217,pomegranate
4.0,19.0,43.0,18.07132963,93.14554876,5.779427402,1063.602023,Loam,215,pomegranate
3.0,9.0,45.0,23.89162561,89.61850203,6.535244251,1046.17522,Loam,214,pomegranate
1.0,27.0,36.0,23.98598756,93.34236582,5.684995235,1049.91282,Red Volcanic,214,pomegranate
23.0,30.0,44.0,20.93892916,85.42912869,6.12476108,1030.295938,Red Volcanic,214,pomegranate
24.0,21.0,42.0,20.82210727,87.22815682,6.999014379,1094.429934,Red Volcanic,216,pomegranate
13.0,30.0,37.0,20.86474944,91.61793636,6.277148771,1068.685636,Red Volcanic,215,pomegranate
40.0,11.0,44.0,24.45840036,86.10874614,6.322396027,1113.779693,Red Volcanic,217,pomegranate
21.0,9.0,40.0,24.51147697,90.64498715,5.956401828,1056.209954,Red Volcanic,215,pomegranate
3.0,27.0,44.0,24.56811204,92.03009222,6.591302797,1109.633894,Loam,216,pomegranate
40.0,29.0,42.0,24.63228709,89.01574455,7.104094929,1106.956184,Red Volcanic,216,pomegranate
14.0,25.0,40.0,20.07386547,90.97819712,6.407872061,1037.084055,Red Volcanic,214,pomegranate
38.0,14.0,37.0,21.80523051,94.63612858,6.658402594,1026.488846,Sandy Loam,214,pomegranate
34.0,9.0,36.0,22.8122645,86.34233767,6.276038961,1104.432293,Loam,216,pomegranate
32.0,14.0,37.0,22.73031253,88.48567856,6.825256236,1046.843243,Loam,214,pomegranate
18.0,21.0,35.0,23.2801227,94.94330457,6.368560522,1111.382096,Loam,217,pomegranate
8.0,23.0,38.0,19.30106297,87.1775172,7.005410734,1054.766591,Red Volcanic,215,pomegranate
15.0,6.0,41.0,19.0087067,88.83768149,6.897368477,1086.793978,Red Volcanic,216,pomegranate
0.0,5.0,36.0,24.35193812,90.88612388,6.152906502,1055.29185,Red Volcanic,215,pomegranate
22.0,9.0,44.0,24.72235539,88.87651295,5.744361602,1121.926517,Sandy Loam,217,pomegranate
14.0,8.0,43.0,21.92513945,94.46485312,7.051654924,1117.162016,Red Volcanic,217,pomegranate
31.0,11.0,45.0,24.83954414,86.88738076,6.034612928,1076.435771,Sandy Loam,215,pomegranate
39.0,17.0,45.0,18.09691127,90.42177379,6.924490731,1048.8189,Loam,214,pomegranate
10.0,5.0,42.0,20.24104904,91.08706822,6.887005997,1092.537734,Red Volcanic,216,pomegranate
8.0,28.0,38.0,23.22594,94.42971362,6.8444019,1056.917856,Sandy Loam,215,pomegranate
32.0,13.0,42.0,23.50128217,92.97527546,5.786058032,1066.1905,Sandy Loam,215,pomegranate
18.0,9.0,40.0,19.44623085,89.02127045,5.627186257,1061.606833,Red Volcanic,215,pomegranate
20.0,27.0,41.0,20.51343484,92.51675903,5.700088663,1105.764023,Loam,216,pomegranate
39.0,25.0,36.0,18.90223032,94.99897537,5.567805185,1076.103211,Loam,215,pomegranate
20.0,7.0,45.0,18.90592319,89.24126808,6.077886012,1124.750941,Loam,217,pomegranate
11.0,10.0,45.0,22.63045168,88.45577158,6.397995609,1090.357597,Sandy Loam,216,pomegranate
40.0,18.0,43.0,19.38603815,86.79058496,5.767372539,1099.130984,Sandy Loam,216,pomegranate
3.0,26.0,39.0,24.38318965,91.19431555,7.079973241,1036.012114,Sandy Loam,214,pomegranate
9.0,16.0,36.0,23.77989026,92.93386903,5.893332378,1069.77723,Sandy Loam,215,pomegranate
30.0,20.0,38.0,22.59890174,93.16343942,7.058222596,1100.932899,Loam,216,pomegranate
40.0,9.0,41.0,24.37766782,85.4017118,5.78270695,1061.28338,Red Volcanic,215,pomegranate
40.0,30.0,35.0,20.89273273,91.07776977,6.269663963,1044.407083,Sandy Loam,214,pomegranate
32.0,25.0,35.0,18.09903225,85.70786282,5.892913826,1070.050976,Sandy Loam,215,pomegranate
33.0,23.0,45.0,20.00218987,85.83618191,7.116538883,1123.37046,Loam,217,pomegranate
4.0,14.0,41.0,19.85139326,89.80732335,6.430163481,1028.186358,Red Volcanic,214,pomegranate
13.0,17.0,45.0,21.25433607,92.65058936,7.159520979,1062.784673,Red Volcanic,215,pomegranate
39.0,24.0,39.0,23.65374106,93.32657504,6.431265737,1098.076178,Loam,216,pomegranate
8.0,28.0,37.0,23.88404783,86.20613842,6.082571701,1083.121789,Loam,216,pomegranate
91.0,94.0,46.0,29.36792366,76.24900101,6.149934034,928.2840911,Red Volcanic,293,banana
105.0,95.0,50.0,27.33368994,83.67675197,5.849076099,1010.494791,Loam,295,banana
108.0,92.0,53.0,27.40053601,82.96221306,6.276800323,1049.378,Red Volcanic,296,banana
86.0,76.0,54.0,29.3159075,80.11585705,5.926824754,901.0978128,Clay Loam,292,banana
80.0,77.0,49.0,26.05433004,79.39654531,5.519088423,1132.297373,Loam,298,banana
93.0,94.0,53.0,25.86632408,84.42379269,6.079178788,1145.357503,Loam,298,banana
90.0,92.0,55.0,27.00932084,80.18546798,6.13465588,973.2531705,Clay Loam,294,banana
108.0,89.0,53.0,29.55054817,78.06762846,5.808497604,993.4482238,Clay Loam,294,banana
108.0,88.0,55.0,26.28845991,83.390039,5.891458107,1138.729798,Clay Loam,298,banana
105.0,77.0,52.0,29.16226551,76.16151562,5.816622479,1000.075679,Red Volcanic,295,banana
118.0,88.0,52.0,28.65003945,82.68752542,5.843163161,987.5084366,Red Volcanic,294,banana
101.0,87.0,54.0,29.07311132,76.50045221,6.376756633,1001.692639,Loam,295,banana
95.0,75.0,50.0,28.08166093,75.26429821,5.623615687,1182.761894,Clay Loam,299,banana
106.0,85.0,53.0,27.1994597,78.8086068,5.91505509,997.2430835,Loam,294,banana
86.0,95.0,49.0,28.05484146,78.04602887,6.458714879,1083.957179,Loam,297,banana
83.0,79.0,55.0,25.14748006,83.34688193,5.565028635,986.6679427,Loam,294,banana
85.0,95.0,47.0,25.94019018,78.3422098,6.211833161,1198.4797,Loam,299,banana
109.0,79.0,45.0,27.66752761,79.68542782,6.490074429,1086.6464,Clay Loam,297,banana
100.0,76.0,45.0,25.56703012,75.94067692,5.590236025,1027.867717,Loam,295,banana
117.0,86.0,48.0,28.6956201,82.54195839,6.225225239,1161.616839,Clay Loam,299,banana
114.0,94.0,53.0,26.33544853,76.8532006,6.190757459,1186.858263,Clay Loam,299,banana
110.0,78.0,50.0,25.93730186,78.89864446,5.915568968,982.1747528,Red Volcanic,294,banana
94.0,70.0,48.0,25.13686519,84.88394407,6.195152442,914.6442491,Clay Loam,292,banana
80.0,71.0,47.0,27.50527651,80.79783998,6.156373499,1050.776992,Red Volcanic,296,banana
114.0,79.0,51.0,26.21009246,82.34429458,6.313197204,1120.700033,Clay Loam,298,banana
88.0,78.0,45.0,29.10403455,79.19588629,6.324270089,920.7835761,Clay Loam,293,banana
112.0,73.0,48.0,29.2440638,77.32017166,5.707488987,906.6727868,Clay Loam,292,banana
117.0,76.0,47.0,25.56202173,77.38229006,6.119216009,931.0247183,Red Volcanic,293,banana
111.0,87.0,48.0,26.3985515,81.36028902,5.571401169,981.6752001,Red Volcanic,294,banana
89.0,83.0,47.0,28.09577643,77.79586769,5.63127166,1095.408614,Loam,297,banana
93.0,91.0,47.0,27.84767901,83.31110751,6.101241579,1172.878912,Red Volcanic,299,banana
92.0,81.0,52.0,27.39341554,81.4654833,6.438137279,943.1102057,Red Volcanic,293,banana
105.0,74.0,45.0,25.14517635,81.38204104,6.098369122,1192.18154,Red Volcanic,299,banana
102.0,71.0,48.0,28.65456263,79.28693687,5.695267822,1024.633775,Red Volcanic,295,banana
94.0,91.0,51.0,29.16093424,76.67484233,5.618094446,1095.75944,Loam,297,banana
116.0,71.0,47.0,27.57278064,82.0638878,6.435785799,913.4276507,Red Volcanic,292,banana
117.0,79.0,49.0,25.40909896,82.36208097,6.176644228,1129.794804,Clay Loam,298,banana
119.0,72.0,55.0,25.99069521,83.33983116,6.220643671,1120.777152,Clay Loam,298,banana
99.0,73.0,53.0,26.29039046,81.06003778,5.871702211,1186.730366,Red Volcanic,299,banana
91.0,84.0,52.0,29.14827211,78.71024836,6.390741836,1175.36781,Red Volcanic,299,banana
80.0,90.0,47.0,26.59743595,79.35898915,6.21084479,1073.944717,Clay Loam,296,banana
101.0,70.0,48.0,25.36059237,75.03193255,6.012696655,1165.531455,Clay Loam,299,banana
108.0,89.0,53.0,29.12036889,80.18080728,5.908770059,1123.982055,Loam,298,banana
100.0,80.0,52.0,27.53911354,77.25629897,6.049801781,1103.262123,Clay Loam,297,banana
109.0,91.0,53.0,29.66727337,83.51014178,6.010095853,1102.511102,Clay Loam,297,banana
82.0,78.0,46.0,25.05802193,84.97323747,5.738678895,1104.408803,Red Volcanic,297,banana
106.0,70.0,55.0,25.86824781,78.52399914,5.74055541,1163.019555,Clay Loam,299,banana
90.0,86.0,52.0,25.85036988,81.95580471,5.793260262,1190.856171,Loam,299,banana
83.0,95.0,50.0,26.51682337,77.79913575,5.50947065,1088.547508,Clay Loam,297,banana
119.0,90.0,48.0,28.66725136,79.59242542,5.986442306,1182.583441,Red Volcanic,299,banana
107.0,72.0,45.0,28.14938935,81.54448882,5.790768046,914.0508414,Red Volcanic,292,banana
116.0,81.0,55.0,26.42313317,83.6995044,5.915546415,951.2322062,Clay Loam,293,banana
101.0,75.0,50.0,26.59386409,81.40740301,6.242528278,1099.825551,Red Volcanic,297,banana
93.0,81.0,50.0,27.71822477,76.57853189,6.036079266,1022.099836,Loam,295,banana
95.0,75.0,45.0,28.98333432,82.95958244,5.829898502,1090.22564,Loam,297,banana
107.0,71.0,55.0,29.42017919,83.96754496,6.088064451,1172.29079,Clay Loam,299,banana
83.0,94.0,47.0,27.39872329,81.10523402,6.469370954,1121.355384,Clay Loam,298,banana
102.0,73.0,54.0,26.4020227,84.41007614,5.720726906,1110.162259,Clay Loam,297,banana
86.0,79.0,45.0,27.81251452,82.69285419,5.80766417,992.0961514,Red Volcanic,294,banana
117.0,86.0,53.0,25.19640218,83.55829874,5.703381728,1158.586081,Loam,298,banana
111.0,79.0,53.0,28.31193338,75.77363772,6.165001278,1196.95765,Loam,299,banana
95.0,74.0,50.0,25.90113128,80.47152737,6.002481605,1101.0323,Red Volcanic,297,banana
91.0,75.0,55.0,27.48612983,76.11239849,6.212369363,1092.768851,Loam,297,banana
93.0,83.0,46.0,29.38254012,83.50423735,5.765308943,1092.486647,Clay Loam,297,banana
92.0,85.0,51.0,29.22118628,81.08183635,5.740764682,1088.616474,Clay Loam,297,banana
104.0,80.0,54.0,27.09062164,81.33506906,5.879119455,1101.331182,Clay Loam,297,banana
103.0,72.0,51.0,26.12643374,81.81365007,6.099478745,1044.812858,Loam,296,banana
92.0,75.0,45.0,29.01207743,77.95192527,5.674403359,904.3495443,Clay Loam,292,banana
93.0,85.0,49.0,27.96799119,79.28625709,5.694243847,1194.765557,Red Volcanic,299,banana
120.0,87.0,52.0,28.0764455,76.05522115,5.905494703,1189.923573,Red Volcanic,299,banana
108.0,72.0,46.0,25.16278237,84.97849241,6.110844721,909.4554618,Loam,292,banana
105.0,88.0,54.0,25.78749808,84.51194224,6.020445317,1142.005455,Red Volcanic,298,banana
98.0,79.0,50.0,25.34119774,84.47321314,6.435917308,910.6493353,Red Volcanic,292,banana
111.0,88.0,55.0,29.44795403,78.34971537,5.505393833,964.5042585,Loam,294,banana
97.0,74.0,45.0,26.47522633,78.51833782,5.677719902,1131.161095,Clay Loam,298,banana
95.0,82.0,48.0,27.39489579,83.31172003,5.719014989,927.8133617,Clay Loam,293,banana
89.0,91.0,55.0,25.08347445,80.261731,6.275572298,943.2961456,Clay Loam,293,banana
89.0,85.0,55.0,26.6719835,76.48541655,6.275384607,917.3358569,Loam,292,banana
118.0,88.0,51.0,25.44926208,79.49221962,6.201911642,1006.619171,Red Volcanic,295,banana
101.0,92.0,45.0,28.22776705,80.6430384,5.758054257,980.0403016,Clay Loam,294,banana
99.0,92.0,47.0,28.1279509,77.48247073,6.323933647,1035.045395,Clay Loam,295,banana
82.0,77.0,46.0,28.9470467,82.1888998,5.901100841,958.3016448,Loam,293,banana
90.0,86.0,55.0,27.96236771,84.15403614,5.644486582,975.5986676,Clay Loam,294,banana
95.0,88.0,52.0,28.00316034,78.90085998,6.235461772,946.8180316,Loam,293,banana
104.0,73.0,46.0,29.1400919,80.1190228,6.28236237,904.5142867,Red Volcanic,292,banana
102.0,73.0,52.0,27.9122104,83.36307683,6.356090905,902.4211529,Loam,292,banana
100.0,74.0,52.0,25.43480512,81.53977797,5.837258235,964.7800391,Loam,294,banana
94.0,89.0,48.0,28.55980972,84.51602322,5.653437902,1110.843029,Loam,297,banana
99.0,70.0,46.0,26.59580783,82.99556744,5.727469947,1005.123341,Loam,295,banana
112.0,87.0,48.0,27.19711623,77.3970629,6.200111068,994.6950465,Red Volcanic,294,banana
117.0,82.0,45.0,25.29391516,79.29122198,5.614471478,1054.220251,Red Volcanic,296,banana
96.0,86.0,51.0,29.90888522,76.98740841,6.257369799,919.9964712,Clay Loam,292,banana
113.0,85.0,45.0,27.94972463,76.63713353,6.037430836,1090.921631,Red Volcanic,297,banana
105.0,93.0,46.0,25.01018457,78.76260938,5.760457558,1083.690513,Red Volcanic,297,banana
85.0,89.0,51.0,29.21144871,84.70189923,6.158164422,1085.501443,Clay Loam,297,banana
108.0,94.0,47.0,27.35911627,84.54625006,6.387431383,908.1250457,Red Volcanic,292,banana
92.0,81.0,52.0,28.0106804,76.52808057,5.891413895,1037.040783,Loam,295,banana
110.0,71.0,54.0,28.67208915,82.20793613,5.725418961,943.7987496,Loam,293,banana
82.0,75.0,55.0,27.34585147,78.4873835,6.281069505,921.5524332,Clay Loam,293,banana
117.0,81.0,53.0,29.50704598,78.20585613,5.507641778,981.2565829,Clay Loam,294,banana
2.0,40.0,27.0,29.73770045,47.54885174,5.954626604,900.9586854,Loam,180,mango
39.0,24.0,31.0,33.55695561,53.72979826,4.757114897,986.7527561,Sandy Loam,182,mango
21.0,26.0,27.0,27.00315545,47.67525434,5.699586972,958.5118326,Red Volcanic,181,mango
25.0,22.0,25.0,33.56150184,45.53556603,5.977413803,957.0525913,Sandy Loam,181,mango
0.0,21.0,32.0,35.89855625,54.25964196,6.430139436,921.9721736,Loam,180,mango
20.0,19.0,35.0,34.17719782,50.62161586,6.113935087,980.0687989,Red Volcanic,182,mango
19.0,21.0,34.0,30.01592643,53.19212381,5.074272692,977.2843182,Red Volcanic,182,mango
18.0,17.0,31.0,31.74592134,45.16127859,5.667507706,937.5441586,Sandy Loam,181,mango
11.0,36.0,33.0,35.99009679,52.22780489,5.978634285,953.713484,Loam,181,mango
30.0,28.0,30.0,31.86641378,52.19331595,5.064613314,984.6768642,Sandy Loam,182,mango
18.0,19.0,27.0,27.75518664,52.34605806,4.772385986,941.1213345,Red Volcanic,181,mango
23.0,23.0,27.0,34.72413192,51.4271781,5.161148592,973.1258083,Sandy Loam,182,mango
37.0,30.0,34.0,27.53907547,53.63549533,6.797779227,993.5408185,Sandy Loam,183,mango
11.0,27.0,30.0,27.69637763,48.5622488,6.39474303,898.5646496,Loam,179,mango
12.0,19.0,31.0,27.25373364,52.66319725,5.566704378,918.7312479,Loam,180,mango
3.0,28.0,33.0,30.33723921,48.88704844,5.755049971,944.2850522,Red Volcanic,181,mango
37.0,38.0,32.0,31.85744939,45.53106268,5.417340525,915.5845821,Sandy Loam,180,mango
26.0,37.0,30.0,35.39986338,49.45962621,6.166173834,974.1054011,Sandy Loam,182,mango
14.0,18.0,30.0,29.80747243,52.13797867,5.191265116,957.4606104,Sandy Loam,181,mango
40.0,16.0,35.0,34.16438906,54.16482251,4.954739564,983.3351125,Red Volcanic,182,mango
4.0,20.0,25.0,28.93270187,47.94053996,5.664587011,999.834242,Red Volcanic,183,mango
36.0,25.0,33.0,27.98392787,53.33018851,5.548584852,996.1465679,Loam,183,mango
30.0,17.0,31.0,31.20478173,54.49960506,6.804437106,946.2954663,Loam,181,mango
28.0,37.0,28.0,32.13409675,50.52559148,6.097869767,986.3333684,Loam,182,mango
38.0,15.0,30.0,28.91862016,48.13974548,5.075504537,970.1331604,Sandy Loam,182,mango
12.0,37.0,30.0,31.09779147,47.41196659,4.546466109,902.8624348,Sandy Loam,180,mango
38.0,19.0,31.0,34.73823882,49.08864345,5.855119268,906.5022183,Loam,180,mango
8.0,33.0,29.0,29.98080499,49.48613279,6.442393461,918.2271568,Sandy Loam,180,mango
15.0,27.0,28.0,33.80398664,46.12866113,4.507523551,908.2549241,Loam,180,mango
34.0,16.0,25.0,30.07202564,50.96040505,6.10729559,920.9609766,Red Volcanic,180,mango
11.0,36.0,31.0,27.92063282,51.77965917,6.47544932,1002.585673,Loam,183,mango
33.0,29.0,34.0,31.40948821,49.21729127,6.832979509,929.9739415,Red Volcanic,180,mango
12.0,31.0,26.0,35.7877738,51.94190321,5.395275719,1002.160615,Sandy Loam,183,mango
12.0,34.0,28.0,33.36140093,45.02236377,6.13526938,988.1596545,Loam,182,mango
5.0,16.0,31.0,35.96054636,48.69677802,4.555688532,980.0644238,Sandy Loam,182,mango
1.0,30.0,29.0,28.33333307,51.39586505,6.434197756,916.7241761,Red Volcanic,180,mango
16.0,35.0,31.0,32.27652024,50.19368841,5.316875978,959.9487068,Red Volcanic,181,mango
35.0,18.0,26.0,31.99490489,50.84881347,5.279388967,973.8741498,Red Volcanic,182,mango
4.0,40.0,26.0,27.58258929,48.56916221,6.720041791,958.445641,Sandy Loam,181,mango
9.0,29.0,34.0,29.38471637,45.88744691,5.72742254,1008.124659,Sandy Loam,183,mango
2.0,38.0,33.0,32.38697531,53.2328243,4.691396195,902.1633216,Sandy Loam,180,mango
26.0,32.0,32.0,30.91471455,49.92963856,6.810186079,901.4047759,Sandy Loam,180,mango
34.0,38.0,31.0,35.37775595,45.58110023,6.454045329,974.1586402,Red Volcanic,182,mango
5.0,32.0,33.0,32.32362177,52.5896771,5.842763773,933.6718816,Red Volcanic,181,mango
31.0,29.0,26.0,28.22373428,47.40519056,5.024124684,977.6832322,Loam,182,mango
34.0,34.0,35.0,27.27433181,47.16808054,6.422710539,952.57992,Loam,181,mango
36.0,19.0,32.0,27.10710832,50.70880979,4.94295037,923.7238878,Sandy Loam,180,mango
7.0,17.0,26.0,34.89226666,48.75613373,6.414526606,916.3074547,Red Volcanic,180,mango
38.0,15.0,27.0,33.7462686,48.50387598,6.777788126,922.6439205,Red Volcanic,180,mango
5.0,19.0,25.0,27.3511056,54.43945147,6.441328044,962.7792547,Red Volcanic,182,mango
37.0,36.0,26.0,32.89300162,52.61323969,4.650536197,944.9161372,Loam,181,mango
21.0,31.0,32.0,35.38598705,51.42664176,5.254532213,902.9643888,Loam,180,mango
37.0,36.0,27.0,27.5529736,47.90859131,5.910634533,904.0332704,Red Volcanic,180,mango
23.0,23.0,30.0,32.82141065,47.45553843,4.755273631,908.9173106,Red Volcanic,180,mango
36.0,26.0,26.0,30.17294105,51.0845903,6.814630246,952.3444287,Red Volcanic,181,mango
24.0,33.0,35.0,29.26382931,54.82257868,5.342866119,1007.586226,Loam,183,mango
26.0,18.0,30.0,32.06097197,51.08494181,6.336234624,965.9816497,Red Volcanic,182,mango
22.0,17.0,26.0,28.69818144,47.71875722,4.754435025,996.42454,Red Volcanic,183,mango
11.0,34.0,32.0,29.14305008,49.40983294,6.831706773,975.5155537,Sandy Loam,182,mango
29.0,35.0,28.0,28.3471611,53.53903102,6.967417766,904.0260445,Sandy Loam,180,mango
22.0,28.0,26.0,27.67256197,45.41692012,4.947683034,928.4991507,Loam,180,mango
23.0,24.0,32.0,28.1218093,46.16888595,5.630619901,933.0247448,Red Volcanic,181,mango
1.0,35.0,34.0,30.79375683,46.69536813,6.27339822,922.1318555,Red Volcanic,180,mango
2.0,24.0,34.0,28.89409382,54.80750249,6.472774648,947.6322976,Sandy Loam,181,mango
39.0,37.0,25.0,33.33024826,45.61143594,6.953246506,982.8583013,Loam,182,mango
15.0,36.0,27.0,27.78912455,53.96886679,5.643710216,910.1152997,Sandy Loam,180,mango
3.0,18.0,31.0,31.65333432,48.20662669,6.392313973,910.9745581,Sandy Loam,180,mango
8.0,38.0,32.0,29.75150773,46.73723302,4.981816523,914.05983,Sandy Loam,180,mango
33.0,31.0,34.0,31.32995611,50.22287593,5.421265283,897.8216168,Sandy Loam,179,mango
14.0,29.0,32.0,35.63627319,48.97047762,6.942520105,975.1952041,Red Volcanic,182,mango
18.0,20.0,26.0,31.66524687,51.98594645,5.435840509,899.8024312,Red Volcanic,179,mango
9.0,21.0,32.0,32.26935342,53.56092806,5.870116071,959.4035356,Sandy Loam,181,mango
20.0,30.0,27.0,27.81005614,51.59445462,4.74910393,958.9898581,Loam,181,mango
9.0,38.0,25.0,34.58561471,50.34035336,5.497946899,1003.060719,Loam,183,mango
26.0,24.0,34.0,31.27180992,52.23810152,6.811291098,897.4409017,Loam,179,mango
31.0,36.0,29.0,33.93679864,52.72170281,6.460542749,974.611918,Loam,182,mango
14.0,18.0,35.0,31.09154239,47.02058367,4.791146778,914.6664318,Sandy Loam,180,mango
40.0,16.0,35.0,31.89356292,49.02450149,6.4841522,895.9371481,Red Volcanic,179,mango
28.0,27.0,34.0,32.45465292,50.69693751,6.526654345,950.4871605,Loam,181,mango
0.0,17.0,30.0,35.47478322,47.97230503,6.279133738,977.9072474,Sandy Loam,182,mango
1.0,29.0,29.0,27.32961444,49.30347234,6.052026047,935.3197359,Loam,181,mango
2.0,36.0,31.0,30.90225239,49.95955487,5.73171945,917.7522598,Loam,180,mango
12.0,27.0,26.0,29.09382275,45.5661059,5.32307197,962.3520043,Sandy Loam,182,mango
7.0,28.0,35.0,30.02086169,46.78393776,4.66910839,966.3721027,Red Volcanic,182,mango
0.0,36.0,26.0,34.13072188,51.25786185,5.101206389,963.8808001,Red Volcanic,182,mango
26.0,35.0,31.0,33.44619894,53.05980465,5.339556562,980.5089394,Sandy Loam,182,mango
27.0,21.0,30.0,35.3915464,52.48823147,5.061081874,912.2881052,Red Volcanic,180,mango
22.0,38.0,31.0,31.53356352,53.06009323,5.821106036,985.7025046,Sandy Loam,182,mango
22.0,18.0,31.0,30.7645515,47.93791463,5.956027059,903.8503469,Sandy Loam,180,mango
28.0,23.0,28.0,30.01821337,50.0983181,5.676032581,960.8745082,Sandy Loam,182,mango
7.0,31.0,27.0,31.32863689,47.59319575,6.524114355,946.7344737,Red Volcanic,181,mango
29.0,34.0,26.0,33.88004781,54.39416048,6.273953676,892.9147581,Sandy Loam,179,mango
8.0,37.0,33.0,28.07802689,54.9640534,6.128167757,974.5373619,Loam,182,mango
39.0,16.0,27.0,35.53845018,52.94641947,4.934964765,915.4560427,Red Volcanic,180,mango
40.0,24.0,25.0,28.70595247,50.44030129,5.445008416,958.946444,Red Volcanic,181,mango
19.0,38.0,26.0,31.48451729,48.77926304,4.525722333,931.7221967,Red Volcanic,181,mango
21.0,21.0,30.0,27.69819273,51.41593238,5.403908328,1007.720705,Red Volcanic,183,mango
22.0,18.0,33.0,30.41235793,52.48100602,6.621623545,939.2375879,Loam,181,mango
31.0,20.0,30.0,32.17752026,54.01352682,6.207495815,918.8766069,Red Volcanic,180,mango
18.0,26.0,31.0,32.6112614,47.74916499,5.418475257,911.0190759,Red Volcanic,180,mango
24.0,130.0,195.0,29.99677232,81.54156612,6.112305667,671.2534492,Sandy Loam,164,grapes
13.0,144.0,204.0,30.7280404,82.42614055,6.092241627,683.8135469,Red Volcanic,165,grapes
22.0,123.0,205.0,32.44577836,83.88504863,5.896343436,687.3932528,Loam,166,grapes
36.0,125.0,196.0,37.46566825,80.65968681,6.15526103,668.3872293,Loam,168,grapes
24.0,131.0,196.0,22.03296178,83.74372787,5.732453638,653.4440794,Loam,161,grapes
2.0,123.0,198.0,39.64851881,82.21079946,6.253034534,703.9906054,Loam,169,grapes
35.0,140.0,197.0,16.77557314,82.75241875,6.106190557,667.6285469,Red Volcanic,158,grapes
11.0,122.0,195.0,12.14190714,83.56812483,5.647202395,696.3122027,Red Volcanic,156,grapes
6.0,123.0,203.0,12.7567962,81.62497448,6.130310493,667.7844567,Loam,156,grapes
17.0,134.0,204.0,39.04071989,80.18393287,6.499604931,738.8467027,Loam,169,grapes
25.0,130.0,197.0,39.70772192,82.68593454,5.554831977,749.1506217,Red Volcanic,169,grapes
27.0,145.0,205.0,9.467960445,82.29335466,5.800242694,660.2765219,Loam,154,grapes
9.0,122.0,201.0,29.58748357,80.91934392,5.570290539,680.6417307,Sandy Loam,164,grapes
16.0,139.0,203.0,17.82803682,80.96093443,6.27564088,658.4748763,Loam,158,grapes
32.0,141.0,204.0,8.825674745,82.89753705,5.536645599,672.35765,Loam,154,grapes
22.0,138.0,195.0,27.83487131,83.51444973,6.208196881,730.2882766,Sandy Loam,163,grapes
31.0,144.0,202.0,11.02105378,80.55557235,5.870600622,682.3963161,Sandy Loam,155,grapes
3.0,136.0,205.0,17.5862944,80.84806564,6.334771461,714.065452,Red Volcanic,158,grapes
28.0,122.0,197.0,19.89363946,82.73366439,5.856575335,696.6256816,Red Volcanic,159,grapes
4.0,136.0,204.0,29.93707596,81.77713468,5.898944282,655.2279323,Sandy Loam,164,grapes
39.0,145.0,201.0,36.73126647,80.58931938,5.775600435,722.4230804,Sandy Loam,168,grapes
38.0,132.0,197.0,20.42094753,81.54185044,5.931101816,669.3065667,Red Volcanic,160,grapes
36.0,133.0,198.0,25.51939719,83.98351748,6.2286454,691.7281221,Loam,162,grapes
25.0,121.0,201.0,30.50734778,82.71775569,5.594240603,700.8200379,Sandy Loam,165,grapes
15.0,125.0,199.0,18.4269936,80.55625868,5.569230319,697.5734306,Red Volcanic,159,grapes
24.0,140.0,205.0,12.087022,83.59398734,5.93202852,686.6813363,Loam,156,grapes
13.0,132.0,203.0,23.60115364,82.48336987,6.423216506,732.3901752,Sandy Loam,161,grapes
5.0,126.0,197.0,12.80000387,81.20876367,6.417500829,671.0439401,Loam,156,grapes
30.0,120.0,200.0,38.06099482,82.24729637,6.234904253,657.0148216,Red Volcanic,169,grapes
23.0,142.0,197.0,39.06555518,82.03812973,6.000573725,693.0772897,Sandy Loam,169,grapes
26.0,135.0,203.0,33.78372897,81.16314317,5.685102769,745.3557341,Loam,166,grapes
7.0,126.0,203.0,16.76201707,82.00335557,5.662140095,732.8712806,Sandy Loam,158,grapes
32.0,139.0,198.0,35.89307536,82.66850729,6.358186848,665.3946559,Loam,167,grapes
9.0,141.0,202.0,21.01245395,81.17931863,6.119495295,663.8448261,Red Volcanic,160,grapes
20.0,142.0,196.0,10.89875873,80.01639435,6.207600783,686.9420397,Red Volcanic,155,grapes
32.0,129.0,201.0,16.36251869,83.00471609,6.48754639,715.5665483,Sandy Loam,158,grapes
3.0,134.0,199.0,20.28370163,81.32235739,5.81717753,710.6611222,Loam,160,grapes
38.0,138.0,204.0,25.11108456,83.25447587,6.325480034,730.1026829,Sandy Loam,162,grapes
14.0,131.0,198.0,33.4641162,83.86742974,5.562790949,679.2204319,Sandy Loam,166,grapes
20.0,122.0,204.0,11.7976469,80.86325389,6.487369687,650.6962486,Loam,155,grapes
40.0,126.0,201.0,11.36300891,80.03100049,6.116982944,711.8289431,Loam,155,grapes
36.0,128.0,204.0,25.23542319,80.68700527,5.695792761,670.3840888,Loam,162,grapes
11.0,132.0,197.0,15.99050693,81.23966573,5.734317007,744.0198861,Red Volcanic,157,grapes
0.0,137.0,195.0,22.4359017,80.18612085,6.329499832,653.973168,Sandy Loam,161,grapes
19.0,123.0,200.0,34.76086052,81.03544763,6.167013532,657.0430027,Sandy Loam,167,grapes
31.0,136.0,197.0,31.11047251,83.34010951,5.653776058,714.3001582,Red Volcanic,165,grapes
4.0,134.0,200.0,28.57828803,80.95628959,5.840256272,733.4232097,Loam,164,grapes
39.0,139.0,201.0,41.18664903,81.01783402,5.539980812,686.8895899,Red Volcanic,170,grapes
8.0,127.0,196.0,27.02766138,83.17093908,5.833302165,709.5666003,Red Volcanic,163,grapes
39.0,138.0,203.0,21.19339319,82.33098331,6.399433771,746.2834921,Red Volcanic,160,grapes
32.0,120.0,204.0,10.38004759,83.44518113,6.138958698,673.917379,Sandy Loam,155,grapes
12.0,142.0,203.0,31.3115978,82.56407013,5.972850838,650.1095312,Red Volcanic,165,grapes
8.0,133.0,195.0,20.46657776,80.97598029,6.456079585,712.9813872,Sandy Loam,160,grapes
8.0,139.0,199.0,29.36947679,81.53996362,6.336426667,661.3442813,Sandy Loam,164,grapes
21.0,134.0,202.0,10.72302459,80.02130636,6.425419926,652.982112,Sandy Loam,155,grapes
40.0,140.0,195.0,14.97846952,80.49979873,6.294395676,716.3437433,Loam,157,grapes
39.0,127.0,202.0,15.3246651,81.67215994,6.477768039,716.0102999,Sandy Loam,157,grapes
19.0,120.0,195.0,18.73932187,81.12109244,5.931538447,735.5807954,Sandy Loam,159,grapes
21.0,139.0,201.0,19.3642553,83.36094029,5.980598579,671.5094741,Loam,159,grapes
17.0,136.0,195.0,41.20733624,81.61051026,6.389783283,659.0227462,Sandy Loam,170,grapes
33.0,139.0,203.0,33.34214482,82.51034633,5.693287415,706.8098614,Red Volcanic,166,grapes
22.0,133.0,201.0,23.81995682,80.12211649,6.00299607,672.739864,Red Volcanic,161,grapes
32.0,130.0,196.0,40.66012294,81.24995984,6.372959542,740.3030056,Sandy Loam,170,grapes
37.0,135.0,205.0,11.82768186,80.2827185,5.510924849,741.0225057,Loam,155,grapes
15.0,140.0,195.0,13.28504331,83.54193816,5.69945282,658.0006004,Red Volcanic,156,grapes
39.0,132.0,196.0,35.83089092,83.32560104,5.778594403,736.7984885,Loam,167,grapes
40.0,121.0,199.0,26.18159716,81.03886263,6.315586313,660.5911698,Loam,163,grapes
40.0,132.0,202.0,24.57558351,80.70695797,5.971813006,697.06113,Red Volcanic,162,grapes
29.0,142.0,203.0,29.67229086,83.71498986,5.891195653,664.8490371,Loam,164,grapes
32.0,121.0,199.0,39.37102553,81.25353895,6.129812716,740.8101744,Red Volcanic,169,grapes
6.0,140.0,205.0,17.66558428,82.92903419,6.313085601,698.671263,Loam,158,grapes
8.0,120.0,196.0,24.06679352,82.66396666,6.053662544,698.1855775,Red Volcanic,162,grapes
34.0,133.0,202.0,15.31413469,80.09711412,5.804799142,748.2144653,Sandy Loam,157,grapes
35.0,135.0,199.0,21.77466746,80.54942557,6.400719746,693.9630398,Red Volcanic,160,grapes
16.0,145.0,199.0,26.91624843,80.76838926,5.953966361,693.0927185,Red Volcanic,163,grapes
8.0,136.0,201.0,41.65602996,82.22118237,5.609255992,741.9664838,Red Volcanic,170,grapes
25.0,129.0,195.0,17.98667801,81.17712085,5.777271492,723.7127689,Red Volcanic,158,grapes
16.0,130.0,201.0,29.12033769,82.79092939,5.682395429,688.503047,Loam,164,grapes
39.0,129.0,203.0,34.38922481,83.18392806,5.863996687,710.3001556,Sandy Loam,167,grapes
38.0,135.0,203.0,41.36106301,82.79782954,6.444373116,699.2107482,Red Volcanic,170,grapes
33.0,120.0,205.0,35.12158265,82.26890793,5.550832178,697.1518491,Loam,167,grapes
35.0,125.0,204.0,19.6491772,80.15215777,6.107741788,736.9529586,Sandy Loam,159,grapes
1.0,132.0,200.0,16.27852801,82.94270065,5.620745638,665.7462809,Sandy Loam,158,grapes
39.0,140.0,203.0,21.11903604,80.63399198,6.349875906,692.7779761,Sandy Loam,160,grapes
28.0,145.0,202.0,19.2077707,82.9042841,6.484323189,668.3113717,Sandy Loam,159,grapes
6.0,128.0,200.0,25.96308415,82.57813624,5.838748311,703.1782647,Red Volcanic,162,grapes
6.0,139.0,199.0,25.67385024,81.6212135,6.29099842,741.0919422,Red Volcanic,162,grapes
29.0,122.0,196.0,41.94865736,81.15595212,5.638328481,730.6862952,Loam,170,grapes
37.0,144.0,197.0,11.18994268,80.8084305,6.415555956,663.4234944,Loam,155,grapes
38.0,120.0,197.0,17.5438296,82.94703302,6.323722572,737.7063744,Loam,158,grapes
38.0,141.0,198.0,13.05809741,80.28297993,5.757009965,707.5633584,Sandy Loam,156,grapes
14.0,121.0,203.0,9.724457611,83.74765639,6.158689406,744.6411148,Sandy Loam,154,grapes
6.0,125.0,204.0,27.92004934,82.93262435,5.733539807,699.2092839,Red Volcanic,163,grapes
32.0,138.0,197.0,9.535585543,80.73112694,5.908724337,694.4115171,Sandy Loam,154,grapes
11.0,124.0,204.0,13.42988625,80.06633966,6.361141107,714.0043037,Sandy Loam,156,grapes
23.0,138.0,200.0,9.851242629,80.22631717,5.96537863,684.2802444,Sandy Loam,154,grapes
40.0,143.0,201.0,24.97256132,82.72828653,6.476757723,667.0016285,Loam,162,grapes
6.0,142.0,202.0,27.23708304,82.94573346,6.224542938,704.2508897,Loam,163,grapes
37.0,124.0,195.0,18.70679077,83.4795292,6.209928251,665.964488,Red Volcanic,159,grapes
35.0,134.0,204.0,9.949929082,82.55138983,5.841138354,660.0817551,Sandy Loam,154,grapes
119.0,25.0,51.0,26.47330219,80.92254421,6.283818329,536.5742581,Loam,88,watermelon
119.0,19.0,55.0,25.18780042,83.44621709,6.818261383,468.7420883,Sandy Loam,88,watermelon
105.0,30.0,50.0,25.29954705,81.77527562,6.37620108,570.4147057,Sandy Loam,88,watermelon
114.0,8.0,50.0,24.74631269,88.30866319,6.581587932,579.5826144,Sandy Loam,88,watermelon
93.0,22.0,52.0,26.58740671,81.32563243,6.932739726,418.7540028,Loam,88,watermelon
80.0,26.0,55.0,24.53442564,88.989272,6.140099215,491.1618732,Sandy Loam,88,watermelon
85.0,27.0,45.0,26.0713757,88.7285657,6.467095849,577.9652846,Loam,88,watermelon
85.0,22.0,53.0,25.96534238,89.77076659,6.849471704,594.6338556,Sandy Loam,88,watermelon
82.0,22.0,45.0,26.22338015,85.34866045,6.512196212,546.0159289,Sandy Loam,88,watermelon
118.0,13.0,54.0,24.41311871,89.81574032,6.039584629,440.7843475,Sandy Loam,88,watermelon
83.0,25.0,53.0,26.49195283,80.04678201,6.057697106,577.2799157,Loam,88,watermelon
86.0,15.0,47.0,24.04355803,84.18406764,6.423898762,537.8929956,Sandy Loam,88,watermelon
101.0,10.0,47.0,25.5421695,83.31883376,6.936997681,575.7343233,Loam,88,watermelon
119.0,9.0,50.0,26.74550678,83.9195902,6.251286661,407.94305,Loam,88,watermelon
104.0,17.0,46.0,25.7131428,80.22972777,6.190015912,430.8961827,Loam,88,watermelon
95.0,12.0,51.0,25.76484262,84.1726996,6.681606702,442.2066914,Sandy Loam,88,watermelon
102.0,14.0,52.0,26.79489868,89.64815231,6.51075991,577.4091817,Sandy Loam,88,watermelon
109.0,21.0,55.0,24.9004602,89.73524177,6.770278088,574.4942094,Sandy Loam,88,watermelon
81.0,18.0,50.0,26.80750629,88.22874955,6.429788073,587.9889057,Sandy Loam,88,watermelon
103.0,17.0,51.0,25.11189154,80.02621335,6.209888345,442.0656987,Loam,88,watermelon
105.0,14.0,50.0,26.2148837,87.6883982,6.419052193,596.5590798,Loam,88,watermelon
97.0,8.0,52.0,24.9103226,86.97190046,6.237861736,494.8575692,Loam,88,watermelon
120.0,19.0,49.0,25.79448878,84.26830701,6.762471629,564.5229202,Sandy Loam,88,watermelon
95.0,16.0,55.0,25.26931156,87.55055105,6.612847999,401.2650421,Loam,88,watermelon
83.0,29.0,52.0,25.76402693,87.5931128,6.704688865,460.5122728,Sandy Loam,88,watermelon
83.0,9.0,45.0,25.85483596,89.13163965,6.049609892,468.5176955,Loam,88,watermelon
91.0,21.0,50.0,24.33528185,81.44030363,6.762030215,483.2113628,Sandy Loam,88,watermelon
116.0,5.0,54.0,25.37601283,80.99313508,6.65398725,572.3028471,Sandy Loam,88,watermelon
112.0,28.0,54.0,24.86094646,85.05318563,6.738030547,552.9563514,Loam,88,watermelon
88.0,29.0,51.0,24.71885473,88.94568335,6.095689937,484.5978627,Loam,88,watermelon
118.0,15.0,45.0,24.21495706,84.20576992,6.538006356,480.1138482,Loam,88,watermelon
92.0,21.0,48.0,25.81692236,82.043255,6.377427122,548.2963379,Loam,88,watermelon
106.0,14.0,45.0,24.47018505,84.16390229,6.417011754,572.6773002,Sandy Loam,88,watermelon
99.0,5.0,47.0,24.13078816,84.84494575,6.649086972,511.9470197,Loam,88,watermelon
98.0,8.0,51.0,26.1793464,86.52258079,6.25933595,494.3050977,Loam,88,watermelon
108.0,22.0,46.0,26.17668721,86.7295205,6.121168559,533.3484977,Loam,88,watermelon
119.0,7.0,55.0,26.03867719,84.6378378,6.031424482,443.993381,Sandy Loam,88,watermelon
117.0,27.0,48.0,26.53259325,82.39053979,6.835268184,543.0660782,Sandy Loam,88,watermelon
109.0,10.0,53.0,26.81938687,87.8274604,6.551750306,460.6193778,Loam,88,watermelon
80.0,16.0,46.0,25.50405534,81.40297428,6.940236218,484.7833278,Sandy Loam,88,watermelon
100.0,18.0,52.0,26.20234499,80.38266489,6.87606733,564.7941847,Loam,88,watermelon
91.0,7.0,53.0,25.13735887,89.28272716,6.457216535,435.2897517,Sandy Loam,88,watermelon
86.0,6.0,53.0,25.92030221,83.47202566,6.921847888,421.0681516,Sandy Loam,88,watermelon
107.0,5.0,52.0,26.6634609,89.98405233,6.881425746,574.0847165,Sandy Loam,88,watermelon
103.0,16.0,49.0,24.06731461,81.64075303,6.915717008,517.5212401,Sandy Loam,88,watermelon
101.0,20.0,48.0,24.6774157,82.75411437,6.206247494,570.5709413,Loam,88,watermelon
85.0,25.0,47.0,26.11440416,87.64081095,6.29542477,584.8160844,Loam,88,watermelon
84.0,7.0,51.0,26.81530456,87.65694462,6.399669044,557.4073582,Loam,88,watermelon
102.0,28.0,54.0,25.15623099,80.27525115,6.862157042,554.9541453,Sandy Loam,88,watermelon
98.0,25.0,52.0,25.2801372,83.15393658,6.224066378,492.9456609,Loam,88,watermelon
97.0,25.0,50.0,26.22005978,80.90127035,6.093814669,490.8553937,Loam,88,watermelon
90.0,16.0,45.0,24.92093261,80.61750795,6.291540278,505.5710813,Loam,88,watermelon
95.0,12.0,46.0,26.21667586,81.01009354,6.32281728,546.5423596,Sandy Loam,88,watermelon
82.0,23.0,49.0,26.81383586,87.21986949,6.873283991,517.0497792,Sandy Loam,88,watermelon
82.0,25.0,51.0,24.31334971,87.47409052,6.074209622,481.1248366,Sandy Loam,88,watermelon
110.0,28.0,46.0,24.29105004,88.04541346,6.49889585,512.6046418,Loam,88,watermelon
118.0,21.0,51.0,24.42998931,86.33904774,6.678805092,485.8241822,Loam,88,watermelon
120.0,20.0,45.0,25.66576039,88.6984228,6.114128685,542.2722466,Loam,88,watermelon
91.0,7.0,52.0,25.07803672,83.46230461,6.405054243,563.9962921,Sandy Loam,88,watermelon
81.0,6.0,55.0,24.88910524,85.87059083,6.110142735,517.0699144,Sandy Loam,88,watermelon
101.0,13.0,54.0,25.42900869,82.91481799,6.828982708,563.4144589,Loam,88,watermelon
101.0,17.0,55.0,24.37118217,87.1269128,6.451499764,446.3907691,Sandy Loam,88,watermelon
111.0,6.0,53.0,26.4930645,88.59143088,6.313512999,460.6382209,Sandy Loam,88,watermelon
107.0,10.0,49.0,25.83202912,89.00481725,6.755192025,452.4690619,Sandy Loam,88,watermelon
115.0,11.0,46.0,24.41592661,89.39655519,6.623167177,403.2161859,Sandy Loam,88,watermelon
84.0,25.0,52.0,24.37190239,81.2514818,6.12532356,442.0899581,Loam,88,watermelon
120.0,7.0,47.0,24.24782473,83.03687902,6.653867608,547.657624,Sandy Loam,88,watermelon
91.0,12.0,46.0,24.64458469,85.49938185,6.343942518,483.1219031,Sandy Loam,88,watermelon
89.0,22.0,52.0,24.89681131,86.10782926,6.217300786,531.4626213,Sandy Loam,88,watermelon
113.0,19.0,46.0,25.41864024,81.12122989,6.286387658,495.2320689,Sandy Loam,88,watermelon
97.0,22.0,50.0,26.26028739,86.14585891,6.7698938,589.7878791,Loam,88,watermelon
117.0,30.0,50.0,24.90123934,87.20772913,6.744966312,465.9207341,Loam,88,watermelon
90.0,14.0,52.0,24.84740848,89.20454622,6.391858432,596.7927244,Sandy Loam,88,watermelon
104.0,23.0,47.0,26.98212846,86.70068316,6.770434148,429.1292205,Sandy Loam,88,watermelon
81.0,16.0,45.0,26.90435747,86.25426228,6.727468157,597.5980023,Sandy Loam,88,watermelon
88.0,5.0,47.0,25.86475496,86.67468041,6.662244646,411.6554802,Sandy Loam,88,watermelon
92.0,7.0,45.0,26.70607759,81.14149505,6.944640222,515.1033554,Sandy Loam,88,watermelon
81.0,18.0,50.0,26.44019475,80.91934337,6.507110986,478.1847573,Sandy Loam,88,watermelon
111.0,5.0,55.0,26.283443,84.42478917,6.520663422,507.8669728,Loam,88,watermelon
108.0,23.0,51.0,26.84366082,83.85039964,6.106500787,402.28644,Sandy Loam,88,watermelon
113.0,30.0,50.0,26.03967219,83.9862443,6.277484043,438.7712348,Loam,88,watermelon
83.0,10.0,53.0,24.92994759,85.00802358,6.195142279,487.5859458,Loam,88,watermelon
101.0,11.0,51.0,25.50736962,84.24340241,6.792035575,442.068997,Sandy Loam,88,watermelon
114.0,21.0,55.0,25.4438391,87.9392312,6.472756256,575.1549686,Loam,88,watermelon
99.0,6.0,45.0,26.12588914,86.5507939,6.000975617,407.1210074,Loam,88,watermelon
92.0,20.0,55.0,25.10474753,87.5267616,6.587791262,592.6519444,Loam,88,watermelon
92.0,7.0,48.0,26.27520631,86.63249555,6.956508826,543.8748495,Loam,88,watermelon
91.0,24.0,55.0,26.27061608,83.09194521,6.259086583,467.6837499,Loam,88,watermelon
110.0,21.0,54.0,26.73690828,87.82430156,6.747537642,474.6447019,Loam,88,watermelon
112.0,25.0,51.0,25.04746944,85.5667282,6.932537231,567.2496677,Sandy Loam,88,watermelon
89.0,25.0,54.0,24.69368934,85.56967628,6.353107393,489.9390828,Loam,88,watermelon
100.0,10.0,53.0,24.54356968,84.60808277,6.211748957,420.0660251,Loam,88,watermelon
83.0,22.0,54.0,25.89762315,81.96664832,6.277245254,544.9960057,Loam,88,watermelon
95.0,14.0,50.0,26.6333118,84.31756844,6.560443519,563.1866159,Sandy Loam,88,watermelon
119.0,30.0,49.0,25.35794749,80.45846265,6.903020221,477.2078245,Loam,88,watermelon
97.0,12.0,47.0,25.28784623,89.63667876,6.765094964,582.8697664,Sandy Loam,88,watermelon
110.0,7.0,45.0,26.63838589,84.69546874,6.189213927,483.2428609,Loam,88,watermelon
96.0,18.0,50.0,25.3310446,84.30533791,6.904241707,415.3218699,Sandy Loam,88,watermelon
83.0,23.0,55.0,26.89750174,83.89241484,6.463271076,439.7193745,Sandy Loam,88,watermelon
120.0,24.0,47.0,26.98603693,89.4138489,6.260838965,585.4876687,Loam,88,watermelon
115.0,17.0,55.0,27.57826922,94.11878202,6.776533055,280.8253201,Loam,89,muskmelon
114.0,27.0,48.0,27.82054812,93.03555162,6.528404378,263.2405487,Sandy Loam,89,muskmelon
101.0,25.0,52.0,29.09910406,94.22237826,6.750145572,225.2497327,Loam,89,muskmelon
118.0,18.0,52.0,28.04943594,90.83130708,6.562832807,207.6223014,Sandy Loam,89,muskmelon
95.0,26.0,45.0,29.91690582,94.55695552,6.117530021,281.6057247,Sandy Loam,89,muskmelon
81.0,25.0,49.0,29.86895762,93.25103208,6.076459669,262.6243014,Sandy Loam,89,muskmelon
117.0,24.0,53.0,29.17220859,92.21405224,6.293486295,213.0290472,Sandy Loam,89,muskmelon
114.0,30.0,51.0,29.24908541,90.06998135,6.069171847,259.3496537,Sandy Loam,89,muskmelon
113.0,6.0,52.0,27.76317235,90.35567642,6.740983646,252.1609113,Loam,89,muskmelon
108.0,26.0,52.0,28.82629037,94.26765349,6.201797639,262.3838511,Sandy Loam,89,muskmelon
81.0,30.0,48.0,28.52379742,92.09688432,6.041027474,298.6681385,Sandy Loam,89,muskmelon
115.0,9.0,52.0,29.06785065,90.97685539,6.019372459,291.194739,Loam,89,muskmelon
83.0,7.0,45.0,29.08417927,90.73891887,6.704104127,253.3014238,Sandy Loam,89,muskmelon
84.0,21.0,55.0,28.47090661,94.79453182,6.494251024,210.8484101,Loam,89,muskmelon
109.0,26.0,45.0,28.27973674,90.38971208,6.224535449,215.8992507,Loam,89,muskmelon
95.0,27.0,55.0,28.47212559,91.21322065,6.160414414,208.8620369,Loam,89,muskmelon
119.0,5.0,55.0,29.68846716,94.30111601,6.168757984,268.3924845,Sandy Loam,89,muskmelon
110.0,14.0,51.0,27.02415146,91.66737633,6.085444691,212.6034986,Sandy Loam,89,muskmelon
82.0,18.0,48.0,29.09588297,94.16748386,6.159050816,267.0581328,Sandy Loam,89,muskmelon
87.0,14.0,48.0,29.69238699,92.58862544,6.606033244,291.102594,Loam,89,muskmelon
85.0,9.0,53.0,28.20619412,92.86798698,6.447662945,287.8654515,Sandy Loam,89,muskmelon
100.0,6.0,53.0,29.05248036,93.92217834,6.105909623,236.6620626,Loam,89,muskmelon
107.0,12.0,46.0,29.57240298,93.61870344,6.559763394,275.6918621,Sandy Loam,89,muskmelon
91.0,13.0,47.0,29.10968327,92.43510994,6.14410903,279.5602304,Loam,89,muskmelon
102.0,25.0,50.0,28.20480805,92.91440379,6.099662369,203.6001144,Sandy Loam,89,muskmelon
117.0,25.0,53.0,29.11858526,92.12543021,6.413927319,245.2020164,Sandy Loam,89,muskmelon
85.0,21.0,52.0,29.62800691,90.10051615,6.075144116,236.9586761,Sandy Loam,89,muskmelon
104.0,25.0,55.0,29.81196601,90.36881284,6.123802502,226.8766503,Loam,89,muskmelon
102.0,24.0,54.0,27.72338349,90.93897939,6.698468621,228.1863447,Loam,89,muskmelon
116.0,25.0,50.0,29.26092798,92.92367701,6.088885814,287.0627683,Sandy Loam,89,muskmelon
100.0,17.0,48.0,29.72791119,94.29753295,6.367800632,265.2364146,Sandy Loam,89,muskmelon
110.0,25.0,54.0,28.91105641,90.78413842,6.425930938,234.4398467,Loam,89,muskmelon
104.0,25.0,51.0,28.96361426,93.88482153,6.469983276,235.6130173,Loam,89,muskmelon
107.0,11.0,54.0,28.59052369,91.33617236,6.094016338,294.4008034,Loam,89,muskmelon
98.0,26.0,52.0,27.33897716,90.69759008,6.150090899,286.9113835,Sandy Loam,89,muskmelon
88.0,17.0,52.0,29.90415889,90.75284363,6.646962425,253.7828397,Loam,89,muskmelon
87.0,25.0,46.0,27.42711692,90.02696201,6.379690748,217.508774,Sandy Loam,89,muskmelon
120.0,8.0,46.0,29.55657523,90.70937262,6.732834334,283.6535596,Loam,89,muskmelon
95.0,13.0,46.0,29.84070774,93.76312893,6.126019932,232.8207838,Sandy Loam,89,muskmelon
108.0,22.0,47.0,28.53545677,91.72742702,6.161123579,251.290048,Loam,89,muskmelon
82.0,13.0,52.0,27.11535046,94.86907886,6.442810053,265.1924782,Loam,89,muskmelon
120.0,23.0,55.0,27.84492803,91.60666594,6.732049075,264.7844429,Loam,89,muskmelon
110.0,22.0,47.0,29.03157242,91.82172592,6.243673725,249.3861254,Loam,89,muskmelon
95.0,23.0,45.0,27.82424457,90.56698742,6.266208727,211.9014526,Loam,89,muskmelon
106.0,10.0,49.0,27.72653142,92.00687531,6.350623739,202.1126747,Sandy Loam,89,muskmelon
99.0,12.0,52.0,28.69708334,94.30759855,6.002927293,222.1807088,Loam,89,muskmelon
106.0,20.0,51.0,29.73019662,90.97015715,6.342573112,204.9035619,Loam,89,muskmelon
83.0,11.0,53.0,29.54097171,92.91778307,6.163921248,219.653077,Loam,89,muskmelon
117.0,19.0,55.0,28.80311922,91.78336933,6.121745389,251.6359891,Sandy Loam,89,muskmelon
98.0,26.0,49.0,27.29035669,90.53330091,6.130160473,234.9535234,Loam,89,muskmelon
113.0,20.0,48.0,27.46583649,94.87679041,6.440584681,272.7899847,Sandy Loam,89,muskmelon
101.0,17.0,47.0,29.49401389,94.72981338,6.185053234,263.0820876,Loam,89,muskmelon
98.0,7.0,45.0,27.79161808,92.51054946,6.157724816,268.5422624,Loam,89,muskmelon
93.0,22.0,48.0,29.12533739,91.52291141,6.776987974,219.0440445,Sandy Loam,89,muskmelon
95.0,21.0,47.0,27.93114233,93.56161439,6.431970877,206.6127836,Loam,89,muskmelon
109.0,12.0,48.0,29.45771748,92.12534736,6.708743843,207.6212031,Sandy Loam,89,muskmelon
118.0,12.0,47.0,27.96872279,92.17444796,6.010739645,289.4766949,Sandy Loam,89,muskmelon
100.0,14.0,49.0,29.48882958,91.07574233,6.365956658,260.1909355,Loam,89,muskmelon
89.0,9.0,47.0,29.47156259,90.77069618,6.668382766,287.5226067,Sandy Loam,89,muskmelon
95.0,16.0,46.0,27.0767265,90.14362622,6.74669542,244.514648,Loam,89,muskmelon
95.0,7.0,45.0,27.30008597,90.80015308,6.031665834,250.9484511,Loam,89,muskmelon
87.0,6.0,45.0,29.82729394,90.79007335,6.40077205,228.4203589,Sandy Loam,89,muskmelon
93.0,20.0,50.0,29.93061247,93.22980899,6.448792689,243.4814338,Sandy Loam,89,muskmelon
84.0,29.0,49.0,29.94349168,93.90741192,6.251420275,203.9020503,Sandy Loam,89,muskmelon
111.0,5.0,47.0,28.03306461,91.47355778,6.274452811,211.7924769,Sandy Loam,89,muskmelon
111.0,5.0,52.0,29.8843055,94.0371147,6.135996372,210.000988,Loam,89,muskmelon
111.0,15.0,54.0,27.7058373,92.91185695,6.194090172,220.6207161,Loam,89,muskmelon
89.0,11.0,47.0,29.78714005,94.65343534,6.327822962,278.659442,Sandy Loam,89,muskmelon
110.0,15.0,48.0,28.57819995,92.86597437,6.212567211,275.987178,Loam,89,muskmelon
95.0,30.0,52.0,29.48069921,90.33698678,6.640470863,260.365768,Loam,89,muskmelon
115.0,12.0,52.0,27.51492243,94.96218673,6.685553129,210.1796432,Loam,89,muskmelon
120.0,25.0,50.0,28.05457761,94.81637388,6.327210469,218.4869328,Loam,89,muskmelon
102.0,11.0,45.0,29.03167341,93.12603235,6.35544263,241.5591199,Sandy Loam,89,muskmelon
94.0,5.0,55.0,28.5854649,91.89216849,6.085682344,268.8372572,Sandy Loam,89,muskmelon
84.0,18.0,46.0,27.08808014,93.42402083,6.781050373,253.2159689,Loam,89,muskmelon
107.0,22.0,54.0,27.99611732,90.84660317,6.630301421,216.1893763,Sandy Loam,89,muskmelon
80.0,18.0,52.0,27.87317436,91.14849627,6.484799661,240.5207925,Sandy Loam,89,muskmelon
86.0,18.0,45.0,28.96586565,90.71832938,6.566759102,222.5838137,Sandy Loam,89,muskmelon
113.0,28.0,48.0,28.87726019,92.48839665,6.170520518,244.4267592,Loam,89,muskmelon
115.0,18.0,53.0,29.17052093,94.19790371,6.012480351,220.6994464,Loam,89,muskmelon
82.0,20.0,54.0,29.34033587,90.01506395,6.541150335,214.4532907,Loam,89,muskmelon
98.0,22.0,47.0,29.07265321,91.91533173,6.341400922,288.3568362,Sandy Loam,89,muskmelon
117.0,25.0,54.0,28.68275966,92.50969311,6.150686364,291.1187663,Loam,89,muskmelon
83.0,15.0,49.0,28.92705913,91.39356832,6.438008153,232.0076686,Loam,89,muskmelon
120.0,16.0,51.0,27.99901833,91.64193051,6.547041903,232.8618248,Sandy Loam,89,muskmelon
111.0,5.0,50.0,27.59350075,91.79742953,6.399891457,248.4266123,Loam,89,muskmelon
85.0,21.0,47.0,29.87331077,90.60932469,6.186770318,246.9720481,Loam,89,muskmelon
90.0,23.0,54.0,28.55852465,90.45773041,6.159020864,272.6588346,Sandy Loam,89,muskmelon
99.0,29.0,55.0,29.19378695,91.46241065,6.660954816,264.8240255,Sandy Loam,89,muskmelon
102.0,11.0,47.0,27.98780984,92.78226196,6.504906979,271.4509034,Sandy Loam,89,muskmelon
80.0,18.0,51.0,28.05380704,91.81758779,6.706053225,207.6582087,Loam,89,muskmelon
87.0,21.0,52.0,27.3506296,94.2911951,6.067665498,272.1244021,Loam,89,muskmelon
114.0,8.0,52.0,29.34081108,94.5513539,6.419083092,282.2908103,Loam,89,muskmelon
99.0,6.0,46.0,28.61475136,94.22253035,6.39637861,289.8574189,Sandy Loam,89,muskmelon
89.0,25.0,50.0,27.04863538,91.34685096,6.375923383,250.8146686,Sandy Loam,89,muskmelon
96.0,13.0,55.0,29.5275305,94.57459443,6.700337732,211.3545688,Loam,89,muskmelon
82.0,26.0,47.0,28.50416396,93.46806467,6.565312653,242.0007242,Loam,89,muskmelon
106.0,21.0,52.0,28.89578588,94.78993038,6.286515359,230.362503,Sandy Loam,89,muskmelon
90.0,15.0,52.0,27.04927452,91.3821731,6.448061578,236.5747461,Sandy Loam,89,muskmelon
106.0,16.0,54.0,28.96017885,91.69532178,6.585872508,247.458198,Sandy Loam,89,muskmelon
24.0,128.0,196.0,22.75088787,90.69489172,5.521466996,1104.317855,Silty Loam,186,apple
7.0,144.0,197.0,23.8494014,94.34814995,6.133220586,1140.512495,Sandy Loam,188,apple
14.0,128.0,205.0,22.60800988,94.58900601,6.226289556,1160.396587,Silty Loam,188,apple
8.0,120.0,201.0,21.18667419,91.13435689,6.321152192,1222.33323,Sandy Loam,190,apple
20.0,129.0,201.0,23.41044706,91.69913296,5.587905967,1160.777931,Loam,188,apple
32.0,137.0,204.0,22.86006627,93.12859895,5.824151693,1177.296726,Loam,189,apple
27.0,139.0,205.0,22.48403042,93.40819246,5.772179946,1055.473627,Loam,185,apple
0.0,123.0,205.0,22.02775403,92.96129462,5.790993052,1211.349176,Silty Loam,190,apple
22.0,144.0,196.0,21.91191314,91.68748063,6.499226821,1170.761277,Sandy Loam,189,apple
1.0,124.0,199.0,23.71059131,93.27392415,5.658473817,1126.676589,Loam,187,apple
30.0,122.0,197.0,21.37784654,92.72043743,5.573241391,1061.417017,Loam,185,apple
29.0,121.0,196.0,22.84852833,94.32130209,6.079497202,1235.977843,Sandy Loam,191,apple
13.0,126.0,204.0,23.1094265,92.79630809,6.383180271,1081.83792,Loam,186,apple
9.0,139.0,199.0,23.25230817,94.54128292,5.867420996,1053.558408,Sandy Loam,185,apple
0.0,133.0,200.0,23.67287749,90.4935574,5.708418722,1042.298028,Sandy Loam,184,apple
30.0,143.0,199.0,23.76881552,90.59810302,5.7983508,1022.648546,Sandy Loam,184,apple
36.0,140.0,198.0,23.34386401,91.47684705,6.28188384,1044.267991,Sandy Loam,184,apple
37.0,137.0,199.0,22.63946441,90.18451645,5.697945522,1083.405879,Sandy Loam,186,apple
33.0,121.0,203.0,22.45696744,94.76285385,5.605934087,1148.407725,Silty Loam,188,apple
7.0,144.0,195.0,22.96388477,93.58065995,5.85648105,1046.472986,Loam,184,apple
35.0,128.0,205.0,21.07273439,93.56585985,6.041053829,1078.737015,Silty Loam,185,apple
29.0,128.0,198.0,22.44075021,92.70785115,5.685062404,1214.977331,Loam,190,apple
2.0,143.0,196.0,22.71271308,90.45261746,5.669489065,1098.852597,Silty Loam,186,apple
34.0,140.0,198.0,21.70416965,93.44006288,5.751707342,1151.781396,Sandy Loam,188,apple
29.0,144.0,204.0,22.43324518,92.48667725,5.800448951,1191.025189,Loam,189,apple
32.0,141.0,203.0,21.25941052,92.84416234,5.821347769,1090.658471,Loam,186,apple
13.0,144.0,197.0,22.9215706,94.89613443,6.28022267,1056.941544,Silty Loam,185,apple
25.0,143.0,198.0,22.81212536,91.51861705,6.027314401,1078.55225,Silty Loam,185,apple
9.0,137.0,200.0,21.12152071,90.6878768,5.636687393,1028.017203,Loam,184,apple
6.0,144.0,198.0,21.11478672,90.31528693,5.559363609,1045.086618,Silty Loam,184,apple
37.0,126.0,196.0,23.59997268,90.97597665,5.596449493,1071.728191,Silty Loam,185,apple
2.0,120.0,203.0,23.12652652,94.71203306,5.893492999,1086.211833,Silty Loam,186,apple
11.0,143.0,197.0,22.98458907,93.3204487,5.875718516,1221.952483,Sandy Loam,190,apple
10.0,141.0,201.0,22.12659387,90.97818277,6.386021424,1045.412275,Sandy Loam,184,apple
24.0,142.0,202.0,22.53779727,91.48135786,5.710819862,1018.474768,Silty Loam,183,apple
23.0,138.0,195.0,22.49095104,91.70292746,5.795985716,1243.915101,Silty Loam,191,apple
18.0,125.0,204.0,22.35548159,94.47811755,6.046673619,1167.366261,Sandy Loam,188,apple
13.0,121.0,196.0,22.20700989,93.50574163,6.443382913,1201.593771,Sandy Loam,190,apple
26.0,122.0,202.0,22.44516988,94.73763514,5.617227184,1071.843273,Loam,185,apple
28.0,123.0,202.0,22.76643029,92.12438519,6.442289294,1204.359949,Loam,190,apple
26.0,121.0,201.0,22.19109412,90.02575116,6.162034371,1123.126628,Sandy Loam,187,apple
21.0,137.0,196.0,23.6119202,91.70293849,5.812781806,1235.900822,Silty Loam,191,apple
21.0,135.0,198.0,23.86087054,94.92048112,5.765015126,1050.241329,Silty Loam,185,apple
5.0,144.0,205.0,21.42177231,92.62665309,6.184922574,1028.045658,Silty Loam,184,apple
2.0,123.0,205.0,22.36629253,90.78572467,5.739652177,1249.831618,Silty Loam,191,apple
15.0,133.0,199.0,23.99686172,91.61001707,5.824778636,1176.102915,Loam,189,apple
31.0,130.0,198.0,21.80129837,92.73446667,5.554823557,1200.586671,Sandy Loam,190,apple
25.0,143.0,200.0,23.80436344,92.80441624,6.024248787,1006.192543,Silty Loam,183,apple
16.0,143.0,204.0,23.71475278,91.53331177,5.631333387,1218.961665,Loam,190,apple
19.0,122.0,202.0,23.34467359,90.37981478,5.811975094,1128.954016,Silty Loam,187,apple
10.0,125.0,196.0,22.31253665,90.03577124,5.730557448,1130.688155,Sandy Loam,187,apple
20.0,139.0,202.0,23.50201428,92.21083961,5.66999105,1079.868949,Loam,185,apple
28.0,123.0,198.0,23.46260321,91.45665004,5.682751473,1117.763395,Sandy Loam,187,apple
28.0,136.0,200.0,23.06204373,92.39544055,6.245858905,1147.399101,Sandy Loam,188,apple
2.0,131.0,199.0,22.47420512,91.22759742,6.017370134,1242.179699,Loam,191,apple
2.0,140.0,197.0,22.69780133,92.82223419,5.53456749,1050.508234,Loam,185,apple
27.0,138.0,201.0,23.66682067,93.90191078,5.952367662,1054.004751,Loam,185,apple
30.0,127.0,204.0,22.50050273,92.45878335,6.126436584,1009.343903,Loam,183,apple
32.0,145.0,203.0,23.83053666,90.84422164,6.406818518,1095.966791,Loam,186,apple
29.0,139.0,205.0,23.64142354,93.74461474,6.155939453,1166.912176,Loam,188,apple
26.0,126.0,195.0,21.41363812,92.99124545,5.878568981,1183.979065,Loam,189,apple
40.0,136.0,202.0,22.85267372,94.5764581,5.935336308,1175.314026,Silty Loam,189,apple
6.0,124.0,200.0,22.98208095,93.84505029,5.971332179,1095.852253,Sandy Loam,186,apple
35.0,138.0,200.0,21.19909519,90.80819418,5.67130617,1036.838922,Loam,184,apple
17.0,136.0,196.0,23.87192332,90.49939035,5.882155988,1030.548094,Silty Loam,184,apple
33.0,134.0,205.0,21.0365275,94.33919546,6.08551916,1147.412734,Silty Loam,188,apple
16.0,143.0,197.0,22.61711614,93.51978375,5.90402645,1169.256766,Silty Loam,188,apple
27.0,120.0,200.0,21.45278675,90.74531921,6.110218826,1167.036582,Sandy Loam,188,apple
29.0,145.0,205.0,22.81227579,92.12992101,6.212302608,1093.383552,Loam,186,apple
3.0,141.0,197.0,21.98141856,91.12719303,6.142803397,1154.789148,Silty Loam,188,apple
15.0,123.0,204.0,22.52709326,92.54780429,6.365972688,1153.830068,Sandy Loam,188,apple
5.0,136.0,195.0,22.35628673,91.92360477,6.264202804,1077.697413,Sandy Loam,185,apple
10.0,136.0,204.0,21.19852186,92.15595143,6.276198595,1058.554351,Sandy Loam,185,apple
7.0,141.0,195.0,23.8812458,93.45067555,5.514253142,1049.116663,Silty Loam,184,apple
2.0,129.0,201.0,22.78234161,94.36803516,5.682343744,1221.449949,Loam,190,apple
29.0,138.0,197.0,22.19055385,92.43764169,5.830892252,1216.622761,Silty Loam,190,apple
30.0,137.0,200.0,22.91430043,90.70475565,5.603413172,1186.044645,Silty Loam,189,apple
29.0,132.0,204.0,23.08950736,90.22507299,6.0967531,1082.166601,Loam,186,apple
14.0,139.0,197.0,21.72484506,92.83975602,6.056529526,1216.961761,Loam,190,apple
18.0,125.0,203.0,22.44307715,91.59234006,6.160267496,1025.565807,Loam,184,apple
33.0,143.0,204.0,21.1316077,91.95769858,5.814434775,1225.391946,Sandy Loam,190,apple
40.0,144.0,196.0,22.71750705,92.25479855,5.987262638,1070.289866,Loam,185,apple
9.0,143.0,197.0,23.75033085,92.88160462,5.570020684,1176.602827,Silty Loam,189,apple
38.0,135.0,203.0,23.76121837,93.661643,5.965551311,1008.25956,Loam,183,apple
28.0,130.0,196.0,22.13450646,94.67695747,6.062356467,1129.203223,Silty Loam,187,apple
35.0,142.0,203.0,21.17089176,90.23730166,5.895319002,1236.495149,Sandy Loam,191,apple
12.0,129.0,205.0,22.36238282,91.15761594,6.119432215,1186.832725,Silty Loam,189,apple
1.0,135.0,203.0,22.77856513,92.70124029,5.624203283,1137.759219,Silty Loam,187,apple
0.0,145.0,205.0,21.22503442,90.09877774,5.52078314,1139.760462,Loam,187,apple
31.0,121.0,201.0,23.15791104,90.34396882,5.731535258,1107.12841,Loam,186,apple
35.0,131.0,203.0,22.42776057,93.91722423,5.893490899,1027.230739,Silty Loam,184,apple
29.0,140.0,195.0,23.64082979,90.95257927,5.560521058,1167.431319,Loam,188,apple
33.0,138.0,198.0,22.29423493,90.69033986,6.222390798,1227.418744,Sandy Loam,190,apple
14.0,140.0,197.0,23.35225078,90.90054697,6.071255131,1130.381382,Sandy Loam,187,apple
35.0,145.0,195.0,22.03911546,94.58075845,6.231950009,1109.804014,Loam,186,apple
40.0,120.0,197.0,23.80593812,92.48879468,5.889480679,1196.335548,Sandy Loam,189,apple
25.0,132.0,198.0,22.31944084,90.85174383,5.732757516,1001.173443,Loam,183,apple
31.0,137.0,196.0,22.14464104,93.82567435,6.400321212,1206.310784,Silty Loam,190,apple
36.0,144.0,196.0,23.65167552,94.50528753,6.496934492,1153.611268,Silty Loam,188,apple
10.0,140.0,197.0,22.16939473,90.27185592,6.229498836,1244.683112,Sandy Loam,191,apple
22.0,30.0,12.0,15.78144173,92.51077745,6.354006744,1190.35002,Sandy Loam,219,orange
37.0,6.0,13.0,26.03097313,91.50819306,7.511755068,1012.847738,Sandy Loam,213,orange
27.0,13.0,6.0,13.36050601,91.35608208,7.335158382,1112.266885,Loam,217,orange
7.0,16.0,9.0,18.87957654,92.04304496,7.813916603,1146.659511,Red Volcanic,218,orange
20.0,7.0,9.0,29.47741671,91.57802915,7.129136941,1111.727497,Loam,217,orange
26.0,27.0,10.0,28.06903173,92.91487288,6.079998496,1141.339416,Red Volcanic,218,orange
5.0,23.0,15.0,25.66901098,92.04670813,7.408939392,1125.424199,Sandy Loam,217,orange
0.0,18.0,14.0,29.77149434,92.00719952,7.207991261,1144.161786,Red Volcanic,218,orange
39.0,24.0,14.0,30.55472573,90.90343769,7.189259647,1060.711985,Loam,215,orange
13.0,23.0,6.0,23.96147583,90.26408017,7.365338111,1026.958703,Sandy Loam,214,orange
21.0,17.0,15.0,23.98289638,91.5473145,7.455991072,1184.901697,Loam,219,orange
33.0,12.0,8.0,25.26052689,90.31153735,6.822282114,1173.695296,Loam,219,orange
6.0,9.0,12.0,31.08368929,90.14362642,7.028746406,1096.894658,Red Volcanic,216,orange
19.0,7.0,10.0,14.78003032,91.22062116,6.118430299,1001.961762,Loam,213,orange
24.0,18.0,6.0,26.56608303,94.45239715,6.285312759,1163.796525,Red Volcanic,218,orange
9.0,11.0,8.0,24.85903405,94.39000473,6.559236744,1117.803734,Sandy Loam,217,orange
31.0,8.0,7.0,34.51465139,93.63812684,7.163245982,1035.684926,Red Volcanic,214,orange
22.0,17.0,5.0,24.12188673,90.72351622,6.945562889,1028.35632,Sandy Loam,214,orange
13.0,5.0,8.0,23.85340379,90.10522549,7.474710503,1039.23226,Red Volcanic,214,orange
16.0,8.0,9.0,24.60297538,91.28408653,7.601189843,1112.948115,Loam,217,orange
4.0,13.0,6.0,15.63211033,94.25966183,7.561143224,1014.705704,Red Volcanic,213,orange
0.0,25.0,14.0,19.33516809,91.97978938,6.361671475,1164.50422,Red Volcanic,218,orange
8.0,7.0,10.0,28.2620488,91.98317355,6.929216014,1052.132259,Sandy Loam,215,orange
4.0,23.0,5.0,22.67594476,93.36348717,7.477935216,1103.332655,Loam,216,orange
33.0,14.0,8.0,21.03200078,92.9641969,7.684420446,1106.823944,Red Volcanic,216,orange
30.0,7.0,15.0,33.23453301,91.06053924,7.825531916,1157.659902,Loam,218,orange
21.0,29.0,12.0,22.30318989,92.15987039,6.438668989,1173.688104,Red Volcanic,219,orange
11.0,14.0,5.0,11.50322938,94.8933184,6.946354724,1155.683776,Red Volcanic,218,orange
9.0,8.0,15.0,14.34320488,94.35734702,7.994465371,1102.223123,Loam,216,orange
5.0,18.0,14.0,33.1056981,93.48447453,7.434118807,1191.709113,Red Volcanic,219,orange
29.0,25.0,14.0,30.49183837,90.4582865,7.781988584,1133.302105,Loam,217,orange
33.0,12.0,15.0,30.25578031,92.03272799,6.052318465,1167.173125,Red Volcanic,218,orange
8.0,16.0,6.0,12.22816189,90.26457428,7.106650373,1084.161706,Sandy Loam,216,orange
15.0,14.0,8.0,10.01081312,90.22399223,6.22094286,1193.941064,Loam,219,orange
16.0,7.0,8.0,22.79196751,90.60901895,6.420457311,1165.084074,Red Volcanic,218,orange
0.0,12.0,7.0,20.18432263,90.65458473,6.969249676,1168.130969,Red Volcanic,218,orange
5.0,25.0,6.0,30.72119881,94.01331956,6.011302181,1068.118019,Sandy Loam,215,orange
6.0,8.0,11.0,24.35590861,92.39651663,6.600948788,1196.946577,Loam,219,orange
10.0,5.0,5.0,21.21306973,91.35349216,7.817846496,1129.834361,Red Volcanic,217,orange
1.0,17.0,6.0,10.78689755,91.38411917,6.8198271,1175.293447,Sandy Loam,219,orange
1.0,30.0,10.0,11.89925671,91.34663797,7.291405641,1035.771468,Red Volcanic,214,orange
0.0,23.0,15.0,22.56664172,93.37488907,7.598729065,1098.585753,Loam,216,orange
24.0,27.0,9.0,18.86883219,93.24688124,6.157135092,1193.936976,Red Volcanic,219,orange
36.0,11.0,13.0,17.34083741,93.04897191,7.1917274,1127.194284,Red Volcanic,217,orange
40.0,21.0,8.0,34.90665289,92.87820148,7.418761774,1021.906333,Red Volcanic,214,orange
40.0,22.0,6.0,24.53610067,91.90997228,6.488221135,1159.787989,Red Volcanic,218,orange
32.0,18.0,13.0,13.8377282,91.74780462,6.044167236,1079.873218,Sandy Loam,215,orange
9.0,10.0,10.0,22.3551049,93.52211892,6.010391864,1015.164589,Sandy Loam,213,orange
13.0,16.0,8.0,34.74004942,93.12316972,6.949838549,1001.967854,Loam,213,orange
15.0,9.0,11.0,11.54785707,94.14861001,7.907956251,1088.289171,Sandy Loam,216,orange
29.0,11.0,5.0,23.13338811,91.94670335,7.639788459,1044.224145,Sandy Loam,214,orange
1.0,15.0,9.0,29.98364695,94.55239717,7.53350946,1153.560318,Loam,218,orange
18.0,5.0,11.0,20.87947369,90.93756231,6.251586885,1024.550786,Sandy Loam,214,orange
14.0,22.0,9.0,17.24944623,91.13772765,6.543191814,1125.090516,Sandy Loam,217,orange
33.0,15.0,7.0,15.83388699,91.68293851,7.651225301,1097.571416,Loam,216,orange
4.0,6.0,7.0,23.01014302,91.11764246,6.708889665,1126.738296,Loam,217,orange
17.0,16.0,14.0,16.39624284,92.18151927,6.625538653,1029.44161,Loam,214,orange
12.0,20.0,10.0,24.45132792,93.10527686,6.528354932,1094.711098,Red Volcanic,216,orange
34.0,29.0,8.0,31.87859192,91.15248149,6.450640306,1053.437825,Red Volcanic,215,orange
39.0,28.0,10.0,31.34920143,91.48247612,7.181907673,1091.549823,Loam,216,orange
31.0,25.0,12.0,18.05142392,90.03969587,7.016482298,1117.793889,Loam,217,orange
12.0,6.0,8.0,30.84835031,92.86773675,6.388617138,1074.142681,Loam,215,orange
12.0,29.0,13.0,22.45616931,91.52781832,7.57125447,1180.069295,Red Volcanic,219,orange
26.0,11.0,11.0,13.70319166,90.95589386,7.609348255,1062.944879,Red Volcanic,215,orange
19.0,24.0,15.0,20.48954522,93.72485075,7.137136973,1118.391951,Sandy Loam,217,orange
39.0,21.0,9.0,13.20844373,94.02769434,6.354022554,1062.696156,Sandy Loam,215,orange
16.0,29.0,13.0,32.31944397,93.67804556,6.196907944,1176.236473,Loam,219,orange
36.0,29.0,13.0,20.68185224,90.91510525,7.829507245,1097.513927,Red Volcanic,216,orange
37.0,23.0,12.0,31.52675982,90.50621806,6.395258356,1131.169398,Red Volcanic,217,orange
39.0,9.0,15.0,25.35467646,91.81183218,7.992041984,1167.555937,Red Volcanic,218,orange
31.0,5.0,14.0,17.66545409,91.69865887,6.583411671,1106.857506,Loam,216,orange
18.0,12.0,8.0,12.59093977,91.81668769,6.206053072,1193.916718,Sandy Loam,219,orange
20.0,20.0,10.0,11.86631922,93.68394562,6.976997772,1060.60149,Loam,215,orange
5.0,8.0,5.0,11.03367937,92.22706805,6.562594972,1127.715925,Sandy Loam,217,orange
20.0,8.0,12.0,25.2990432,94.96419851,7.260416405,1179.733424,Sandy Loam,219,orange
25.0,21.0,11.0,32.23797837,90.15406807,6.460044778,1047.052254,Loam,214,orange
14.0,19.0,14.0,17.68408797,94.35815354,6.699164936,1080.638166,Sandy Loam,216,orange
37.0,18.0,12.0,10.2708877,90.19147747,7.401121811,1066.955204,Sandy Loam,215,orange
26.0,15.0,6.0,17.22034507,94.78797376,6.912033409,1080.054343,Red Volcanic,216,orange
13.0,22.0,5.0,19.667056,90.50096668,7.764040111,1001.737964,Sandy Loam,213,orange
32.0,25.0,9.0,10.35609594,93.75652041,7.796034006,1011.456947,Loam,213,orange
19.0,7.0,9.0,27.255435,91.71369387,6.969883483,1011.39435,Loam,213,orange
28.0,7.0,9.0,34.5917846,92.13229786,6.730757538,1155.650287,Sandy Loam,218,orange
24.0,30.0,11.0,32.39523995,94.51768464,6.601395755,1132.5373,Red Volcanic,217,orange
7.0,17.0,10.0,10.16431299,91.22320999,6.465913274,1063.62551,Red Volcanic,215,orange
18.0,23.0,8.0,21.49118657,93.43949693,6.41354791,1014.819888,Sandy Loam,213,orange
7.0,20.0,12.0,16.53460397,94.76759975,6.475275337,1100.447896,Sandy Loam,216,orange
20.0,23.0,11.0,31.8520694,90.12220323,6.407715561,1099.455062,Loam,216,orange
18.0,14.0,11.0,28.04799508,90.00621688,6.550814117,1171.311498,Sandy Loam,219,orange
34.0,11.0,10.0,31.75048899,94.59551226,7.36220835,1151.989301,Red Volcanic,218,orange
20.0,29.0,10.0,29.07412717,93.27189064,7.36549204,1007.896871,Sandy Loam,213,orange
37.0,24.0,13.0,19.14381903,90.71037456,7.8546243,1080.230792,Loam,216,orange
12.0,8.0,10.0,16.14820285,91.4448027,7.995848977,1074.287664,Loam,215,orange
34.0,10.0,14.0,34.05296914,92.05811721,6.725600855,1168.020848,Loam,218,orange
6.0,13.0,9.0,34.51423957,90.56151463,7.786725333,1183.271968,Loam,219,orange
27.0,30.0,5.0,32.71748548,90.54608254,7.656978112,1133.28978,Loam,217,orange
13.0,8.0,12.0,25.16296632,92.54736032,7.105904818,1143.117197,Sandy Loam,218,orange
6.0,7.0,7.0,27.68167318,94.47316879,7.199106204,1139.995146,Sandy Loam,217,orange
40.0,17.0,15.0,21.35093384,90.9492967,7.871063004,1070.862095,Sandy Loam,215,orange
31.0,26.0,9.0,11.69894639,93.25638873,7.566165721,1032.005992,Sandy Loam,214,orange
61.0,68.0,50.0,35.21462816,91.49725058,6.793245417,2430.745066,Loam,249,papaya
58.0,46.0,45.0,42.39413392,90.79028064,6.576261427,884.6607497,Red Volcanic,205,papaya
45.0,47.0,55.0,38.4191628,91.14220381,6.751452932,1192.653877,Sandy Loam,214,papaya
39.0,65.0,53.0,35.33294932,92.11508608,6.560743093,2356.133585,Red Volcanic,247,papaya
31.0,68.0,45.0,42.92325255,90.07600528,6.938313356,1962.408242,Sandy Loam,236,papaya
70.0,68.0,45.0,33.83508569,92.85470152,6.991626158,2034.044028,Sandy Loam,238,papaya
68.0,62.0,50.0,33.20258348,92.76437927,6.977700268,1975.282582,Red Volcanic,236,papaya
34.0,65.0,47.0,23.48546973,93.71043692,6.833768535,1917.760562,Loam,234,papaya
38.0,68.0,54.0,29.33710543,90.81781439,6.739170045,2020.572747,Sandy Loam,237,papaya
69.0,64.0,47.0,40.21199348,94.50766912,6.993473247,1866.762324,Sandy Loam,233,papaya
58.0,51.0,47.0,42.13473976,91.70445386,6.757470637,1974.02901,Sandy Loam,236,papaya
59.0,47.0,53.0,32.86316618,91.4618874,6.850663232,472.71547,Red Volcanic,193,papaya
44.0,64.0,54.0,29.80744318,91.38048469,6.74274935,2327.046126,Loam,246,papaya
56.0,57.0,48.0,31.56213762,93.0484859,6.506120752,636.2250788,Red Volcanic,198,papaya
69.0,60.0,54.0,36.32268069,93.06134398,6.98992719,1411.736926,Red Volcanic,220,papaya
56.0,58.0,49.0,37.13165026,94.60761797,6.69215564,1724.788062,Loam,229,papaya
49.0,55.0,53.0,38.4418717,93.63739039,6.544029776,777.1566883,Red Volcanic,202,papaya
38.0,51.0,52.0,32.66160599,90.78931681,6.927803911,788.5085502,Loam,202,papaya
54.0,65.0,47.0,27.92765919,91.55594211,6.721835879,1499.107557,Sandy Loam,222,papaya
57.0,57.0,51.0,39.01793345,91.48815629,6.99223441,1058.841531,Loam,210,papaya
39.0,52.0,53.0,32.51247398,94.65904123,6.704204398,510.7048113,Sandy Loam,194,papaya
58.0,67.0,45.0,38.72382798,91.72514851,6.702424548,626.2377075,Red Volcanic,197,papaya
61.0,64.0,52.0,43.30204933,92.83405443,6.641098708,1105.62229,Red Volcanic,211,papaya
34.0,62.0,55.0,27.58548913,90.72526502,6.585346229,2385.008779,Sandy Loam,248,papaya
31.0,48.0,45.0,40.78881819,92.90951393,6.563134737,1327.923586,Red Volcanic,217,papaya
47.0,46.0,52.0,23.19451074,91.40301608,6.502289473,2063.999208,Loam,238,papaya
32.0,68.0,52.0,32.68067385,92.61715632,6.800321319,2488.592986,Sandy Loam,251,papaya
36.0,59.0,46.0,34.28879307,93.61082872,6.721130543,1272.509777,Red Volcanic,216,papaya
61.0,51.0,51.0,39.30050027,94.16193416,6.574677594,1209.512466,Sandy Loam,214,papaya
70.0,54.0,46.0,39.73149053,91.12220596,6.919342407,1227.628653,Loam,215,papaya
44.0,56.0,49.0,39.23342464,91.25589286,6.519779583,644.478499,Loam,198,papaya
34.0,68.0,51.0,27.34734861,94.17756725,6.687088098,403.5153141,Red Volcanic,191,papaya
50.0,59.0,47.0,40.76998685,92.09278584,6.747975732,2098.678411,Loam,239,papaya
39.0,70.0,52.0,26.26559543,90.79668055,6.65149129,594.9373381,Sandy Loam,196,papaya
34.0,61.0,49.0,28.12971499,93.3210737,6.502675132,1178.201907,Loam,213,papaya
44.0,60.0,55.0,34.2804607,90.55561637,6.825371185,985.4047745,Sandy Loam,208,papaya
31.0,62.0,52.0,33.7960155,93.00754254,6.99104104,1820.26807,Sandy Loam,232,papaya
65.0,62.0,51.0,31.53243779,90.87394933,6.511624841,2070.735119,Loam,239,papaya
44.0,57.0,53.0,42.30495821,90.51431779,6.93172108,748.76786,Red Volcanic,201,papaya
50.0,47.0,48.0,24.63676897,90.61964344,6.712772333,2182.299187,Loam,242,papaya
43.0,50.0,48.0,28.28222883,91.37059792,6.63016515,1792.720807,Sandy Loam,231,papaya
60.0,46.0,53.0,24.48620746,92.98254537,6.761953186,1834.9095,Sandy Loam,232,papaya
70.0,68.0,55.0,42.84609252,94.63548176,6.691202286,788.099639,Loam,202,papaya
59.0,62.0,52.0,43.67549305,93.10887229,6.608667684,1038.235658,Red Volcanic,209,papaya
60.0,58.0,51.0,42.07213781,92.92203105,6.840802254,1657.412972,Red Volcanic,227,papaya
42.0,60.0,47.0,33.46873719,92.12746225,6.834808348,1368.277041,Sandy Loam,219,papaya
35.0,66.0,47.0,31.7018373,91.66232213,6.953439161,488.3810592,Sandy Loam,193,papaya
34.0,65.0,48.0,41.41968393,90.03863107,6.665024508,1993.096432,Red Volcanic,236,papaya
36.0,54.0,46.0,42.54744013,94.94482086,6.662875839,2144.103848,Loam,241,papaya
39.0,64.0,52.0,28.91842453,94.63676767,6.678695788,636.8794608,Sandy Loam,198,papaya
37.0,52.0,47.0,43.08022702,93.90305729,6.54277684,2118.529059,Sandy Loam,240,papaya
33.0,47.0,46.0,29.20300896,93.96834049,6.839443833,2094.083305,Red Volcanic,239,papaya
34.0,48.0,48.0,41.04224355,91.37258067,6.805277038,1815.27598,Loam,231,papaya
49.0,54.0,50.0,25.62446619,93.18240298,6.762522087,972.6336657,Red Volcanic,207,papaya
40.0,65.0,49.0,35.32876402,91.06138506,6.678449318,1639.069365,Loam,226,papaya
68.0,52.0,49.0,24.42561272,92.27749066,6.577192175,633.5298768,Loam,198,papaya
50.0,46.0,52.0,31.18298415,90.21646909,6.734005648,540.1872359,Loam,195,papaya
65.0,63.0,50.0,31.88342554,91.3256535,6.524459342,792.7201575,Sandy Loam,202,papaya
40.0,49.0,47.0,42.93368602,91.1756748,6.501521192,2463.613268,Red Volcanic,250,papaya
42.0,53.0,48.0,23.11407669,94.31994776,6.758479569,2315.153161,Red Volcanic,246,papaya
49.0,55.0,51.0,24.87212063,93.90560147,6.676578778,1351.694525,Loam,218,papaya
59.0,62.0,49.0,43.36051537,93.35191636,6.941496806,1147.78071,Sandy Loam,212,papaya
63.0,58.0,47.0,26.83054058,90.75379971,6.864143752,1446.656444,Sandy Loam,221,papaya
70.0,65.0,52.0,30.42012134,93.12659793,6.583528529,759.5295,Red Volcanic,201,papaya
63.0,50.0,52.0,28.64555584,93.22642604,6.751747609,1158.163936,Sandy Loam,213,papaya
40.0,64.0,47.0,32.50037548,93.47888842,6.893509446,717.3759526,Sandy Loam,200,papaya
63.0,58.0,50.0,43.03714283,94.6428898,6.720744449,415.856585,Loam,191,papaya
45.0,58.0,49.0,30.10773379,90.34546355,6.827812549,752.4521981,Sandy Loam,201,papaya
66.0,69.0,47.0,23.69212243,93.61055571,6.912299695,875.3393983,Loam,205,papaya
54.0,67.0,52.0,35.67667332,93.30641944,6.586107335,1413.381168,Red Volcanic,220,papaya
69.0,67.0,52.0,27.71948962,94.43877142,6.827305908,828.3061083,Sandy Loam,203,papaya
67.0,68.0,49.0,35.26824831,92.38282957,6.821774589,1498.488208,Red Volcanic,222,papaya
45.0,57.0,47.0,23.16855863,90.78821158,6.656458831,1616.892093,Red Volcanic,226,papaya
56.0,50.0,52.0,33.08706051,92.25197542,6.770384816,881.300769,Sandy Loam,205,papaya
70.0,50.0,53.0,37.4620912,90.44967809,6.933809743,1723.458448,Sandy Loam,229,papaya
44.0,47.0,45.0,38.73218907,94.73613484,6.579441304,2181.42147,Red Volcanic,242,papaya
50.0,60.0,47.0,32.57720726,92.74889453,6.92791761,937.942847,Sandy Loam,206,papaya
52.0,51.0,53.0,38.38231475,93.10378595,6.985804083,2102.735346,Loam,240,papaya
35.0,68.0,45.0,42.93605359,90.09448142,6.612429546,2348.466111,Loam,247,papaya
68.0,69.0,52.0,25.65492304,92.74501561,6.813383387,529.5477913,Sandy Loam,195,papaya
32.0,55.0,52.0,37.58899717,91.99740365,6.9677596,1596.577388,Red Volcanic,225,papaya
32.0,55.0,51.0,29.60718808,93.15642801,6.57398033,626.8710535,Sandy Loam,197,papaya
48.0,62.0,47.0,25.34756111,93.02871078,6.803094965,1744.012337,Sandy Loam,229,papaya
39.0,69.0,53.0,25.9300384,93.02357765,6.964955435,2418.202079,Red Volcanic,249,papaya
49.0,61.0,45.0,32.76795887,94.57377401,6.764213299,2404.795923,Red Volcanic,248,papaya
48.0,57.0,54.0,29.02328049,90.20396783,6.617703178,1268.069869,Loam,216,papaya
69.0,66.0,49.0,40.00439101,90.17015833,6.52711001,921.1877372,Red Volcanic,206,papaya
53.0,55.0,55.0,33.32315744,91.25271223,6.709668804,2344.96633,Loam,246,papaya
38.0,61.0,52.0,31.22790131,94.94021378,6.620729882,464.4279118,Red Volcanic,193,papaya
57.0,64.0,55.0,26.68386496,92.9585411,6.583760499,625.0689682,Sandy Loam,197,papaya
51.0,57.0,55.0,24.70528368,90.14732171,6.676407337,1084.103158,Loam,210,papaya
56.0,65.0,45.0,38.2016825,93.97379963,6.751298936,2180.908814,Loam,242,papaya
54.0,66.0,52.0,36.56769731,93.79503425,6.867554147,1044.218596,Loam,209,papaya
58.0,55.0,47.0,26.05375792,93.69111672,6.742490027,2406.863901,Sandy Loam,248,papaya
68.0,70.0,54.0,31.29986342,92.76039164,6.986228647,547.7830202,Sandy Loam,195,papaya
42.0,59.0,55.0,40.10207731,94.35110201,6.979102243,1491.199989,Sandy Loam,222,papaya
43.0,64.0,47.0,38.58954491,91.58076549,6.825664782,1022.708231,Sandy Loam,209,papaya
35.0,67.0,49.0,41.31330062,91.1508798,6.617066674,2397.427554,Sandy Loam,248,papaya
56.0,59.0,55.0,37.03551903,91.79430166,6.551892638,1885.181422,Loam,233,papaya
39.0,64.0,53.0,23.0124018,91.07355541,6.598860305,2083.357976,Sandy Loam,239,papaya
18.0,30.0,29.0,26.7627493,92.86056895,6.420018717,2245.903664,Coastal Sandy,365,coconut
37.0,23.0,28.0,25.61294367,94.3138837,5.740054567,2243.206759,Sandy Loam,365,coconut
13.0,28.0,33.0,28.130115,95.64807631,5.686972967,1510.761899,Red Volcanic,365,coconut
2.0,21.0,35.0,25.02887163,91.53720922,6.293662363,1798.248944,Coastal Sandy,365,coconut
10.0,18.0,35.0,27.79797651,99.64573002,6.381975465,1816.942283,Red Volcanic,365,coconut
7.0,11.0,32.0,29.25902906,95.11294697,5.542169139,1847.624496,Coastal Sandy,365,coconut
39.0,5.0,31.0,27.10134661,93.69979946,5.551963184,1509.502632,Red Volcanic,365,coconut
34.0,6.0,27.0,25.84726298,90.92669463,5.860740481,1478.888994,Sandy Loam,365,coconut
31.0,30.0,29.0,26.58580443,90.98617591,5.558807063,1788.116076,Sandy Loam,365,coconut
25.0,7.0,35.0,28.38503882,99.18843684,5.55771171,1896.711349,Sandy Loam,365,coconut
16.0,18.0,26.0,28.43647052,91.81320717,5.568365926,1455.414413,Coastal Sandy,365,coconut
26.0,10.0,33.0,28.27298134,96.93649473,6.07071786,1988.234862,Red Volcanic,365,coconut
27.0,8.0,32.0,27.00648436,96.46168931,5.627860549,1443.331315,Sandy Loam,365,coconut
37.0,18.0,30.0,27.63551259,99.34854917,6.38488418,1579.171537,Red Volcanic,365,coconut
19.0,15.0,34.0,26.29644905,99.65809151,5.685889066,2159.195049,Red Volcanic,365,coconut
0.0,19.0,33.0,27.1326009,95.23797989,6.234458417,2047.206567,Sandy Loam,365,coconut
31.0,20.0,26.0,25.56567803,97.61361544,6.443168642,1997.936345,Sandy Loam,365,coconut
9.0,17.0,32.0,25.94951662,93.40548703,5.842317989,1720.540491,Red Volcanic,365,coconut
22.0,11.0,29.0,28.03380598,95.01630593,5.955742971,2180.055713,Sandy Loam,365,coconut
31.0,6.0,26.0,29.12859129,91.30924833,5.741367375,1572.388553,Sandy Loam,365,coconut
34.0,6.0,30.0,27.0828252,97.00155491,5.948342571,1717.575545,Sandy Loam,365,coconut
24.0,6.0,32.0,28.11321494,90.01734526,6.387067562,1724.813641,Coastal Sandy,365,coconut
1.0,8.0,26.0,27.5136304,94.18955816,5.562911913,1566.732553,Red Volcanic,365,coconut
31.0,13.0,33.0,27.63834933,95.48763389,5.85971872,2055.463111,Red Volcanic,365,coconut
10.0,9.0,28.0,29.01256899,94.01014388,6.282955073,1500.500312,Coastal Sandy,365,coconut
36.0,27.0,26.0,26.58413917,95.78923137,6.25449571,1716.262299,Red Volcanic,365,coconut
38.0,24.0,33.0,28.28905147,97.00396405,5.973853124,1429.403233,Sandy Loam,365,coconut
11.0,6.0,25.0,28.69164799,96.65248672,6.081568052,1789.635457,Red Volcanic,365,coconut
16.0,14.0,30.0,29.70931288,96.30484325,6.37466756,2098.453993,Sandy Loam,365,coconut
33.0,14.0,35.0,27.14865285,96.66355213,6.027707171,1492.433497,Coastal Sandy,365,coconut
16.0,6.0,29.0,29.28725038,91.95614918,5.868285082,1321.491176,Sandy Loam,365,coconut
32.0,11.0,31.0,25.06871967,93.31410447,6.205931638,1348.419069,Red Volcanic,365,coconut
38.0,14.0,30.0,26.92449525,91.20106019,5.570745386,1949.022136,Red Volcanic,365,coconut
8.0,6.0,33.0,28.27804288,93.64761266,6.095261013,1719.457959,Red Volcanic,365,coconut
23.0,6.0,33.0,29.18032562,92.73041222,6.025789594,2049.603677,Coastal Sandy,365,coconut
29.0,25.0,35.0,28.3575072,91.64509299,5.542873799,1607.306991,Coastal Sandy,365,coconut
24.0,14.0,33.0,29.38072512,93.27565685,6.366219551,2185.241851,Red Volcanic,365,coconut
32.0,12.0,30.0,25.39241091,98.08951196,5.579845008,2180.80385,Sandy Loam,365,coconut
30.0,25.0,31.0,26.31270635,98.62048026,5.804965067,2081.181381,Coastal Sandy,365,coconut
14.0,21.0,35.0,29.52501367,91.91185319,6.121005506,1943.100272,Red Volcanic,365,coconut
27.0,22.0,29.0,28.83214859,92.17170353,6.000248647,1454.172387,Red Volcanic,365,coconut
40.0,5.0,29.0,28.48444906,97.76865458,5.820978791,1603.89421,Coastal Sandy,365,coconut
17.0,11.0,32.0,28.74013335,93.39676499,5.620733794,1567.650823,Coastal Sandy,365,coconut
30.0,30.0,35.0,25.00872392,95.59224018,6.001936419,1658.092179,Coastal Sandy,365,coconut
28.0,10.0,30.0,29.8690834,91.14723422,6.305740522,1927.678575,Sandy Loam,365,coconut
39.0,7.0,29.0,27.54273211,94.59086121,6.362544111,1502.012138,Sandy Loam,365,coconut
32.0,20.0,35.0,26.52166434,98.38227669,5.588655387,1446.261698,Red Volcanic,365,coconut
7.0,15.0,32.0,25.03512351,95.89739958,6.182232762,1747.96583,Coastal Sandy,365,coconut
29.0,17.0,29.0,29.20394909,95.66997327,5.959493188,2112.506267,Sandy Loam,365,coconut
34.0,15.0,34.0,27.05826457,91.10510371,5.677282678,2247.006953,Coastal Sandy,365,coconut
14.0,23.0,25.0,26.18552389,96.96637916,5.612122797,1354.186222,Red Volcanic,365,coconut
18.0,19.0,29.0,27.59376845,92.48519606,6.206077742,1628.432736,Sandy Loam,365,coconut
7.0,21.0,35.0,25.76011662,94.65830608,5.764812076,1312.451414,Sandy Loam,365,coconut
24.0,27.0,34.0,28.87862994,95.11320315,6.203376525,1450.583117,Sandy Loam,365,coconut
39.0,29.0,29.0,26.50908611,94.48414544,6.143662699,1998.778403,Red Volcanic,365,coconut
29.0,8.0,28.0,26.87037587,91.72546257,6.100429497,2144.128874,Coastal Sandy,365,coconut
10.0,24.0,27.0,27.57283516,94.90485697,5.708409601,1459.298935,Sandy Loam,365,coconut
0.0,29.0,32.0,28.05912437,98.3670985,5.868255858,1716.516396,Red Volcanic,365,coconut
32.0,11.0,31.0,29.51611558,92.56492864,6.461225827,1312.116167,Coastal Sandy,365,coconut
37.0,10.0,32.0,28.96318258,95.16333673,6.165084855,2228.03013,Red Volcanic,365,coconut
20.0,29.0,27.0,25.09897688,92.36099489,6.047044342,1577.592626,Coastal Sandy,365,coconut
31.0,29.0,35.0,27.1872282,92.19906776,6.137102505,1413.220576,Red Volcanic,365,coconut
17.0,30.0,27.0,29.03065024,90.79093862,5.894027065,2055.720367,Coastal Sandy,365,coconut
1.0,12.0,30.0,27.754298,95.94643831,5.56222383,1310.900076,Sandy Loam,365,coconut
6.0,13.0,29.0,27.31155708,99.96906006,5.832608028,2018.258633,Coastal Sandy,365,coconut
15.0,28.0,32.0,28.84270971,99.64328526,6.218571874,2244.016682,Red Volcanic,365,coconut
27.0,24.0,29.0,26.61423461,96.97300803,6.142010637,1910.06688,Red Volcanic,365,coconut
3.0,23.0,30.0,29.70143197,95.65754365,6.078807239,2151.968037,Coastal Sandy,365,coconut
8.0,26.0,26.0,25.54759871,91.64194826,5.702484758,2128.67626,Sandy Loam,365,coconut
20.0,28.0,26.0,26.37978453,91.49882979,5.547594847,1670.470997,Sandy Loam,365,coconut
26.0,18.0,27.0,27.45907759,92.90736493,5.836075368,1421.430003,Coastal Sandy,365,coconut
1.0,6.0,35.0,27.02269204,95.71935435,6.231662767,1471.682459,Coastal Sandy,365,coconut
27.0,30.0,31.0,28.98545306,90.73966792,5.718120393,1488.398374,Red Volcanic,365,coconut
23.0,7.0,34.0,26.1055118,91.52421214,5.852038202,1341.279669,Sandy Loam,365,coconut
0.0,26.0,31.0,25.0707247,95.02156793,5.547933273,1929.036306,Coastal Sandy,365,coconut
38.0,6.0,25.0,25.54963273,96.92786777,6.156259104,1912.996157,Sandy Loam,365,coconut
25.0,12.0,26.0,28.56973521,95.67906668,6.436314406,1348.370348,Coastal Sandy,365,coconut
40.0,5.0,32.0,26.07010807,96.7036223,5.981169595,1435.33473,Coastal Sandy,365,coconut
0.0,19.0,31.0,25.51791333,94.38420565,6.271952833,1787.297725,Sandy Loam,365,coconut
26.0,9.0,32.0,25.9490364,94.73860514,6.470465614,1441.571109,Coastal Sandy,365,coconut
35.0,30.0,34.0,28.2974764,95.41122824,6.141502001,1824.482352,Coastal Sandy,365,coconut
19.0,30.0,30.0,29.56549169,91.40896307,5.826381164,2248.315729,Red Volcanic,365,coconut
31.0,13.0,33.0,29.69952329,95.21224392,6.342463714,1483.003692,Coastal Sandy,365,coconut
17.0,29.0,26.0,26.14162144,93.28415295,6.071897347,1954.115025,Coastal Sandy,365,coconut
2.0,30.0,30.0,26.00175125,94.79998418,6.331051715,2095.40094,Coastal Sandy,365,coconut
30.0,13.0,25.0,27.15116142,91.48889469,6.413184638,1649.182225,Red Volcanic,365,coconut
8.0,15.0,33.0,28.97318719,98.09861043,5.50158009,2139.011021,Sandy Loam,365,coconut
18.0,12.0,35.0,26.13958446,96.38580769,6.338720873,1313.387935,Red Volcanic,365,coconut
8.0,28.0,30.0,25.51618488,94.33465411,6.015672239,1351.272491,Red Volcanic,365,coconut
40.0,22.0,29.0,27.55821802,99.98187601,5.735364307,1746.256481,Sandy Loam,365,coconut
27.0,10.0,33.0,27.81132822,97.48410555,6.465906333,1540.621221,Red Volcanic,365,coconut
21.0,20.0,31.0,25.60033702,99.7240104,5.855457599,1658.248732,Sandy Loam,365,coconut
3.0,9.0,35.0,26.91641934,99.84671638,6.318552973,2256.323656,Red Volcanic,365,coconut
22.0,16.0,27.0,29.1797902,90.27214288,6.006784979,1889.252083,Sandy Loam,365,coconut
27.0,8.0,30.0,26.44600063,98.29937782,6.008386283,2212.258168,Coastal Sandy,365,coconut
22.0,8.0,33.0,28.43572863,95.8840407,5.665785202,2039.283708,Red Volcanic,365,coconut
28.0,27.0,32.0,28.94099669,93.00109012,5.764615485,1917.723087,Red Volcanic,365,coconut
23.0,21.0,26.0,26.45488737,93.45042636,5.901495544,1492.220255,Red Volcanic,365,coconut
37.0,5.0,34.0,25.79490531,93.84150618,5.779032666,1524.238712,Red Volcanic,365,coconut
19.0,26.0,29.0,26.93141945,98.80313612,5.67154928,1665.712879,Coastal Sandy,365,coconut
133.0,47.0,24.0,24.40228894,79.19732001,7.231324765,908.022356,Black Cotton,172,cotton
136.0,36.0,20.0,23.09595631,84.86275707,6.925412377,712.9581071,Loam,167,cotton
104.0,47.0,18.0,23.9656349,76.97696717,7.633437412,907.5616738,Loam,172,cotton
133.0,47.0,23.0,24.88738107,75.62137159,6.827354668,897.6050416,Loam,172,cotton
126.0,38.0,23.0,25.36243778,83.63276077,6.176716425,884.3618918,Loam,172,cotton
126.0,50.0,19.0,24.69457084,81.7358876,6.628722836,785.8494391,Clay Loam,169,cotton
113.0,41.0,20.0,25.0017188,80.53965818,7.256877571,963.2600992,Clay Loam,174,cotton
121.0,45.0,22.0,22.45942937,81.30681027,6.443785385,642.3026638,Black Cotton,166,cotton
121.0,47.0,16.0,23.60564038,79.29573149,7.723240151,724.9800885,Clay Loam,168,cotton
129.0,60.0,22.0,24.58453146,79.12404171,5.947448589,719.4608134,Clay Loam,167,cotton
107.0,45.0,25.0,23.0865933,83.55546146,7.227745516,718.4080724,Black Cotton,167,cotton
122.0,59.0,18.0,23.5000992,83.63488952,6.219469084,798.1328183,Black Cotton,169,cotton
140.0,38.0,15.0,24.1472953,75.88298598,6.021439523,699.1563467,Black Cotton,167,cotton
102.0,49.0,21.0,24.69315538,84.84422454,6.253343655,897.99462,Clay Loam,172,cotton
111.0,40.0,25.0,24.484692,84.44932014,6.187455799,909.4342484,Clay Loam,172,cotton
131.0,35.0,18.0,24.49112609,82.24415809,7.057693366,640.2949379,Black Cotton,166,cotton
135.0,43.0,16.0,23.47986888,81.73049149,6.720449769,867.6287924,Loam,171,cotton
100.0,46.0,18.0,24.18586246,76.04203958,6.431689506,690.8056728,Black Cotton,167,cotton
123.0,39.0,24.0,25.00755095,78.17952126,7.453106264,860.6411872,Loam,171,cotton
117.0,56.0,15.0,25.99237426,77.0543546,7.368258226,891.188212,Loam,172,cotton
121.0,36.0,24.0,23.66457347,81.69105088,7.352401887,993.6898373,Black Cotton,174,cotton
101.0,58.0,18.0,25.66891439,81.38103349,6.652143699,785.9595817,Black Cotton,169,cotton
107.0,42.0,24.0,22.04612876,84.62978302,6.144631795,860.0758678,Black Cotton,171,cotton
100.0,41.0,22.0,22.4204752,84.55794703,7.318802162,934.6595573,Clay Loam,173,cotton
125.0,39.0,21.0,25.03149561,82.21276599,7.954629324,950.191318,Loam,173,cotton
105.0,60.0,23.0,23.53371386,77.21705554,6.207652157,875.4004943,Clay Loam,171,cotton
102.0,46.0,19.0,22.77076388,82.5993307,6.631005298,814.9543437,Clay Loam,170,cotton
131.0,49.0,22.0,25.49848236,79.9751579,7.306918817,670.5961949,Black Cotton,166,cotton
139.0,35.0,15.0,25.248679,83.4630147,5.898293044,865.5517751,Clay Loam,171,cotton
108.0,36.0,19.0,22.78249615,77.51235009,7.238566893,646.1444234,Black Cotton,166,cotton
118.0,45.0,23.0,23.37044424,77.43198948,7.977651226,716.7870701,Loam,167,cotton
107.0,51.0,22.0,24.86560781,78.22080815,5.983075895,795.6866268,Black Cotton,169,cotton
125.0,60.0,17.0,24.14386157,84.51591287,6.785723961,803.6146974,Clay Loam,170,cotton
113.0,37.0,20.0,25.03300222,79.04368718,7.393441155,971.0087029,Clay Loam,174,cotton
131.0,52.0,16.0,23.65724079,84.47601498,6.486068274,885.4479121,Black Cotton,172,cotton
115.0,48.0,16.0,25.54359718,84.09229796,7.175934962,889.4245493,Black Cotton,172,cotton
113.0,38.0,25.0,22.00085141,79.47270984,7.388265888,904.2224164,Clay Loam,172,cotton
111.0,41.0,18.0,23.64328417,78.1258666,6.10539819,809.6157332,Loam,170,cotton
111.0,53.0,19.0,23.96436009,78.02763149,6.419536555,846.3148859,Loam,171,cotton
122.0,48.0,16.0,24.65425757,75.6350708,6.307585854,618.2980133,Black Cotton,165,cotton
108.0,46.0,17.0,24.3017998,84.87668973,6.93221485,650.247867,Loam,166,cotton
132.0,41.0,22.0,24.29144926,81.02453404,7.810865753,904.1694635,Clay Loam,172,cotton
103.0,42.0,17.0,24.29470232,84.61527627,6.527541661,810.5902285,Black Cotton,170,cotton
133.0,50.0,25.0,25.72180042,81.19666206,7.569454601,999.3100821,Clay Loam,174,cotton
127.0,37.0,18.0,24.87663664,76.30050373,7.041065585,919.223468,Clay Loam,172,cotton
110.0,39.0,25.0,22.60612115,77.34264002,7.208795456,751.3617229,Loam,168,cotton
131.0,38.0,19.0,23.86814008,75.68339729,6.814341946,904.547185,Black Cotton,172,cotton
108.0,38.0,24.0,23.41022496,76.43836957,7.442217061,788.2199603,Black Cotton,169,cotton
122.0,40.0,17.0,24.96440768,81.31677618,6.854558957,800.3995829,Loam,170,cotton
111.0,50.0,15.0,25.16820129,80.30351815,7.884550475,846.2419032,Clay Loam,171,cotton
140.0,40.0,17.0,22.72767171,77.07598065,6.006085786,775.5176318,Clay Loam,169,cotton
100.0,40.0,20.0,22.45145981,76.25674874,7.432043735,868.4998693,Clay Loam,171,cotton
123.0,50.0,16.0,23.04920461,75.53835214,6.498052108,706.5644296,Clay Loam,167,cotton
107.0,36.0,21.0,25.29250148,75.66653335,6.205263534,626.4174227,Black Cotton,165,cotton
118.0,50.0,19.0,22.95604064,82.33733678,6.360812227,664.8339303,Black Cotton,166,cotton
103.0,51.0,20.0,22.80213132,84.14668447,7.046607434,916.389565,Loam,172,cotton
133.0,57.0,19.0,23.54234715,75.98203329,7.947011366,841.2536744,Loam,171,cotton
129.0,47.0,20.0,24.41212325,80.80343786,6.281913858,986.0457373,Black Cotton,174,cotton
116.0,52.0,19.0,22.94276687,75.37170612,6.114525877,670.8022574,Black Cotton,166,cotton
114.0,40.0,23.0,25.53676123,81.13668716,6.753978061,954.262599,Clay Loam,173,cotton
131.0,60.0,17.0,25.32023717,81.79475917,7.425041316,834.6532547,Clay Loam,170,cotton
107.0,43.0,18.0,22.426733,81.53480799,6.745104394,655.4475812,Loam,166,cotton
123.0,44.0,21.0,25.78544484,75.00539324,7.641116569,913.9578861,Black Cotton,172,cotton
112.0,49.0,25.0,25.68959532,77.90621048,6.470135478,661.9426787,Loam,166,cotton
119.0,44.0,15.0,22.14593688,82.8597549,7.091992365,606.5381719,Black Cotton,165,cotton
130.0,59.0,19.0,25.07278712,82.50257909,6.520403794,935.1042684,Clay Loam,173,cotton
127.0,53.0,24.0,22.21506982,76.17851932,6.127939628,704.0557612,Loam,167,cotton
134.0,52.0,18.0,23.9643129,76.59175937,7.994679507,761.3090645,Loam,169,cotton
109.0,36.0,18.0,25.40059227,76.53237965,7.524707577,625.138867,Black Cotton,165,cotton
100.0,48.0,17.0,23.7805123,83.03878838,7.827877818,662.6555904,Clay Loam,166,cotton
132.0,52.0,19.0,24.16402322,76.7433897,6.436691764,619.4626051,Loam,165,cotton
102.0,37.0,25.0,25.31468463,77.91757121,5.907930899,728.2902109,Clay Loam,168,cotton
111.0,39.0,22.0,22.60361557,80.3509046,6.135025006,885.7395505,Loam,172,cotton
117.0,51.0,15.0,22.9535715,78.71555832,6.044556594,997.5336197,Clay Loam,174,cotton
136.0,36.0,24.0,22.74446976,80.41198458,7.59781958,900.7326633,Black Cotton,172,cotton
134.0,56.0,18.0,23.80834611,83.91902605,6.691268104,709.7358303,Loam,167,cotton
112.0,54.0,15.0,25.46228792,81.56641891,6.175492306,768.8582484,Loam,169,cotton
105.0,56.0,15.0,25.96779712,81.97904282,7.272316209,741.4169043,Clay Loam,168,cotton
140.0,45.0,15.0,25.5308271,80.04662756,5.801047545,993.9557151,Clay Loam,174,cotton
126.0,46.0,25.0,24.43847399,81.69801729,6.757457943,607.9645852,Loam,165,cotton
106.0,49.0,24.0,23.03887865,76.47039772,6.983395573,906.4770699,Black Cotton,172,cotton
121.0,53.0,19.0,23.51308653,76.72621429,7.976889498,801.1272117,Clay Loam,170,cotton
108.0,60.0,17.0,22.75805656,76.75768356,6.558902588,977.6600619,Clay Loam,174,cotton
116.0,56.0,17.0,24.71252544,77.7293114,7.979090365,852.4963302,Clay Loam,171,cotton
100.0,52.0,19.0,23.45969093,82.44777468,7.903528673,935.0153555,Loam,173,cotton
129.0,43.0,16.0,25.5503704,77.85055621,6.73210948,785.8488484,Loam,169,cotton
118.0,44.0,23.0,22.08458267,82.82904143,6.691690476,670.6459777,Loam,166,cotton
117.0,43.0,25.0,24.68854799,78.51206972,7.839849298,693.1153566,Loam,167,cotton
126.0,37.0,21.0,25.84997269,84.16855231,6.61448588,770.3421249,Black Cotton,169,cotton
120.0,48.0,16.0,22.46054478,75.40989245,7.456971816,718.5436078,Black Cotton,167,cotton
102.0,45.0,16.0,23.65629976,77.52425987,7.2942193,748.984994,Loam,168,cotton
131.0,56.0,20.0,22.00817088,81.83896111,7.762647875,922.3645249,Black Cotton,173,cotton
114.0,40.0,17.0,24.32630461,80.13456404,6.363406102,694.5072055,Clay Loam,167,cotton
101.0,37.0,18.0,22.92360984,82.68738535,7.63737841,929.1915074,Clay Loam,173,cotton
106.0,46.0,20.0,23.43821725,78.63388824,6.200671976,811.5072105,Clay Loam,170,cotton
113.0,38.0,20.0,22.10718988,78.58320116,6.364729934,749.4136567,Loam,168,cotton
102.0,53.0,21.0,23.03814028,76.11021529,6.913678684,914.9697481,Clay Loam,172,cotton
110.0,39.0,18.0,24.54795322,75.39752705,7.766259769,638.8079866,Black Cotton,165,cotton
107.0,58.0,15.0,23.73868041,75.77503808,7.55606399,766.3669195,Loam,169,cotton
120.0,60.0,15.0,22.31871914,83.86129998,7.288377241,653.5747011,Black Cotton,166,cotton
89.0,47.0,38.0,25.52468965,72.24850829,6.002524871,1518.869972,Clay Loam,157,jute
60.0,37.0,39.0,26.59104992,82.94164078,6.033485257,1612.469997,Clay Loam,160,jute
63.0,41.0,45.0,25.29781791,86.8870535,7.121933579,1966.249511,Clay Loam,169,jute
86.0,40.0,39.0,25.72100868,88.16513579,6.207459637,1756.086697,Silty Clay,163,jute
96.0,41.0,40.0,23.58419277,72.00460848,6.090060478,1904.242157,Alluvial,167,jute
100.0,35.0,36.0,25.31042337,72.01364411,6.346715209,1905.577618,Silty Clay,167,jute
63.0,37.0,43.0,23.41798979,85.08640476,6.661957897,1857.446728,Silty Clay,166,jute
70.0,43.0,40.0,24.35564134,88.80391021,6.176860192,1691.168028,Clay Loam,162,jute
67.0,55.0,44.0,26.284017,75.14640198,7.251847296,1822.685447,Silty Clay,165,jute
74.0,40.0,40.0,25.13842773,83.12053888,6.386259978,1693.388465,Silty Clay,162,jute
89.0,53.0,44.0,24.88692811,71.91711523,7.319735475,1502.498675,Clay Loam,157,jute
74.0,46.0,45.0,25.75734909,88.36668522,6.025028997,1894.263485,Silty Clay,167,jute
89.0,41.0,38.0,23.12844351,74.68322732,6.344751947,1998.362913,Clay Loam,169,jute
60.0,55.0,40.0,24.9949957,88.95692783,7.02777956,1514.935635,Clay Loam,157,jute
67.0,43.0,38.0,25.21622704,70.88259632,7.299304715,1958.645552,Clay Loam,168,jute
70.0,38.0,35.0,24.39736241,79.26861738,7.014063944,1642.697011,Clay Loam,161,jute
74.0,49.0,38.0,23.31410442,71.4509053,7.488014404,1644.970373,Silty Clay,161,jute
90.0,40.0,39.0,25.72668885,81.86171563,6.626503893,1919.649389,Clay Loam,167,jute
82.0,35.0,44.0,26.96656378,78.21047693,6.239011,1698.391177,Clay Loam,162,jute
73.0,45.0,37.0,23.70467146,74.63745355,6.742688094,1812.783964,Silty Clay,165,jute
85.0,53.0,38.0,24.90075709,73.84186449,6.588017308,1538.990984,Silty Clay,158,jute
81.0,56.0,36.0,23.39605743,72.60512854,7.097586415,1747.876411,Alluvial,163,jute
84.0,55.0,38.0,26.8748389,79.78725152,6.956682743,1731.017097,Silty Clay,163,jute
80.0,45.0,42.0,23.1426498,74.99739774,7.380396262,1519.035477,Silty Clay,157,jute
76.0,54.0,45.0,24.29496635,77.62976013,6.176618831,1849.800516,Alluvial,166,jute
76.0,56.0,39.0,24.39459498,89.89106506,6.551130445,1971.220049,Silty Clay,169,jute
81.0,40.0,45.0,25.7629429,80.76238215,6.427726565,1745.071843,Silty Clay,163,jute
76.0,44.0,45.0,25.4879684,84.48235878,6.740947635,1687.848886,Silty Clay,162,jute
69.0,47.0,40.0,25.37122686,76.2403666,6.130136384,1838.270791,Silty Clay,165,jute
82.0,40.0,45.0,26.21312799,81.70476368,6.667633355,1801.237765,Alluvial,165,jute
69.0,57.0,35.0,24.30748599,78.54340987,6.186814392,1862.337571,Silty Clay,166,jute
81.0,36.0,38.0,23.76554749,87.98329901,6.334837865,1503.166152,Silty Clay,157,jute
67.0,60.0,38.0,24.79853023,78.53037059,7.16214284,1622.847429,Alluvial,160,jute
72.0,51.0,40.0,23.20683504,74.09956958,7.422318499,1994.766779,Clay Loam,169,jute
65.0,39.0,45.0,23.66805429,70.89000744,6.768001309,1844.633281,Alluvial,166,jute
78.0,50.0,43.0,25.12417673,85.72530641,6.348441469,1595.718087,Clay Loam,159,jute
77.0,52.0,41.0,23.89069041,83.46409075,6.097294061,1677.230632,Alluvial,161,jute
89.0,52.0,42.0,23.09433785,81.45139295,6.14132902,1966.587013,Alluvial,169,jute
62.0,49.0,37.0,24.21744605,82.85284045,7.479248124,1661.365886,Silty Clay,161,jute
90.0,48.0,45.0,24.06475727,71.31342851,6.509174789,1536.390212,Clay Loam,158,jute
66.0,47.0,36.0,24.85441411,74.4407048,6.57256106,1755.72958,Silty Clay,163,jute
80.0,52.0,39.0,26.41915161,76.85691248,7.165696848,1972.101782,Clay Loam,169,jute
89.0,52.0,45.0,24.89326318,77.01222585,7.207457208,1964.69984,Alluvial,169,jute
77.0,51.0,44.0,23.25583402,82.7015932,7.124333547,1662.160846,Alluvial,161,jute
94.0,37.0,41.0,24.7634518,87.06071115,6.463538707,1791.630865,Clay Loam,164,jute
75.0,41.0,35.0,24.97042599,78.62697699,6.856833064,1666.415254,Silty Clay,161,jute
60.0,55.0,36.0,26.12797248,80.49172597,7.132389299,1506.326874,Silty Clay,157,jute
62.0,56.0,35.0,25.97825807,81.65769588,6.235357638,1633.488091,Silty Clay,160,jute
84.0,40.0,42.0,26.2830571,73.35763537,6.704273839,1866.898282,Silty Clay,166,jute
100.0,56.0,40.0,26.38905406,83.31240346,7.433313409,1761.516409,Alluvial,164,jute
75.0,56.0,44.0,25.2746335,73.7459581,6.109478059,1680.432282,Alluvial,162,jute
78.0,46.0,42.0,23.09499564,78.45959697,7.095413294,1553.851533,Alluvial,158,jute
82.0,48.0,36.0,25.79351957,81.76904006,6.352076783,1932.418382,Alluvial,168,jute
100.0,58.0,41.0,23.17403323,87.88255345,6.658769991,1606.217342,Alluvial,160,jute
88.0,50.0,40.0,25.63215038,79.95150917,7.051822472,1822.582277,Silty Clay,165,jute
67.0,41.0,40.0,25.848795,87.81661683,7.333143205,1526.194403,Silty Clay,158,jute
72.0,42.0,43.0,26.56767277,80.90424543,6.352771037,1812.915605,Silty Clay,165,jute
89.0,40.0,43.0,26.24532085,72.97198375,7.124050134,1899.711184,Silty Clay,167,jute
89.0,57.0,43.0,26.91515043,73.19897535,6.998787171,1772.233048,Alluvial,164,jute
61.0,41.0,44.0,24.36972377,82.11319791,6.537914958,1599.210934,Alluvial,159,jute
79.0,45.0,43.0,25.71901283,79.15532398,7.171054239,1871.735424,Alluvial,166,jute
84.0,40.0,43.0,25.01157559,88.3313023,7.228268228,1694.168014,Clay Loam,162,jute
98.0,43.0,35.0,25.40785911,76.44048625,7.319952206,1886.372826,Silty Clay,167,jute
75.0,36.0,44.0,23.28081,74.27607475,6.613341343,1537.447398,Silty Clay,158,jute
89.0,58.0,35.0,23.98651719,82.09053379,6.096838784,1670.576456,Alluvial,161,jute
91.0,41.0,37.0,24.48556447,83.20630007,6.132570523,1922.316221,Silty Clay,168,jute
77.0,48.0,36.0,25.86705009,84.09985284,7.36008498,1548.390847,Silty Clay,158,jute
66.0,58.0,35.0,23.5643831,79.46283115,7.321619041,1852.5947,Alluvial,166,jute
62.0,59.0,41.0,24.2248758,74.89465426,7.175170657,1924.931257,Clay Loam,168,jute
82.0,35.0,35.0,25.49386782,86.97061481,7.299076163,1765.268267,Clay Loam,164,jute
61.0,41.0,35.0,24.97178693,79.47557931,6.842966479,1957.571622,Clay Loam,168,jute
99.0,57.0,38.0,24.80624984,82.09281674,6.356295568,1563.616174,Alluvial,159,jute
70.0,42.0,43.0,23.16814977,76.66724969,6.508342839,1571.215052,Silty Clay,159,jute
90.0,59.0,35.0,24.25133493,89.86454053,7.098227926,1751.742112,Alluvial,163,jute
73.0,43.0,42.0,26.58361011,78.00774772,6.310699968,1548.238864,Alluvial,158,jute
67.0,46.0,44.0,26.82489244,78.20392774,7.093328631,1539.199807,Silty Clay,158,jute
84.0,37.0,42.0,25.49674786,81.13449097,6.691074249,1699.288234,Clay Loam,162,jute
72.0,41.0,36.0,24.09874353,80.57226761,6.187746776,1768.604109,Clay Loam,164,jute
71.0,56.0,37.0,23.18866654,86.20899734,6.491506245,1761.03677,Alluvial,164,jute
64.0,53.0,38.0,26.24347471,78.51063754,6.855362875,1834.065252,Clay Loam,165,jute
65.0,54.0,39.0,23.75091572,71.14782585,7.124571593,1600.889553,Alluvial,160,jute
60.0,58.0,37.0,26.13871511,79.1188943,6.067302109,1714.892533,Alluvial,162,jute
86.0,39.0,43.0,26.14576648,71.23690851,6.432051512,1931.007598,Silty Clay,168,jute
90.0,50.0,44.0,26.91643698,73.48655995,6.253408852,1714.716375,Silty Clay,162,jute
91.0,38.0,36.0,26.5232969,77.17331847,7.287318723,1578.548562,Silty Clay,159,jute
87.0,48.0,38.0,23.81579631,80.94023552,7.161865733,1903.12216,Alluvial,167,jute
72.0,41.0,36.0,26.50838667,86.84264005,6.065898283,1529.801697,Silty Clay,158,jute
71.0,54.0,35.0,26.63952463,70.95705996,7.311077075,1993.355744,Clay Loam,169,jute
82.0,46.0,41.0,23.3250131,79.79609448,6.581693772,1873.096148,Clay Loam,166,jute
71.0,52.0,43.0,26.47549543,73.96164569,6.732826127,1802.513601,Alluvial,165,jute
80.0,43.0,43.0,23.78756036,74.36794079,6.014572075,1726.442654,Alluvial,163,jute
77.0,55.0,43.0,25.49941707,75.99987588,6.663559451,1937.141828,Silty Clay,168,jute
95.0,57.0,41.0,23.24925555,73.65346838,6.434610995,1847.674863,Alluvial,166,jute
63.0,47.0,35.0,26.98582182,89.05587886,7.432768147,1938.778713,Alluvial,168,jute
93.0,43.0,38.0,23.61475336,86.14290267,6.987332927,1502.355238,Clay Loam,157,jute
87.0,44.0,43.0,23.87484465,86.79261344,6.718725189,1775.147313,Clay Loam,164,jute
88.0,52.0,39.0,23.92887902,88.07112278,6.880204617,1546.608736,Silty Clay,158,jute
90.0,39.0,37.0,24.81441246,81.68688879,6.86106911,1907.886386,Alluvial,167,jute
90.0,39.0,43.0,24.44743944,82.286484,6.7693455,1909.684885,Alluvial,167,jute
84.0,38.0,43.0,26.57421679,73.81994896,7.26158085,1593.223075,Clay Loam,159,jute
91.0,21.0,26.0,26.33377983,57.36469955,7.261313694,1916.549412,Clay Loam,243,coffee
107.0,21.0,26.0,26.45288458,55.32222678,7.235070264,1446.861336,Red Volcanic,228,coffee
83.0,38.0,35.0,25.70822684,52.88667115,7.18915558,1367.325092,Loam,225,coffee
108.0,24.0,31.0,24.12832546,56.18107663,6.431899748,1472.757818,Red Volcanic,229,coffee
116.0,28.0,34.0,23.44372334,60.39523266,6.42321105,1222.103248,Clay Loam,220,coffee
116.0,23.0,25.0,23.4123707,52.26994674,6.869720196,1393.670753,Loam,226,coffee
109.0,31.0,27.0,23.05951896,50.40609436,6.973839707,1644.971875,Red Volcanic,234,coffee
89.0,25.0,34.0,23.07895447,63.65861483,7.184801627,1298.765443,Red Volcanic,223,coffee
118.0,18.0,32.0,27.6496114,51.11044023,6.351823783,1228.392822,Loam,220,coffee
111.0,32.0,34.0,25.46743689,69.35161206,6.392048018,1713.764462,Loam,237,coffee
84.0,36.0,28.0,26.7350622,55.55164819,6.119892347,1406.305213,Red Volcanic,226,coffee
85.0,33.0,25.0,26.20811417,52.50987966,6.910823945,1890.944824,Clay Loam,243,coffee
99.0,15.0,27.0,27.0424167,57.27927475,6.501157208,1656.872119,Red Volcanic,235,coffee
81.0,30.0,31.0,24.65090184,51.93952357,7.027585559,1351.386537,Loam,225,coffee
95.0,39.0,29.0,27.35152643,55.99375012,7.13411409,1489.812525,Red Volcanic,229,coffee
81.0,34.0,30.0,25.17787724,62.26244581,6.647765997,1350.119649,Loam,225,coffee
80.0,15.0,28.0,23.11438731,68.00096043,6.703270635,1618.944624,Loam,233,coffee
104.0,20.0,26.0,27.22783677,52.95261751,7.493191968,1757.260273,Clay Loam,238,coffee
109.0,29.0,28.0,23.26316991,60.5160021,6.724688503,1941.755471,Loam,244,coffee
100.0,32.0,26.0,25.234661,57.53161469,6.043485685,1242.261737,Loam,221,coffee
100.0,24.0,28.0,25.59535262,57.72920846,7.101661011,1957.733251,Clay Loam,245,coffee
83.0,21.0,28.0,25.5674832,60.49244602,7.466900683,1902.257843,Loam,243,coffee
120.0,23.0,28.0,25.67324193,51.29043632,6.877799264,1962.736367,Clay Loam,245,coffee
104.0,26.0,30.0,24.40726724,62.65692638,6.410992833,1486.977358,Clay Loam,229,coffee
108.0,33.0,31.0,23.69287069,66.76090123,7.393825704,1446.576424,Loam,228,coffee
91.0,25.0,26.0,24.53460016,66.99765375,7.482414225,1805.059257,Loam,240,coffee
86.0,26.0,27.0,27.13140403,52.89368299,6.081172981,1924.280381,Red Volcanic,244,coffee
98.0,18.0,27.0,27.56088634,68.49299897,6.516312148,1674.358075,Clay Loam,235,coffee
111.0,27.0,31.0,23.59302313,55.27564977,6.043330951,1913.980675,Red Volcanic,243,coffee
84.0,39.0,35.0,23.17714381,52.13864034,6.959404135,1173.113562,Loam,219,coffee
98.0,27.0,27.0,24.71384065,51.29142534,7.238109556,1976.439711,Red Volcanic,245,coffee
118.0,21.0,34.0,24.38534644,64.72543073,7.234258375,1196.324109,Clay Loam,219,coffee
103.0,27.0,31.0,27.15998538,51.59100753,6.691541233,1261.752206,Red Volcanic,222,coffee
82.0,24.0,33.0,26.53543168,67.09608099,6.809593554,1206.494434,Clay Loam,220,coffee
86.0,31.0,35.0,27.01207284,60.76645256,6.485761419,1914.508931,Loam,243,coffee
88.0,35.0,35.0,27.55906475,58.45742907,6.784460602,1179.389993,Loam,219,coffee
84.0,27.0,29.0,23.32293161,53.00366334,7.167092586,1682.644287,Clay Loam,236,coffee
120.0,40.0,33.0,24.23850608,54.30329632,6.73410539,1151.564012,Loam,218,coffee
106.0,40.0,30.0,23.42611644,64.10651528,6.779984384,1226.847408,Loam,220,coffee
113.0,21.0,33.0,26.02241444,55.83288958,7.277422738,1769.020924,Loam,238,coffee
117.0,34.0,25.0,24.83846178,56.7685316,7.21270048,1244.135035,Loam,221,coffee
80.0,30.0,25.0,26.24092174,65.64381357,7.487266991,1483.771202,Clay Loam,229,coffee
88.0,21.0,27.0,24.43011925,66.02411187,7.231166546,1816.368274,Red Volcanic,240,coffee
113.0,33.0,34.0,26.00373964,62.1445102,6.559817161,1534.77776,Red Volcanic,231,coffee
87.0,23.0,28.0,26.22367404,62.26594559,6.979590627,1937.461968,Loam,244,coffee
113.0,15.0,29.0,27.09617155,63.55324262,6.779230041,1902.440566,Red Volcanic,243,coffee
98.0,29.0,30.0,25.64004392,61.03273481,6.217974349,1994.735636,Red Volcanic,246,coffee
97.0,29.0,27.0,27.74576987,54.36976075,7.205078785,1398.619431,Loam,226,coffee
85.0,35.0,32.0,26.24928198,54.28617819,6.854011265,1331.120232,Loam,224,coffee
82.0,29.0,35.0,26.67377159,52.24226285,6.246872394,1561.543898,Red Volcanic,232,coffee
103.0,33.0,25.0,27.10210397,55.7497332,6.911066044,1395.013171,Clay Loam,226,coffee
112.0,17.0,28.0,27.62975458,61.26002598,6.777417989,1966.492664,Loam,245,coffee
99.0,19.0,33.0,27.5364547,55.51673151,6.273741983,1306.377143,Clay Loam,223,coffee
120.0,20.0,34.0,23.56960509,50.56339727,6.906124587,1303.797119,Red Volcanic,223,coffee
114.0,27.0,28.0,24.99451759,57.93250202,7.162802357,1928.736822,Loam,244,coffee
100.0,40.0,35.0,27.56441788,54.41094079,6.955787351,1778.16092,Clay Loam,239,coffee
108.0,35.0,25.0,23.98143338,61.10935084,6.971963169,1615.279095,Loam,233,coffee
115.0,31.0,30.0,24.22984659,67.37768353,6.840927967,1224.073418,Red Volcanic,220,coffee
87.0,28.0,30.0,25.60153969,68.66257977,6.536676653,1688.383605,Clay Loam,236,coffee
82.0,24.0,26.0,24.31274458,53.57285558,6.089443603,1844.103931,Red Volcanic,241,coffee
94.0,26.0,27.0,26.36629861,52.25738495,7.456460375,1773.176161,Red Volcanic,239,coffee
87.0,28.0,35.0,26.5602777,57.1621814,6.759211911,1520.616227,Loam,230,coffee
118.0,40.0,35.0,26.35034208,58.50650238,7.460174812,1215.586297,Clay Loam,220,coffee
87.0,38.0,29.0,25.20406808,57.88370456,6.652642579,1561.457255,Red Volcanic,232,coffee
92.0,40.0,30.0,23.35723208,55.18792166,6.026287448,1716.976946,Red Volcanic,237,coffee
97.0,22.0,26.0,23.60567546,59.68849145,6.074190142,1851.568059,Clay Loam,241,coffee
99.0,40.0,32.0,24.18471151,69.94807345,7.045543056,1632.708732,Red Volcanic,234,coffee
89.0,28.0,33.0,26.44414097,53.83876189,6.993236001,1753.723314,Red Volcanic,238,coffee
112.0,39.0,29.0,26.12492233,63.37479229,6.726528895,1478.035305,Clay Loam,229,coffee
111.0,28.0,26.0,27.77363343,64.47858698,6.937352845,1927.121236,Clay Loam,244,coffee
114.0,20.0,26.0,25.55656667,62.67087838,7.27905689,1935.866233,Clay Loam,244,coffee
117.0,26.0,30.0,27.92374437,67.96910852,7.079850922,1152.325531,Clay Loam,218,coffee
111.0,29.0,31.0,26.05968403,52.31098539,6.136286518,1613.432535,Loam,233,coffee
119.0,30.0,28.0,26.35770906,64.57578034,6.505203696,1636.269496,Clay Loam,234,coffee
116.0,40.0,33.0,24.91370487,54.15319242,7.042089492,1295.481144,Loam,223,coffee
95.0,37.0,35.0,27.31317116,68.4233391,6.348337519,1924.288139,Loam,244,coffee
86.0,40.0,33.0,26.1387869,52.26311691,7.432322234,1363.027766,Loam,225,coffee
117.0,37.0,32.0,23.1069385,67.06230539,6.787658922,1625.769606,Red Volcanic,234,coffee
105.0,18.0,35.0,23.52648086,68.44030686,6.743417121,1718.839938,Loam,237,coffee
109.0,23.0,25.0,25.11711046,68.48030408,7.00733163,1948.773479,Loam,244,coffee
80.0,18.0,31.0,24.02952505,58.84880599,7.303033217,1346.803969,Red Volcanic,224,coffee
101.0,31.0,26.0,26.70897548,69.71184111,6.861235184,1588.608887,Red Volcanic,232,coffee
103.0,33.0,33.0,26.71717393,50.50148528,7.131435858,1268.073984,Red Volcanic,222,coffee
93.0,26.0,27.0,24.59245684,56.46829641,7.288211994,1377.044047,Clay Loam,225,coffee
104.0,35.0,28.0,27.51006055,50.66687215,6.983732393,1439.955548,Red Volcanic,227,coffee
116.0,36.0,25.0,27.57847581,58.52534263,6.172090205,1566.810374,Red Volcanic,232,coffee
107.0,38.0,29.0,26.65069302,57.56695719,6.35118177,1451.05065,Loam,228,coffee
101.0,33.0,33.0,26.97251562,62.0183627,6.908671379,1428.610793,Red Volcanic,227,coffee
107.0,31.0,31.0,23.17124551,52.97841162,6.766184468,1531.201644,Clay Loam,231,coffee
99.0,16.0,30.0,23.52652084,65.44340921,6.392791654,1861.728203,Red Volcanic,242,coffee
103.0,40.0,30.0,27.30901814,55.196224,6.348316257,1414.831644,Clay Loam,227,coffee
118.0,31.0,34.0,27.54823036,62.88179198,6.123796057,1814.170812,Red Volcanic,240,coffee
106.0,21.0,35.0,25.627355,57.04151119,7.428523634,1885.506536,Red Volcanic,242,coffee
116.0,38.0,34.0,23.29250318,50.04557009,6.020947179,1834.68585,Red Volcanic,241,coffee
97.0,35.0,26.0,24.91461008,53.74144743,6.334610249,1662.549307,Red Volcanic,235,coffee
107.0,34.0,32.0,26.77463708,66.4132686,6.78006386,1777.745075,Clay Loam,239,coffee
99.0,15.0,27.0,27.41711238,56.63636248,6.086922359,1279.2461,Clay Loam,222,coffee
118.0,33.0,30.0,24.13179691,67.22512329,6.362607851,1733.228386,Loam,237,coffee
117.0,32.0,34.0,26.2724184,52.12739421,6.758792552,1271.752928,Clay Loam,222,coffee
104.0,18.0,30.0,23.60301571,60.39647474,6.779832611,1409.370415,Red Volcanic,226,coffee
96.2,52.5,78.9,25.7,72.4,6.2,1230.0,Loam,120,passionfruit
108.0,62.1,92.3,27.1,68.9,6.8,980.0,Silty Loam,120,passionfruit
84.6,45.8,66.5,22.4,75.2,5.8,1420.0,Sandy Loam,120,passionfruit
112.4,70.0,101.2,29.0,81.0,6.4,1780.0,Red Volcanic,120,passionfruit
98.7,54.3,80.9,24.3,66.7,6.0,860.0,Loam,120,passionfruit
72.5,40.2,64.1,21.9,62.3,5.6,1105.0,Clay Loam,120,passionfruit
123.0,78.6,99.1,28.6,83.5,6.9,1650.0,Silty Loam,120,passionfruit
87.4,50.1,72.3,23.7,71.2,5.9,930.0,Sandy Loam,120,passionfruit
101.2,61.4,86.5,26.2,77.0,6.5,1510.0,Loam,120,passionfruit
95.0,55.0,84.0,25.0,69.8,6.3,1310.0,Red Volcanic,120,passionfruit
95.0,60.0,85.0,26.4,72.0,6.2,1300.0,Loam,120,passionfruit
110.0,50.0,90.0,23.1,78.0,6.8,1040.0,Silty Loam,120,passionfruit
78.0,72.0,70.0,21.7,68.0,5.9,860.0,Sandy Loam,120,passionfruit
102.0,66.0,98.0,28.3,82.0,6.4,1650.0,Loam,120,passionfruit
85.0,54.0,92.0,25.0,75.0,6.5,920.0,Clay Loam,120,passionfruit
120.0,40.0,60.0,22.9,70.0,5.8,1500.0,Red Volcanic,120,passionfruit
97.0,68.0,78.0,24.5,66.0,6.1,780.0,Silty Loam,120,passionfruit
88.0,82.0,68.0,27.2,81.0,6.7,1200.0,Loam,120,passionfruit
106.0,56.0,74.0,20.8,74.0,6.0,980.0,Sandy Loam,120,passionfruit
92.0,64.0,86.0,29.1,69.0,6.3,1450.0,Red Volcanic,120,passionfruit
92.5,58.3,82.1,24.7,72.4,6.4,1180.0,Loam,120,passionfruit
105.0,65.0,90.0,26.5,68.0,6.8,1420.0,Sandy Loam,120,passionfruit
78.0,52.0,70.0,22.3,75.6,6.0,980.0,Loam,120,passionfruit
88.2,73.5,95.0,28.1,64.7,6.6,1650.0,Red Volcanic,120,passionfruit
110.0,60.0,88.0,23.9,79.2,6.2,860.0,Clay Loam,120,passionfruit
95.3,49.8,76.4,21.8,65.9,5.9,1040.0,Silty Loam,120,passionfruit
84.0,68.0,82.0,25.6,71.3,6.5,1320.0,Loam,120,passionfruit
101.5,55.5,93.2,27.2,66.0,6.9,1560.0,Sandy Loam,120,passionfruit
72.0,43.0,60.0,20.1,82.5,5.8,890.0,Red Volcanic,120,passionfruit
98.7,61.2,85.0,24.2,74.4,6.3,970.0,Clay Loam,120,passionfruit
110.5,62.0,88.0,26.4,72.8,6.2,1270.0,Loam,120,passionfruit
86.0,45.5,70.0,22.7,65.3,5.9,1020.0,Silty Loam,120,passionfruit
120.3,78.0,95.0,28.1,77.2,6.8,1550.0,Red Volcanic,120,passionfruit
95.0,52.0,65.0,21.9,68.4,6.1,890.0,Sandy Loam,120,passionfruit
75.5,40.0,60.0,19.8,60.5,5.6,860.0,Loam,120,passionfruit
102.0,66.5,82.0,24.5,74.2,6.3,1205.0,Clay Loam,120,passionfruit
88.0,58.0,75.0,23.2,66.8,6.0,980.0,Silty Loam,120,passionfruit
118.0,70.0,90.0,27.3,79.5,6.5,1420.0,Loam,120,passionfruit
92.5,45.0,68.0,21.5,71.1,5.8,910.0,Sandy Loam,120,passionfruit
105.0,60.0,82.0,25.1,73.0,6.4,1330.0,Red Volcanic,120,passionfruit
92.5,62.3,76.8,26.2,72.5,6.4,1280.0,Loam,120,passionfruit
105.0,58.1,88.9,23.7,68.2,6.1,990.0,Sandy Loam,120,passionfruit
77.8,71.5,66.4,24.3,75.8,6.8,1420.0,Loam,120,passionfruit
115.2,49.8,101.0,28.1,81.0,6.2,860.0,Clay Loam,120,passionfruit
88.0,67.0,70.5,21.9,66.4,5.9,1250.0,Silty Loam,120,passionfruit
99.6,59.4,84.7,25.4,74.8,6.5,1700.0,Red Volcanic,120,passionfruit
83.2,72.9,69.1,22.8,62.9,6.0,980.0,Loam,120,passionfruit
101.7,65.2,90.3,27.3,78.1,6.6,860.0,Sandy Loam,120,passionfruit
78.5,57.6,83.2,23.1,69.5,6.7,1320.0,Clay Loam,120,passionfruit
92.4,61.4,75.9,24.9,71.2,6.3,1500.0,Loam,120,passionfruit
106.5,58.2,84.7,26.3,72.4,6.3,1250.0,Loam,120,passionfruit
92.1,44.8,70.2,23.7,68.9,5.9,910.0,Sandy Loam,120,passionfruit
118.4,72.5,96.1,28.9,78.2,6.8,1640.0,Clay Loam,120,passionfruit
85.0,49.3,66.7,21.6,63.7,5.8,870.0,Silty Loam,120,passionfruit
101.2,63.1,79.4,24.5,71.0,6.1,1200.0,Loam,120,passionfruit
97.8,56.7,88.3,25.9,75.6,6.4,1025.0,Red Volcanic,120,passionfruit
110.3,69.9,92.5,27.1,77.4,6.6,1430.0,Loam,120,passionfruit
88.6,45.2,62.8,22.4,66.2,5.7,880.0,Sandy Loam,120,passionfruit
105.0,58.9,81.5,26.8,70.3,6.2,1320.0,Silty Loam,120,passionfruit
93.4,52.5,74.0,23.9,65.8,6.0,960.0,Clay Loam,120,passionfruit
92.5,58.0,84.0,26.3,72.4,6.2,1250.0,Loam,120,passionfruit
105.0,62.0,90.0,23.8,68.1,6.8,980.0,Sandy Loam,120,passionfruit
78.0,45.0,72.0,21.5,82.0,5.9,1370.0,Silty Loam,120,passionfruit
110.2,70.0,95.5,28.1,74.3,6.4,1600.0,Loam,120,passionfruit
88.0,55.0,78.0,25.0,65.7,6.0,890.0,Clay Loam,120,passionfruit
99.5,64.0,86.0,24.2,71.9,6.7,1100.0,Red Volcanic,120,passionfruit
70.0,52.0,68.0,22.4,78.5,5.8,1280.0,Silty Loam,120,passionfruit
120.0,75.0,100.0,29.0,69.0,6.3,1720.0,Loam,120,passionfruit
85.5,60.0,74.0,20.9,63.4,5.7,910.0,Sandy Loam,120,passionfruit
95.0,58.0,83.0,27.6,77.2,6.1,1440.0,Loam,120,passionfruit
102.5,58.3,82.1,24.6,72.4,6.2,1280.0,Loam,120,passionfruit
88.9,65.0,76.5,22.3,68.1,5.9,1050.0,Sandy Loam,120,passionfruit
115.2,49.8,94.0,26.4,74.8,6.7,1620.0,Clay Loam,120,passionfruit
79.4,72.1,60.8,21.9,63.7,5.8,910.0,Silty Loam,120,passionfruit
95.0,54.0,68.2,23.7,66.5,6.0,1380.0,Loam,120,passionfruit
105.6,60.5,85.3,25.1,75.2,6.4,1520.0,Red Volcanic,120,passionfruit
82.3,40.2,71.7,24.0,69.8,6.1,980.0,Silty Loam,120,passionfruit
120.0,78.9,99.5,28.2,80.3,6.8,1745.0,Loam,120,passionfruit
90.7,62.3,65.4,22.8,71.0,5.95,1105.0,Sandy Loam,120,passionfruit
101.2,55.0,70.0,23.5,64.9,6.3,1200.0,Clay Loam,120,passionfruit
92.5,52.0,78.0,24.3,72.4,6.2,1120.0,Loam,120,passionfruit
105.0,61.0,84.0,26.1,68.5,6.8,1340.0,Silty Loam,120,passionfruit
88.0,45.0,70.0,22.5,75.2,5.9,910.0,Sandy Loam,120,passionfruit
76.0,38.0,66.0,23.8,66.7,6.5,980.0,Loam,120,passionfruit
110.0,70.0,95.0,28.2,81.3,6.6,1680.0,Clay Loam,120,passionfruit
85.0,50.0,72.0,21.9,63.4,5.8,860.0,Red Volcanic,120,passionfruit
98.0,58.0,80.0,25.4,69.1,6.1,1250.0,Silty Loam,120,passionfruit
93.0,46.0,68.0,20.7,71.2,6.4,930.0,Loam,120,passionfruit
120.0,78.0,102.0,29.0,77.5,6.9,1510.0,Red Volcanic,120,passionfruit
82.0,42.0,65.0,22.0,66.5,5.7,890.0,Sandy Loam,120,passionfruit
98.0,58.0,82.0,26.4,72.5,6.2,1120.0,Loam,120,passionfruit
105.0,65.0,90.0,23.1,68.2,6.6,1285.0,Silty Loam,120,passionfruit
88.0,52.0,75.0,24.8,75.0,5.9,940.0,Sandy Loam,120,passionfruit
112.0,70.0,98.0,28.6,81.3,6.8,1560.0,Loam,120,passionfruit
93.0,61.0,83.0,22.5,69.9,6.1,1050.0,Red Volcanic,120,passionfruit
76.0,45.0,68.0,21.7,65.4,5.8,860.0,Silty Loam,120,passionfruit
120.0,80.0,99.0,29.2,77.8,6.9,1730.0,Loam,120,passionfruit
101.0,57.0,84.0,25.3,72.1,6.4,980.0,Sandy Loam,120,passionfruit
84.0,49.0,66.0,20.9,66.5,5.7,890.0,Red Volcanic,120,passionfruit
98.0,60.0,78.0,27.0,74.3,6.3,1200.0,Loam,120,passionfruit
72.4,41.7,98.2,18.5,67.2,6.1,725.0,Loam,120,ribena
88.3,50.9,110.6,16.8,64.5,6.3,810.0,Sandy Loam,120,ribena
65.1,37.2,92.1,17.9,71.0,5.8,650.0,Silty Loam,120,ribena
79.6,45.5,105.0,19.3,62.8,6.0,820.0,Loam,120,ribena
102.5,58.2,114.7,20.2,69.5,6.4,760.0,Loam,120,ribena
60.8,32.6,86.9,15.7,66.3,5.6,690.0,Sandy Loam,120,ribena
95.2,52.8,99.4,21.0,73.1,6.2,880.0,Silty Loam,120,ribena
76.9,44.1,103.3,18.3,60.7,5.9,710.0,Loam,120,ribena
68.4,39.9,91.5,16.1,68.4,6.0,640.0,Sandy Loam,120,ribena
84.7,46.4,108.2,17.5,65.9,6.1,730.0,Loam,120,ribena
83.7,42.4,104.1,18.5,68.2,5.9,750.0,Loam,120,ribena
65.8,35.1,92.7,16.8,62.5,6.2,690.0,Silty Loam,120,ribena
95.2,58.3,118.6,20.3,71.8,5.7,820.0,Loam,120,ribena
72.4,41.0,89.4,17.6,65.3,6.0,660.0,Sandy Loam,120,ribena
88.9,49.6,110.2,19.1,73.0,5.8,780.0,Loam,120,ribena
101.0,60.5,122.0,21.2,69.7,6.3,860.0,Silty Loam,120,ribena
60.5,33.2,85.9,15.9,66.4,5.6,640.0,Sandy Loam,120,ribena
78.1,37.4,97.3,18.7,64.9,6.1,710.0,Loam,120,ribena
93.3,52.0,115.7,19.8,70.1,5.9,770.0,Loam,120,ribena
66.9,40.7,90.5,17.3,67.5,6.0,650.0,Silty Loam,120,ribena
68.5,42.0,105.0,17.3,67.2,5.8,750.0,Loam,120,ribena
95.0,58.0,110.0,19.6,72.5,6.2,820.0,Silty Loam,120,ribena
62.0,35.0,90.0,16.1,65.0,5.6,640.0,Sandy Loam,120,ribena
78.0,40.0,98.0,18.4,69.8,5.9,710.0,Loam,120,ribena
102.0,45.0,120.0,20.0,73.0,6.0,880.0,Silty Loam,120,ribena
60.0,55.0,85.0,15.4,66.0,5.7,610.0,Sandy Loam,120,ribena
88.0,60.0,115.0,21.2,71.5,6.3,900.0,Loam,120,ribena
70.0,38.0,92.0,17.9,64.0,5.8,650.0,Silty Loam,120,ribena
73.0,46.0,100.0,18.7,68.4,6.1,735.0,Loam,120,ribena
66.0,39.0,87.0,16.8,66.5,5.9,690.0,Sandy Loam,120,ribena
86.5,42.3,106.7,18.4,68.1,6.0,750.0,Loam,120,ribena
72.8,35.6,95.2,16.9,62.5,5.8,820.0,Sandy Loam,120,ribena
94.1,58.0,112.4,20.3,71.4,6.2,680.0,Loam,120,ribena
65.0,40.1,88.7,17.5,66.2,5.6,590.0,Silty Loam,120,ribena
78.9,29.8,101.5,15.8,64.9,5.9,710.0,Loam,120,ribena
101.2,46.0,119.3,21.1,72.0,6.3,840.0,Silty Loam,120,ribena
60.7,31.4,85.1,15.2,60.8,5.5,600.0,Sandy Loam,120,ribena
88.6,52.7,98.9,19.0,69.3,6.1,965.0,Loam,120,ribena
74.3,37.9,90.6,18.7,65.5,5.7,720.0,Silty Loam,120,ribena
69.5,33.2,92.4,17.2,63.7,6.0,640.0,Loam,120,ribena
88.4,46.2,104.7,18.5,68.9,5.9,750.0,Loam,120,ribena
72.1,39.5,92.0,16.8,63.4,6.2,810.0,Silty Loam,120,ribena
101.3,58.0,118.5,20.1,70.2,6.0,720.0,Loam,120,ribena
65.7,34.8,86.1,15.6,66.5,5.6,620.0,Sandy Loam,120,ribena
93.9,41.2,97.5,17.9,71.0,5.8,680.0,Loam,120,ribena
78.4,45.0,110.2,19.3,64.7,6.3,860.0,Silty Loam,120,ribena
60.2,33.1,84.9,16.2,61.9,5.5,640.0,Sandy Loam,120,ribena
105.0,60.3,122.7,21.0,74.8,6.1,900.0,Loam,120,ribena
80.5,37.9,95.0,18.8,66.3,5.7,710.0,Silty Loam,120,ribena
68.9,40.4,89.6,17.1,65.2,6.0,750.0,Loam,120,ribena
76.2,42.5,98.1,18.4,66.2,5.9,750.0,Loam,120,ribena
64.7,37.2,89.5,16.8,72.4,6.3,820.0,Sandy Loam,120,ribena
92.0,55.0,110.0,20.1,63.9,6.1,680.0,Silty Loam,120,ribena
58.5,33.8,85.2,17.5,69.1,5.7,710.0,Loam,120,ribena
101.3,46.9,120.0,21.2,64.8,6.0,640.0,Silty Loam,120,ribena
72.9,39.4,95.6,15.9,71.3,5.6,880.0,Sandy Loam,120,ribena
68.4,40.8,87.3,18.7,65.7,5.8,690.0,Loam,120,ribena
80.2,51.6,102.4,19.3,74.1,6.2,760.0,Loam,120,ribena
61.5,34.7,90.1,17.1,61.9,5.5,610.0,Sandy Loam,120,ribena
88.0,48.0,99.5,21.0,67.5,6.4,730.0,Silty Loam,120,ribena
68.4,34.5,92.1,17.3,66.8,5.9,750.0,Loam,120,ribena
82.7,41.2,110.5,19.8,68.3,6.2,830.0,Silty Loam,120,ribena
60.2,29.8,88.4,16.5,63.7,5.6,690.0,Sandy Loam,120,ribena
75.9,55.1,101.7,20.1,71.2,6.0,770.0,Loam,120,ribena
66.3,38.6,97.2,18.9,65.5,5.8,720.0,Loam,120,ribena
91.4,47.3,118.9,21.4,73.1,6.3,860.0,Silty Loam,120,ribena
63.7,32.9,85.6,15.8,62.4,5.7,640.0,Sandy Loam,120,ribena
78.2,40.4,105.3,17.9,67.0,5.9,710.0,Loam,120,ribena
70.5,36.8,95.4,18.5,69.6,6.1,760.0,Silty Loam,120,ribena
64.1,33.2,89.8,16.9,64.7,5.5,705.0,Sandy Loam,120,ribena
86.4,42.7,105.2,18.6,68.0,5.9,750.0,Loam,120,ribena
62.1,38.4,92.0,16.2,62.5,6.1,690.0,Silty Loam,120,ribena
95.0,58.3,118.7,20.4,71.0,6.3,820.0,Loam,120,ribena
72.5,33.9,88.5,17.8,65.5,5.6,640.0,Sandy Loam,120,ribena
105.2,49.7,101.3,19.9,73.0,5.8,880.0,Loam,120,ribena
68.9,44.2,97.6,15.8,66.5,6.0,710.0,Silty Loam,120,ribena
78.3,36.5,84.2,21.1,69.0,5.7,620.0,Sandy Loam,120,ribena
61.5,32.8,90.4,18.3,64.0,6.2,660.0,Loam,120,ribena
78.4,42.1,105.5,18.2,68.4,5.9,750.0,Loam,120,ribena
62.7,35.0,92.3,16.5,62.1,6.2,820.0,Sandy Loam,120,ribena
95.2,58.7,110.4,20.1,72.0,5.7,680.0,Loam,120,ribena
70.5,41.3,88.9,17.8,65.5,6.0,640.0,Silty Loam,120,ribena
85.9,49.2,96.7,19.4,71.2,6.3,710.0,Loam,120,ribena
66.2,37.5,102.1,15.9,66.4,5.8,860.0,Silty Loam,120,ribena
72.8,44.8,118.6,21.0,69.9,5.6,590.0,Sandy Loam,120,ribena
58.3,30.9,84.2,16.7,61.8,6.1,940.0,Loam,120,ribena
90.4,57.0,99.3,18.9,74.3,5.5,600.0,Silty Loam,120,ribena
74.6,40.7,87.5,17.2,63.9,6.0,730.0,Loam,120,ribena
86.4,42.7,99.2,18.5,68.0,5.9,750.0,Loam,120,ribena
74.3,35.2,110.1,17.2,65.5,6.2,820.0,Silty Loam,120,ribena
102.5,56.8,92.4,16.8,72.3,5.6,610.0,Sandy Loam,120,ribena
66.1,39.9,101.7,19.3,63.9,5.8,680.0,Loam,120,ribena
90.7,47.1,85.6,20.2,71.1,6.0,940.0,Loam,120,ribena
58.9,32.4,120.5,15.7,66.7,5.7,710.0,Silty Loam,120,ribena
78.2,41.0,87.3,18.9,69.4,6.1,630.0,Sandy Loam,120,ribena
95.6,60.2,98.9,21.1,74.0,5.5,560.0,Loam,120,ribena
68.4,38.6,105.2,17.5,61.8,5.9,770.0,Silty Loam,120,ribena
81.9,44.3,92.0,16.3,66.2,6.0,690.0,Loam,120,ribena
70.5,37.8,99.3,18.1,67.5,5.6,800.0,Sandy Loam,120,ribena
77.8,45.7,88.7,19.8,70.8,6.2,720.0,Loam,120,ribena
272.5,72.3,318.7,28.1,74.6,5.4,1250.0,Loam,120,pineapple
310.2,88.5,350.1,29.7,78.2,5.8,1105.0,Sandy Loam,120,pineapple
245.8,65.0,290.2,26.4,70.9,5.2,1320.0,Loam,120,pineapple
385.0,98.7,410.6,30.5,81.1,5.9,980.0,Red Volcanic,120,pineapple
210.4,58.3,240.9,24.6,69.4,4.9,1420.0,Red Volcanic,120,pineapple
290.1,76.5,320.4,27.9,73.2,5.6,1065.0,Sandy Loam,120,pineapple
330.7,84.2,360.0,28.8,77.5,5.7,1180.0,Loam,120,pineapple
260.9,70.1,300.3,25.7,71.8,5.1,1225.0,Sandy Loam,120,pineapple
250.5,68.2,320.7,27.4,77.1,5.3,1200.0,Loam,120,pineapple
310.0,88.0,360.0,29.1,72.5,5.8,1100.0,Sandy Loam,120,pineapple
215.3,60.4,280.9,24.6,69.8,4.9,1350.0,Loam,120,pineapple
380.2,95.1,410.5,30.2,83.0,5.6,980.0,Red Volcanic,120,pineapple
205.0,55.0,260.0,23.7,66.4,4.7,1500.0,Sandy Loam,120,pineapple
260.5,70.0,300.0,26.3,75.2,5.1,1250.0,Loam,120,pineapple
290.0,78.0,340.0,28.5,78.9,5.4,1050.0,Red Volcanic,120,pineapple
240.0,65.0,290.0,25.8,70.3,5.0,1150.0,Loam,120,pineapple
330.0,90.0,380.0,31.0,79.5,5.7,1000.0,Sandy Loam,120,pineapple
215.0,58.0,270.0,22.8,68.0,4.8,1400.0,Red Volcanic,120,pineapple
300.5,68.2,320.1,28.4,78.9,5.4,1250.0,Loam,120,pineapple
210.0,54.0,240.0,23.7,70.5,5.8,1100.0,Sandy Loam,120,pineapple
350.2,90.5,370.8,30.1,82.3,5.2,1400.0,Red Volcanic,120,pineapple
260.8,60.3,260.7,25.6,68.4,5.9,1020.0,Loam,120,pineapple
215.7,52.1,210.4,24.3,66.8,6.0,980.0,Sandy Loam,120,pineapple
410.0,95.0,410.0,31.5,85.0,4.9,1500.0,Red Volcanic,120,pineapple
280.4,70.9,300.5,27.8,75.5,5.6,1180.0,Loam,120,pineapple
195.8,58.2,230.6,22.1,67.2,5.1,1005.0,Sandy Loam,120,pineapple
325.9,80.3,340.2,29.4,77.9,5.3,1280.0,Loam,120,pineapple
238.6,65.0,280.0,26.2,72.1,5.7,1120.0,Red Volcanic,120,pineapple
254.7,72.3,311.8,28.4,77.1,5.3,1289.0,Loam,120,pineapple
210.5,63.9,289.4,26.1,70.5,5.8,1104.0,Sandy Loam,120,pineapple
375.2,95.6,402.1,29.7,82.3,5.1,1420.0,Red Volcanic,120,pineapple
198.9,58.2,214.7,23.8,68.9,4.9,980.0,Sandy Loam,120,pineapple
312.4,77.4,356.2,30.2,74.6,5.4,1335.0,Loam,120,pineapple
260.1,66.8,240.9,25.9,69.8,5.6,1012.0,Sandy Loam,120,pineapple
342.6,88.1,390.5,27.8,79.1,5.0,1250.0,Red Volcanic,120,pineapple
231.7,60.0,270.3,24.6,66.2,6.0,1068.0,Loam,120,pineapple
284.9,74.5,310.7,28.9,73.4,5.2,1175.0,Loam,120,pineapple
319.3,80.9,323.8,29.4,75.7,5.3,1360.0,Sandy Loam,120,pineapple
312.5,78.3,310.7,28.4,74.2,5.6,1200.0,Loam,120,pineapple
215.8,61.2,260.5,26.1,70.5,5.2,1105.0,Sandy Loam,120,pineapple
390.0,95.0,380.0,30.2,80.3,5.8,1420.0,Loam,120,pineapple
260.4,68.7,210.9,24.8,68.9,4.9,980.0,Red Volcanic,120,pineapple
320.1,72.4,290.3,27.9,72.1,5.4,1250.0,Red Volcanic,120,pineapple
180.0,52.0,240.0,23.7,66.5,5.0,1050.0,Sandy Loam,120,pineapple
340.2,88.6,315.5,29.5,77.8,5.7,1330.0,Loam,120,pineapple
255.5,59.1,225.4,25.6,69.4,5.1,1010.0,Sandy Loam,120,pineapple
410.0,99.0,395.0,31.1,81.0,6.0,1500.0,Loam,120,pineapple
230.6,65.5,275.2,26.8,73.2,5.3,1120.0,Red Volcanic,120,pineapple
245.3,64.7,310.2,26.4,78.1,5.3,1200.0,Loam,120,pineapple
210.5,58.9,270.0,24.1,70.5,5.8,1180.0,Sandy Loam,120,pineapple
330.2,92.4,390.6,28.7,82.9,5.1,1420.0,Red Volcanic,120,pineapple
260.0,70.0,280.0,23.6,68.2,4.9,1105.0,Loam,120,pineapple
280.8,65.2,320.1,25.5,75.0,5.6,1250.0,Sandy Loam,120,pineapple
310.5,74.3,360.4,27.2,77.8,5.4,1320.0,Loam,120,pineapple
215.7,60.5,250.3,23.0,66.7,6.0,1050.0,Red Volcanic,120,pineapple
395.0,99.0,405.0,31.0,84.0,4.7,1500.0,Loam,120,pineapple
225.6,52.8,210.9,22.9,69.4,5.2,980.0,Sandy Loam,120,pineapple
260.0,86.0,350.0,29.3,80.2,5.0,1400.0,Red Volcanic,120,pineapple
258.7,72.4,312.1,28.3,79.5,5.6,1320.0,Loam,120,pineapple
323.5,91.8,289.7,26.9,74.2,5.8,1105.0,Sandy Loam,120,pineapple
210.4,66.2,245.9,24.6,70.9,5.2,1340.0,Red Volcanic,120,pineapple
402.1,99.5,389.0,30.1,82.3,6.0,1480.0,Loam,120,pineapple
275.0,58.7,210.4,23.8,68.4,4.9,1025.0,Sandy Loam,120,pineapple
310.6,74.1,319.8,27.2,77.1,5.7,1198.0,Red Volcanic,120,pineapple
242.9,80.6,260.3,25.5,71.8,5.4,1050.0,Loam,120,pineapple
291.3,65.9,278.5,26.4,69.6,5.3,980.0,Sandy Loam,120,pineapple
355.8,88.3,360.7,29.7,83.0,5.9,1402.0,Loam,120,pineapple
260.2,72.0,300.1,27.6,75.3,5.5,1125.0,Red Volcanic,120,pineapple
296.7,78.4,320.5,28.1,74.2,5.6,1250.0,Red Volcanic,120,pineapple
240.3,66.1,310.0,26.4,70.5,5.8,1120.0,Sandy Loam,120,pineapple
350.9,92.7,380.2,29.5,76.9,6.1,1380.0,Loam,120,pineapple
210.5,58.3,260.7,23.8,68.9,5.2,1010.0,Sandy Loam,120,pineapple
310.0,72.0,345.4,27.2,72.1,5.9,1290.0,Red Volcanic,120,pineapple
260.4,60.5,290.8,25.6,66.5,5.4,1050.0,Loam,120,pineapple
320.7,84.0,360.9,28.8,78.3,6.0,1220.0,Red Volcanic,120,pineapple
280.1,70.2,315.0,27.0,71.0,5.7,1105.0,Sandy Loam,120,pineapple
235.9,59.8,272.3,24.3,69.4,5.5,980.0,Loam,120,pineapple
325.0,81.5,355.1,28.9,75.6,5.6,1350.0,Red Volcanic,120,pineapple
255.4,72.1,310.6,28.3,78.2,5.4,1320.0,Loam,120,pineapple
312.7,61.5,289.8,26.7,73.8,5.8,1185.0,Sandy Loam,120,pineapple
198.3,89.2,404.5,25.1,71.4,5.1,1410.0,Loam,120,pineapple
260.9,64.0,340.2,29.6,80.5,5.6,1012.0,Red Volcanic,120,pineapple
223.5,75.4,275.9,30.2,65.9,4.9,1120.0,Sandy Loam,120,pineapple
309.2,66.7,359.8,27.4,77.1,5.3,1255.0,Loam,120,pineapple
241.8,58.3,305.1,24.8,69.2,5.0,980.0,Red Volcanic,120,pineapple
280.4,72.9,390.6,27.9,74.0,5.5,1500.0,Loam,120,pineapple
210.6,55.7,260.4,23.9,68.6,4.8,1105.0,Sandy Loam,120,pineapple
295.0,63.2,320.1,28.6,76.9,5.7,1052.0,Red Volcanic,120,pineapple
245.6,78.4,320.2,28.1,75.3,5.6,1250.0,Loam,120,pineapple
310.2,65.8,360.7,26.4,68.9,5.2,1105.0,Sandy Loam,120,pineapple
189.4,92.1,280.3,24.7,70.5,5.9,1320.0,Loam,120,pineapple
260.0,70.0,410.0,29.5,79.1,5.4,980.0,Red Volcanic,120,pineapple
205.3,58.7,310.9,23.8,72.4,5.1,1450.0,Loam,120,pineapple
290.5,83.2,350.6,27.9,81.0,5.7,1020.0,Sandy Loam,120,pineapple
215.8,66.5,270.4,25.2,67.8,5.3,1150.0,Red Volcanic,120,pineapple
330.9,75.4,395.2,30.1,72.6,5.0,980.0,Loam,120,pineapple
250.1,60.8,290.7,22.9,66.5,5.5,1255.0,Sandy Loam,120,pineapple
198.6,54.3,265.4,23.5,69.7,4.9,1070.0,Loam,120,pineapple
272.4,80.0,330.0,28.4,78.3,5.6,1180.0,Red Volcanic,120,pineapple
210.7,62.2,300.5,26.7,71.2,5.2,990.0,Loam,120,pineapple
128.5,72.3,126.7,17.2,68.5,6.8,510.0,Loam,120,cabbage
112.4,66.8,118.9,16.5,72.1,6.5,430.0,Silty Loam,120,cabbage
145.0,84.1,132.6,18.0,75.2,6.9,590.0,Clay Loam,120,cabbage
101.2,60.5,105.3,15.8,65.4,6.4,410.0,Loam,120,cabbage
136.7,76.9,142.0,19.1,69.8,7.0,455.0,Silty Loam,120,cabbage
118.9,68.2,110.5,16.9,61.7,6.6,480.0,Loam,120,cabbage
122.3,73.4,119.7,17.7,66.2,6.7,520.0,Clay Loam,120,cabbage
107.6,61.2,101.8,15.9,63.5,6.3,440.0,Loam,120,cabbage
149.2,89.7,146.5,18.5,77.0,7.1,600.0,Silty Loam,120,cabbage
110.3,63.9,108.2,16.2,64.9,6.5,420.0,Clay Loam,120,cabbage
128.5,72.3,126.1,17.4,71.9,6.8,492.0,Loam,120,cabbage
112.0,66.5,109.8,16.2,65.4,6.5,432.0,Silty Loam,120,cabbage
145.7,89.9,149.3,19.1,74.2,6.9,587.0,Loam,120,cabbage
101.4,62.7,101.2,15.8,66.7,6.3,410.0,Clay Loam,120,cabbage
118.9,70.1,120.5,16.9,68.5,6.6,455.0,Silty Loam,120,cabbage
132.6,78.4,130.0,17.8,72.3,6.7,498.0,Loam,120,cabbage
107.2,64.3,103.9,15.5,61.8,6.4,420.0,Clay Loam,120,cabbage
139.5,85.6,142.7,18.3,75.1,7.0,565.0,Loam,120,cabbage
130.5,72.8,128.0,17.2,68.5,6.8,510.0,Loam,120,cabbage
112.0,66.0,110.0,16.4,72.1,6.5,420.0,Silty Loam,120,cabbage
145.3,85.2,140.5,18.6,65.8,6.9,580.0,Clay Loam,120,cabbage
101.7,62.5,105.0,15.8,69.7,6.6,390.0,Loam,120,cabbage
118.4,74.3,115.7,16.9,75.2,7.1,450.0,Silty Loam,120,cabbage
132.9,68.9,122.3,17.5,61.4,6.7,520.0,Loam,120,cabbage
106.7,60.8,102.4,15.6,66.9,6.4,410.0,Clay Loam,120,cabbage
149.2,89.7,150.0,19.1,78.0,6.9,600.0,Loam,120,cabbage
115.6,70.1,108.6,16.2,63.2,6.3,430.0,Silty Loam,120,cabbage
128.0,64.4,118.0,17.0,71.3,6.8,470.0,Loam,120,cabbage
132.5,72.3,128.9,17.4,72.1,6.8,512.0,Loam,120,cabbage
118.7,66.2,115.5,16.1,65.4,6.5,430.0,Silty Loam,120,cabbage
145.0,88.0,150.0,19.2,78.6,6.9,520.0,Clay Loam,120,cabbage
110.4,61.8,102.3,15.6,66.9,6.4,410.0,Loam,120,cabbage
128.9,74.5,135.2,18.0,71.3,6.6,495.0,Silty Loam,120,cabbage
122.3,69.9,118.4,17.8,69.7,6.7,455.0,Loam,120,cabbage
135.6,80.1,142.7,18.6,75.2,6.8,475.0,Loam,120,cabbage
101.2,63.5,109.9,16.4,62.8,6.3,410.0,Clay Loam,120,cabbage
149.3,90.0,149.5,19.9,79.1,6.9,560.0,Loam,120,cabbage
113.8,65.4,112.0,15.9,68.5,6.5,445.0,Silty Loam,120,cabbage
125.4,72.8,128.6,17.2,68.5,6.8,520.0,Loam,120,cabbage
108.9,66.3,112.4,16.5,73.1,6.4,465.0,Silty Loam,120,cabbage
142.0,81.2,149.5,18.7,65.9,6.9,510.0,Clay Loam,120,cabbage
115.3,70.0,105.7,15.8,62.4,6.5,420.0,Loam,120,cabbage
98.7,60.9,101.4,15.2,60.7,6.3,395.0,Silty Loam,120,cabbage
130.6,88.4,125.1,19.1,75.2,7.0,540.0,Loam,120,cabbage
152.3,92.1,142.8,17.9,63.8,6.8,610.0,Clay Loam,120,cabbage
110.5,65.7,108.9,16.2,66.3,6.6,440.0,Loam,120,cabbage
123.8,71.5,117.3,18.3,69.7,6.7,480.0,Silty Loam,120,cabbage
105.2,68.0,109.6,16.9,71.4,6.4,455.0,Loam,120,cabbage
128.5,72.3,128.9,17.4,68.2,6.8,510.0,Loam,120,cabbage
112.0,66.5,110.2,16.1,65.0,6.5,420.0,Silty Loam,120,cabbage
145.0,88.0,149.0,19.2,72.5,6.9,585.0,Loam,120,cabbage
102.5,61.0,105.5,15.8,66.7,6.4,410.0,Clay Loam,120,cabbage
118.7,73.2,120.4,17.0,71.3,6.7,455.0,Silty Loam,120,cabbage
130.0,80.5,135.0,18.9,64.8,6.6,520.0,Loam,120,cabbage
99.0,62.0,101.0,15.5,60.5,6.3,395.0,Clay Loam,120,cabbage
150.0,89.0,150.0,20.0,78.0,7.1,600.0,Silty Loam,120,cabbage
106.5,68.0,112.0,16.8,67.6,6.5,430.0,Loam,120,cabbage
115.0,70.0,118.0,17.3,63.9,6.6,470.0,Silty Loam,120,cabbage
125.4,72.1,125.8,17.2,68.5,6.8,510.0,Loam,120,cabbage
112.7,66.9,118.3,16.4,63.2,6.5,430.0,Silty Loam,120,cabbage
138.2,84.5,142.9,18.1,72.0,6.9,560.0,Clay Loam,120,cabbage
102.5,60.7,106.4,15.9,65.1,6.3,420.0,Loam,120,cabbage
126.0,78.3,132.0,17.8,69.9,6.7,490.0,Silty Loam,120,cabbage
115.3,62.4,119.7,16.7,66.0,6.6,405.0,Loam,120,cabbage
129.8,71.2,121.5,16.3,67.4,6.4,460.0,Clay Loam,120,cabbage
118.9,65.0,110.8,15.5,61.8,6.2,415.0,Loam,120,cabbage
140.5,88.6,149.2,19.0,74.5,6.9,540.0,Silty Loam,120,cabbage
110.2,70.1,112.3,17.0,60.5,6.5,480.0,Loam,120,cabbage
125.7,74.2,128.5,17.3,71.4,6.8,482.0,Loam,120,cabbage
110.5,88.1,115.9,16.7,62.3,6.5,510.0,Silty Loam,120,cabbage
135.2,66.4,142.0,18.6,75.9,6.9,438.0,Loam,120,cabbage
102.8,79.5,106.7,15.8,66.2,6.4,392.0,Clay Loam,120,cabbage
118.9,92.0,125.3,19.1,68.0,6.7,559.0,Silty Loam,120,cabbage
144.3,70.8,150.6,17.9,73.5,6.3,481.0,Loam,120,cabbage
106.4,65.9,102.8,16.2,64.5,6.6,412.0,Clay Loam,120,cabbage
129.1,82.3,118.7,18.4,77.1,6.9,520.0,Silty Loam,120,cabbage
118.7,74.6,111.5,15.3,69.8,6.5,396.0,Loam,120,cabbage
111.9,80.2,109.4,16.9,65.7,6.6,447.0,Silty Loam,120,cabbage
120.5,70.2,130.0,17.4,72.8,6.8,480.0,Loam,120,cabbage
135.0,75.0,140.0,16.2,65.3,6.5,520.0,Silty Loam,120,cabbage
110.8,66.5,118.0,18.1,68.9,6.9,410.0,Clay Loam,120,cabbage
125.3,82.1,150.0,15.6,74.4,6.7,490.0,Loam,120,cabbage
112.0,70.0,110.0,17.9,63.5,6.4,430.0,Silty Loam,120,cabbage
118.6,66.8,125.0,19.0,71.2,6.6,450.0,Loam,120,cabbage
102.4,60.7,105.0,16.8,64.8,6.3,395.0,Clay Loam,120,cabbage
130.2,88.5,135.0,15.9,78.0,6.2,510.0,Loam,120,cabbage
115.7,72.3,122.0,17.0,69.5,6.8,460.0,Silty Loam,120,cabbage
128.9,77.4,138.0,18.3,66.7,6.5,495.0,Loam,120,cabbage
128.5,72.3,125.7,17.2,68.4,6.8,520.1,Loam,120,cabbage
112.9,66.7,110.4,16.8,65.2,6.5,430.6,Silty Loam,120,cabbage
145.0,80.2,138.9,18.5,72.1,6.9,510.0,Clay Loam,120,cabbage
101.4,60.5,102.3,15.7,63.9,6.4,395.2,Loam,120,cabbage
119.8,68.9,118.7,16.2,66.7,6.6,480.8,Silty Loam,120,cabbage
132.3,72.1,119.5,17.0,69.9,6.7,455.3,Loam,120,cabbage
97.6,64.4,104.8,15.9,61.5,6.3,410.0,Clay Loam,120,cabbage
103.2,66.0,105.6,16.5,64.1,6.5,420.7,Loam,120,cabbage
140.9,78.3,132.1,18.1,71.2,6.8,530.9,Silty Loam,120,cabbage
110.5,70.7,109.2,16.3,66.0,6.6,450.3,Loam,120,cabbage
118.0,67.5,116.0,17.4,67.8,6.7,470.0,Clay Loam,120,cabbage
106.7,65.2,107.9,15.5,62.8,6.4,405.6,Loam,120,cabbage
105.3,62.1,86.4,18.2,66.5,6.6,421.0,Loam,120,onions
92.7,54.3,78.9,15.8,64.2,6.4,392.0,Silty Loam,120,onions
118.6,69.5,97.2,20.5,68.1,6.8,480.0,Loam,120,onions
88.9,46.8,65.4,14.7,61.8,6.2,360.0,Sandy Loam,120,onions
102.4,58.9,74.1,17.6,63.9,6.5,410.0,Loam,120,onions
110.2,63.0,89.7,19.9,67.2,6.7,435.0,Silty Loam,120,onions
95.5,52.7,70.3,16.3,62.5,6.3,375.0,Sandy Loam,120,onions
107.8,66.1,84.5,21.2,69.0,6.6,455.0,Loam,120,onions
84.6,49.4,71.2,13.9,60.7,6.1,338.0,Sandy Loam,120,onions
113.1,72.0,92.8,22.4,71.3,6.9,492.0,Loam,120,onions
92.5,52.0,79.0,18.2,66.5,6.8,432.0,Loam,120,onions
105.3,61.4,88.7,16.5,63.2,6.5,510.0,Silty Loam,120,onions
82.0,46.0,67.0,14.8,71.0,6.3,380.0,Sandy Loam,120,onions
98.7,58.2,92.5,20.1,64.8,6.6,420.0,Loam,120,onions
110.4,70.9,101.2,17.6,60.9,6.9,365.0,Loam,120,onions
86.2,49.7,74.3,15.4,68.3,6.4,398.0,Silty Loam,120,onions
95.0,54.0,80.0,19.2,62.7,6.7,455.0,Loam,120,onions
78.9,41.5,69.8,13.9,72.1,6.2,360.0,Sandy Loam,120,onions
102.3,62.8,86.1,21.0,65.5,6.5,520.0,Loam,120,onions
89.7,55.3,75.6,18.7,61.8,6.6,395.0,Silty Loam,120,onions
92.5,56.3,82.1,18.2,66.4,6.6,420.0,Loam,120,onions
105.0,61.0,90.5,16.8,63.2,6.8,360.0,Silty Loam,120,onions
78.4,45.7,65.9,14.9,68.1,6.3,510.0,Sandy Loam,120,onions
110.2,72.4,98.0,20.5,61.7,6.5,410.0,Loam,120,onions
88.9,50.2,75.0,15.6,64.9,6.7,330.0,Loam,120,onions
97.6,58.9,83.4,17.3,69.2,6.4,470.0,Silty Loam,120,onions
82.1,52.6,70.8,13.9,62.5,6.2,355.0,Sandy Loam,120,onions
101.3,66.1,92.7,19.8,65.0,6.6,438.0,Loam,120,onions
86.7,49.5,78.3,12.7,67.8,6.1,396.0,Silty Loam,120,onions
93.4,57.8,86.2,21.1,60.9,6.9,365.0,Loam,120,onions
96.5,62.3,87.1,18.4,65.2,6.5,420.0,Loam,120,onions
105.7,58.9,92.4,16.1,63.8,6.7,480.0,Sandy Loam,120,onions
84.2,70.5,75.0,14.8,68.9,6.2,360.0,Silty Loam,120,onions
118.3,64.1,101.6,20.5,61.4,6.8,520.0,Loam,120,onions
92.4,44.7,66.2,15.9,66.3,6.3,410.0,Sandy Loam,120,onions
110.6,52.8,95.7,19.3,64.1,6.6,365.0,Loam,120,onions
88.9,78.4,81.5,17.2,62.9,6.4,385.0,Silty Loam,120,onions
99.3,60.0,90.2,13.9,67.5,6.1,355.0,Loam,120,onions
102.1,66.9,88.3,21.0,60.7,6.5,515.0,Sandy Loam,120,onions
86.7,54.2,72.8,12.5,69.1,6.2,440.0,Silty Loam,120,onions
92.4,56.7,84.3,17.6,65.2,6.5,420.0,Loam,120,onions
105.1,68.2,92.7,20.4,63.8,6.8,412.0,Sandy Loam,120,onions
87.9,41.5,66.2,15.2,66.9,6.2,378.0,Silty Loam,120,onions
98.4,58.9,78.4,18.9,62.4,6.9,365.0,Loam,120,onions
110.7,73.1,101.5,22.1,64.8,6.7,501.0,Loam,120,onions
82.3,49.6,71.2,16.7,68.3,6.4,390.0,Sandy Loam,120,onions
95.6,60.0,87.9,19.3,61.5,6.6,430.0,Silty Loam,120,onions
78.9,52.4,64.7,14.8,67.1,6.3,365.0,Sandy Loam,120,onions
112.2,75.8,98.3,21.5,60.9,6.5,550.0,Loam,120,onions
90.5,48.3,72.6,17.0,66.4,6.4,390.0,Silty Loam,120,onions
110.5,62.0,88.0,18.2,65.3,6.5,420.0,Loam,120,onions
95.0,58.0,72.5,16.4,63.1,6.8,410.0,Sandy Loam,120,onions
125.0,70.0,94.0,20.1,66.7,6.4,480.0,Loam,120,onions
88.0,52.0,68.0,14.9,58.9,6.2,360.0,Silty Loam,120,onions
102.5,60.0,75.0,17.6,61.4,6.7,390.0,Loam,120,onions
118.0,65.0,86.0,19.3,67.2,6.3,520.0,Loam,120,onions
92.0,54.0,70.0,15.8,60.5,6.6,370.0,Sandy Loam,120,onions
107.0,68.0,80.0,21.4,69.1,6.1,455.0,Silty Loam,120,onions
102.5,58.3,86.7,18.4,66.2,6.6,462.1,Loam,120,onions
92.8,49.1,74.5,15.2,63.8,6.5,390.4,Sandy Loam,120,onions
115.0,68.0,98.0,21.7,69.1,6.9,512.0,Loam,120,onions
87.4,54.6,66.2,13.9,61.5,6.4,365.8,Silty Loam,120,onions
99.1,60.0,82.3,17.3,64.7,6.7,402.5,Loam,120,onions
105.7,72.4,91.5,19.8,65.9,6.8,480.2,Silty Loam,120,onions
110.2,55.9,88.1,16.6,67.0,6.5,445.7,Loam,120,onions
84.0,46.8,70.2,14.5,62.3,6.3,360.9,Sandy Loam,120,onions
120.0,80.0,100.0,23.1,71.2,6.9,550.0,Loam,120,onions
97.6,52.3,75.6,18.9,60.8,6.6,410.3,Silty Loam,120,onions
95.2,62.5,88.0,18.7,65.3,6.6,420.0,Loam,120,onions
104.5,58.1,92.6,15.2,66.7,6.4,480.0,Sandy Loam,120,onions
86.3,70.0,75.4,20.9,62.8,6.8,360.0,Loam,120,onions
112.0,61.2,99.1,17.3,68.5,6.2,520.0,Silty Loam,120,onions
90.8,52.9,85.0,14.8,64.1,6.9,410.0,Loam,120,onions
78.4,60.0,70.6,16.5,63.7,6.5,375.0,Sandy Loam,120,onions
98.7,77.3,93.2,21.1,69.2,6.3,490.0,Loam,120,onions
87.6,49.8,66.5,13.9,61.2,6.7,355.0,Silty Loam,120,onions
102.4,66.7,97.3,19.4,67.5,6.4,540.0,Loam,120,onions
91.5,54.2,81.0,18.0,65.9,6.6,395.0,Sandy Loam,120,onions
96.8,65.4,88.2,18.5,65.1,6.7,420.0,Loam,120,onions
102.3,58.9,103.5,15.2,62.3,6.3,510.0,Sandy Loam,120,onions
88.7,45.2,72.9,20.1,68.4,6.5,370.0,Silty Loam,120,onions
110.5,70.1,95.3,17.8,63.7,6.9,460.0,Loam,120,onions
82.4,59.6,83.1,16.4,66.2,6.4,390.0,Loam,120,onions
97.9,66.8,101.2,19.6,61.9,6.8,430.0,Sandy Loam,120,onions
105.2,52.3,76.4,13.9,64.8,6.2,355.0,Silty Loam,120,onions
91.6,61.4,89.7,21.3,69.1,6.6,500.0,Loam,120,onions
99.0,74.1,92.6,18.7,60.7,6.5,440.0,Sandy Loam,120,onions
86.7,53.9,78.5,14.8,65.4,6.3,365.0,Loam,120,onions
92.0,52.0,78.0,18.5,66.0,6.6,420.0,Loam,120,onions
110.0,68.0,84.0,16.2,64.0,6.8,480.0,Silty Loam,120,onions
85.0,45.0,70.0,20.1,62.0,6.4,390.0,Sandy Loam,120,onions
98.0,58.0,92.0,15.7,67.0,6.9,510.0,Loam,120,onions
105.0,62.0,88.0,17.3,65.0,6.5,360.0,Silty Loam,120,onions
120.0,75.0,95.0,13.8,61.0,6.2,435.0,Loam,120,onions
88.0,50.0,66.0,19.4,69.0,6.7,365.0,Sandy Loam,120,onions
97.0,60.0,79.0,21.0,63.0,6.3,520.0,Loam,120,onions
102.0,72.0,101.0,14.6,60.0,6.6,355.0,Silty Loam,120,onions
94.0,55.0,73.0,18.9,68.0,6.5,410.0,Loam,120,onions
108.0,66.0,85.0,16.8,64.0,6.4,470.0,Sandy Loam,120,onions
86.0,49.0,71.0,22.3,65.0,6.7,365.0,Silty Loam,120,onions
135.2,68.5,210.0,24.3,72.1,6.8,820.0,Loam,120,tomato
110.0,60.0,190.0,22.5,65.0,6.5,700.0,Sandy Loam,120,tomato
152.5,75.0,230.0,25.8,78.2,6.9,910.0,Red Volcanic,120,tomato
98.0,58.0,168.0,21.4,62.5,6.4,650.0,Clay Loam,120,tomato
180.0,90.0,240.0,26.1,75.0,6.7,980.0,Loam,120,tomato
125.0,65.0,180.0,23.0,66.8,6.3,720.0,Sandy Loam,120,tomato
140.0,72.0,200.0,24.7,69.2,6.6,800.0,Red Volcanic,120,tomato
105.0,55.0,165.0,22.2,64.0,6.2,660.0,Clay Loam,120,tomato
160.0,80.0,220.0,25.0,73.0,6.8,845.0,Loam,120,tomato
115.5,60.5,178.0,23.8,68.0,6.5,710.0,Sandy Loam,120,tomato
135.4,72.1,196.7,23.8,74.2,6.6,830.0,Loam,120,tomato
112.9,58.4,182.3,21.5,65.7,6.4,720.0,Sandy Loam,120,tomato
157.2,89.6,210.5,25.1,78.6,6.8,910.0,Red Volcanic,120,tomato
102.5,64.2,168.9,22.3,66.1,6.2,620.0,Clay Loam,120,tomato
128.7,70.9,190.4,24.7,71.4,6.5,850.0,Loam,120,tomato
145.3,75.0,205.8,23.0,69.0,6.7,780.0,Sandy Loam,120,tomato
110.6,59.5,160.2,20.9,62.8,6.3,660.0,Red Volcanic,120,tomato
132.8,83.1,198.9,26.4,77.2,6.6,950.0,Clay Loam,120,tomato
118.4,61.7,172.3,21.9,63.5,6.4,700.0,Loam,120,tomato
149.7,78.4,214.6,24.3,75.9,6.9,880.0,Red Volcanic,120,tomato
128.5,68.2,210.7,23.4,72.1,6.5,820.0,Loam,120,tomato
110.0,60.0,180.0,22.1,65.4,6.8,720.0,Sandy Loam,120,tomato
150.3,90.8,230.5,25.0,75.9,6.4,910.0,Red Volcanic,120,tomato
105.7,55.2,165.4,21.8,66.7,6.9,640.0,Clay Loam,120,tomato
135.6,70.5,200.9,24.3,70.2,6.6,780.0,Loam,120,tomato
120.2,58.9,190.3,23.0,68.5,6.7,650.0,Sandy Loam,120,tomato
145.0,85.0,225.0,26.1,77.3,6.3,880.0,Red Volcanic,120,tomato
112.5,62.3,170.2,22.8,64.9,6.5,700.0,Clay Loam,120,tomato
130.8,72.1,210.0,23.9,71.5,6.6,760.0,Loam,120,tomato
118.4,66.7,185.5,21.5,63.8,6.7,690.0,Sandy Loam,120,tomato
145.3,68.7,198.4,23.5,72.1,6.6,780.0,Loam,120,tomato
112.4,56.9,171.8,22.1,65.4,6.9,630.0,Sandy Loam,120,tomato
180.2,93.5,210.9,25.7,74.8,6.4,860.0,Red Volcanic,120,tomato
131.8,62.3,160.5,21.9,68.2,6.8,720.0,Clay Loam,120,tomato
156.0,74.1,190.2,24.3,77.5,6.5,940.0,Loam,120,tomato
101.7,58.6,162.7,20.9,63.8,6.4,610.0,Sandy Loam,120,tomato
168.4,82.7,229.1,26.2,78.6,6.7,980.0,Red Volcanic,120,tomato
122.9,60.5,150.8,22.8,66.9,6.3,640.0,Clay Loam,120,tomato
139.6,69.9,185.4,23.7,71.4,6.6,710.0,Loam,120,tomato
149.2,64.8,178.6,24.9,69.1,6.7,750.0,Sandy Loam,120,tomato
140.5,72.3,196.8,23.4,68.2,6.6,820.0,Loam,120,tomato
110.2,58.7,168.4,22.1,63.5,6.3,715.0,Sandy Loam,120,tomato
165.0,90.1,210.0,25.6,74.0,6.8,950.0,Red Volcanic,120,tomato
130.0,65.0,180.0,21.9,66.8,6.5,640.0,Clay Loam,120,tomato
150.8,78.2,190.5,24.3,70.1,6.4,860.0,Loam,120,tomato
125.0,60.5,175.0,22.8,65.4,6.2,700.0,Sandy Loam,120,tomato
180.0,95.0,230.0,26.5,75.6,6.9,990.0,Red Volcanic,120,tomato
135.6,68.9,185.2,23.0,67.2,6.45,720.0,Clay Loam,120,tomato
120.0,55.0,160.0,21.5,62.3,6.1,610.0,Loam,120,tomato
155.0,82.0,205.0,24.9,72.0,6.6,890.0,Loam,120,tomato
132.5,66.8,198.2,23.1,72.0,6.6,820.0,Loam,120,tomato
110.3,58.9,172.4,21.5,65.5,6.4,710.0,Sandy Loam,120,tomato
149.6,92.1,234.7,25.8,78.2,6.8,940.0,Red Volcanic,120,tomato
105.0,53.4,161.3,22.0,62.4,6.2,650.0,Clay Loam,120,tomato
118.9,60.2,180.5,24.2,69.8,6.5,780.0,Loam,120,tomato
135.7,77.6,205.9,26.1,71.3,6.7,860.0,Sandy Loam,120,tomato
102.4,54.9,158.2,20.9,66.1,6.3,610.0,Clay Loam,120,tomato
168.3,99.5,247.0,27.0,74.7,6.9,990.0,Red Volcanic,120,tomato
120.0,64.0,170.0,23.8,68.6,6.4,720.0,Loam,120,tomato
112.7,57.2,165.8,21.9,63.5,6.1,640.0,Clay Loam,120,tomato
135.7,72.4,189.1,23.5,72.8,6.6,832.0,Loam,120,tomato
112.3,65.0,171.4,21.9,65.2,6.4,756.0,Sandy Loam,120,tomato
180.2,98.6,241.5,25.1,78.3,6.9,910.0,Red Volcanic,120,tomato
101.8,54.7,162.3,20.7,62.5,6.2,640.0,Clay Loam,120,tomato
149.5,77.2,208.9,26.3,68.9,6.5,860.0,Loam,120,tomato
125.0,60.0,180.0,22.5,66.1,6.3,720.0,Sandy Loam,120,tomato
162.4,82.1,230.6,24.8,74.0,6.7,980.0,Red Volcanic,120,tomato
110.9,58.3,165.7,21.2,63.9,6.1,690.0,Clay Loam,120,tomato
136.6,70.5,195.3,23.0,71.2,6.4,750.0,Loam,120,tomato
118.2,63.8,173.2,22.1,67.6,6.2,710.0,Sandy Loam,120,tomato
132.4,68.7,198.2,23.5,72.1,6.5,850.0,Loam,120,tomato
115.6,62.3,172.8,25.1,66.4,6.8,920.0,Sandy Loam,120,tomato
149.2,75.0,210.5,21.9,71.2,6.3,740.0,Red Volcanic,120,tomato
102.3,58.9,186.7,22.7,63.9,6.2,610.0,Clay Loam,120,tomato
178.9,88.4,245.1,26.3,78.5,6.9,980.0,Loam,120,tomato
125.0,60.6,160.2,24.0,65.2,6.4,700.0,Sandy Loam,120,tomato
110.5,70.2,180.0,23.0,68.9,6.6,810.0,Red Volcanic,120,tomato
135.7,66.8,195.3,22.4,70.0,6.5,650.0,Clay Loam,120,tomato
160.2,74.1,220.7,27.0,75.4,6.7,940.0,Loam,120,tomato
118.9,59.5,170.4,24.8,69.5,6.1,720.0,Sandy Loam,120,tomato
145.3,62.7,198.5,23.4,72.1,6.5,820.0,Loam,120,tomato
132.8,58.2,183.4,21.7,66.5,6.8,710.0,Sandy Loam,120,tomato
180.9,76.4,210.1,25.2,74.9,6.3,940.0,Red Volcanic,120,tomato
110.5,51.9,165.6,22.1,63.8,6.6,610.0,Clay Loam,120,tomato
155.0,68.5,240.2,26.3,77.4,6.9,980.0,Loam,120,tomato
125.6,55.3,170.8,20.9,66.2,6.4,640.0,Sandy Loam,120,tomato
168.2,71.7,199.4,24.6,70.3,6.7,860.0,Red Volcanic,120,tomato
140.4,60.1,185.0,22.8,68.9,6.5,750.0,Clay Loam,120,tomato
125.2,52.6,160.2,21.5,61.8,6.2,690.0,Loam,120,tomato
190.6,78.9,250.0,27.0,79.3,6.1,1000.0,Red Volcanic,120,tomato
142.7,68.4,198.1,23.5,72.0,6.6,821.0,Loam,120,tomato
156.3,77.2,210.5,25.1,68.3,6.8,745.0,Sandy Loam,120,tomato
128.9,62.0,180.2,21.8,63.5,6.4,910.0,Red Volcanic,120,tomato
149.5,81.3,233.0,26.4,75.1,6.9,660.0,Clay Loam,120,tomato
134.2,54.7,168.9,22.7,69.8,6.5,820.0,Loam,120,tomato
161.0,92.5,251.0,24.9,72.6,6.7,590.0,Sandy Loam,120,tomato
118.6,58.9,155.4,20.9,66.2,6.1,960.0,Red Volcanic,120,tomato
142.0,70.2,190.0,23.3,74.4,6.6,710.0,Clay Loam,120,tomato
151.4,66.8,205.3,25.6,78.0,6.8,640.0,Loam,120,tomato
129.7,60.5,170.6,22.1,61.9,6.3,870.0,Sandy Loam,120,tomato
28.7,58.4,61.2,21.4,68.9,6.8,512.0,Loam,67,beans
22.3,66.1,54.7,19.9,65.2,6.5,460.0,Sandy Loam,66,beans
35.0,72.3,70.1,22.6,72.4,6.9,520.0,Clay Loam,67,beans
26.5,49.8,68.4,20.1,63.8,6.7,435.0,Silty Loam,66,beans
18.9,44.6,46.2,18.5,66.1,6.4,410.0,Loam,66,beans
30.4,59.2,55.9,21.0,70.5,6.6,480.0,Sandy Loam,67,beans
24.7,65.8,59.3,20.3,62.7,6.3,445.0,Clay Loam,66,beans
32.1,52.4,63.7,23.0,69.2,6.8,510.0,Silty Loam,67,beans
27.6,60.5,56.1,21.8,67.3,6.5,470.0,Loam,67,beans
25.0,53.9,50.8,19.7,64.9,6.6,420.0,Sandy Loam,66,beans
31.2,65.4,58.1,21.5,68.0,6.8,520.0,Loam,67,beans
27.4,54.2,73.8,19.8,62.5,6.6,450.0,Silty Loam,66,beans
22.6,68.0,61.3,22.1,70.0,6.9,510.0,Clay Loam,67,beans
34.8,78.5,49.7,20.3,65.2,6.5,420.0,Loam,66,beans
25.9,41.3,66.2,18.9,66.8,6.4,390.0,Sandy Loam,66,beans
28.7,58.9,75.6,23.0,72.0,7.1,560.0,Loam,67,beans
19.8,49.4,53.9,18.6,61.0,6.2,410.0,Silty Loam,66,beans
32.5,63.7,60.4,21.0,69.5,6.7,480.0,Clay Loam,67,beans
26.1,72.2,57.8,20.0,67.2,6.8,515.0,Loam,66,beans
24.3,60.1,65.9,19.4,64.0,6.5,445.0,Sandy Loam,66,beans
28.4,54.2,61.5,21.3,68.7,6.8,520.0,Loam,67,beans
32.9,62.1,70.4,19.6,72.3,6.5,410.0,Sandy Loam,66,beans
24.7,46.8,58.9,20.1,65.2,6.9,485.0,Clay Loam,66,beans
31.2,70.5,75.1,22.4,71.8,6.6,550.0,Silty Loam,67,beans
26.5,58.3,64.8,18.9,64.5,6.7,420.0,Loam,66,beans
29.8,49.7,66.2,21.7,69.1,6.4,510.0,Sandy Loam,67,beans
33.1,73.2,72.9,23.0,74.6,6.3,590.0,Clay Loam,67,beans
27.0,60.1,59.7,20.5,66.8,6.8,455.0,Silty Loam,66,beans
22.9,52.4,50.6,18.7,63.5,6.9,420.0,Loam,66,beans
34.6,65.9,78.3,21.9,70.2,6.5,470.0,Silty Loam,67,beans
28.4,62.1,54.7,21.3,68.5,6.7,510.0,Loam,67,beans
22.0,48.5,63.0,19.8,66.2,6.5,420.0,Sandy Loam,66,beans
36.2,75.0,78.4,22.5,70.0,6.9,590.0,Clay Loam,67,beans
25.5,54.0,41.8,18.9,61.5,6.3,410.0,Silty Loam,66,beans
30.1,68.2,66.3,20.2,72.3,6.8,520.0,Loam,66,beans
27.8,59.6,58.9,21.0,65.8,6.6,480.0,Sandy Loam,67,beans
24.3,45.0,52.7,19.5,63.1,6.4,430.0,Loam,66,beans
34.7,76.4,72.1,22.8,69.0,6.95,570.0,Clay Loam,67,beans
21.9,41.2,50.3,18.7,64.0,6.2,405.0,Silty Loam,66,beans
29.0,60.8,60.9,20.6,67.4,6.7,490.0,Loam,66,beans
28.5,62.0,58.0,21.7,68.4,6.8,512.0,Loam,67,beans
35.2,71.5,66.0,23.1,64.2,6.5,460.0,Silty Loam,67,beans
22.0,54.0,49.5,19.8,72.1,6.9,410.0,Sandy Loam,66,beans
30.8,79.0,73.0,22.4,66.5,6.7,520.0,Loam,67,beans
26.0,60.0,55.0,18.9,61.3,6.4,455.0,Clay Loam,66,beans
32.4,68.2,60.7,20.5,70.8,6.6,488.0,Loam,66,beans
24.6,52.0,58.0,21.2,65.9,6.5,435.0,Silty Loam,67,beans
29.0,65.0,64.0,23.0,67.4,6.8,470.0,Sandy Loam,67,beans
27.5,58.0,52.0,20.0,69.2,6.6,490.0,Clay Loam,66,beans
33.2,75.0,70.0,22.7,63.8,6.7,540.0,Loam,67,beans
28.7,62.5,57.3,21.4,68.2,6.6,512.0,Loam,67,beans
32.1,71.4,59.8,22.3,63.7,6.9,468.0,Sandy Loam,67,beans
25.4,58.2,44.7,19.8,72.4,6.5,520.0,Clay Loam,66,beans
33.6,78.9,68.1,23.1,65.3,6.8,385.0,Silty Loam,67,beans
21.9,40.5,52.6,17.9,66.8,6.2,410.0,Loam,65,beans
29.5,65.0,60.4,20.7,70.1,6.4,455.0,Sandy Loam,66,beans
27.8,66.2,58.9,21.2,67.9,6.7,492.0,Clay Loam,67,beans
34.2,75.6,73.5,23.6,61.9,6.9,410.0,Silty Loam,67,beans
24.3,49.8,46.2,18.6,74.0,6.3,435.0,Loam,66,beans
26.7,54.9,50.1,19.9,69.4,6.5,490.0,Silty Loam,66,beans
28.5,58.2,60.1,21.3,68.4,6.8,510.0,Loam,67,beans
35.0,72.5,74.0,24.0,63.5,6.9,480.0,Sandy Loam,68,beans
22.1,45.0,55.0,19.5,70.2,6.5,420.0,Clay Loam,66,beans
18.5,60.0,66.0,18.8,65.0,6.2,460.0,Silty Loam,66,beans
40.0,80.0,78.5,23.2,72.1,7.1,520.0,Loam,67,beans
25.8,52.0,58.0,20.1,66.7,6.7,490.0,Sandy Loam,66,beans
30.2,68.5,62.0,22.4,64.8,6.9,410.0,Clay Loam,67,beans
27.3,60.0,70.0,21.0,69.5,6.8,530.0,Silty Loam,67,beans
21.0,46.5,50.0,19.2,71.0,6.4,445.0,Loam,66,beans
33.5,75.0,65.0,23.8,67.2,6.95,495.0,Sandy Loam,67,beans
29.5,62.0,58.0,21.3,68.2,6.8,512.0,Loam,67,beans
24.7,74.5,66.0,19.8,63.5,6.9,476.0,Silty Loam,66,beans
31.2,58.0,72.0,22.1,71.0,6.5,520.0,Clay Loam,67,beans
18.9,49.0,55.0,17.6,65.1,6.4,423.0,Sandy Loam,65,beans
27.4,66.0,61.0,20.5,69.8,6.7,448.0,Loam,66,beans
33.6,80.0,77.0,23.0,74.2,6.9,589.0,Silty Loam,67,beans
22.1,55.0,49.0,18.9,62.4,6.3,410.0,Clay Loam,66,beans
26.8,68.0,58.0,21.6,66.5,6.6,435.0,Loam,67,beans
19.5,52.0,41.0,19.0,60.3,6.2,402.0,Sandy Loam,66,beans
28.9,60.0,64.0,20.8,67.9,6.8,455.0,Clay Loam,66,beans
32.5,68.0,58.0,21.3,68.7,6.8,482.0,Loam,67,beans
28.0,54.5,72.0,19.8,65.2,6.9,512.0,Sandy Loam,66,beans
25.5,61.0,55.0,20.4,70.1,6.7,439.0,Clay Loam,66,beans
38.0,77.0,62.0,22.1,61.5,6.5,496.0,Silty Loam,67,beans
21.0,45.5,49.0,18.9,66.8,6.8,410.0,Loam,66,beans
31.5,58.0,66.0,23.0,74.3,6.9,540.0,Silty Loam,67,beans
26.0,52.5,51.0,20.2,63.7,6.6,420.0,Sandy Loam,66,beans
29.5,60.0,70.0,21.6,69.0,6.7,455.0,Loam,67,beans
34.0,69.0,60.0,22.8,66.1,6.8,470.0,Clay Loam,67,beans
23.0,50.0,54.0,19.5,67.9,6.5,430.0,Silty Loam,66,beans
28.5,62.0,67.0,21.5,68.0,6.8,520.0,Loam,67,beans
34.0,74.0,55.0,19.2,70.0,6.5,470.0,Silty Loam,66,beans
22.0,45.5,60.0,18.5,63.0,6.9,410.0,Sandy Loam,66,beans
31.5,81.0,72.5,22.1,66.0,6.4,510.0,Clay Loam,67,beans
26.0,58.0,68.0,20.0,72.0,6.7,445.0,Loam,66,beans
27.5,49.0,55.5,19.8,65.0,6.2,435.0,Silty Loam,66,beans
33.0,69.0,61.0,21.0,71.0,6.6,490.0,Loam,67,beans
24.5,60.0,72.0,20.5,67.0,6.3,455.0,Clay Loam,66,beans
29.0,50.0,66.0,18.9,64.0,6.8,420.0,Sandy Loam,66,beans
25.0,52.0,58.0,18.5,69.0,6.1,465.0,Silty Loam,66,beans
